{"type":"FeatureCollection","features":[{"type":"Feature","properties":{"name":"Indonesia","iso_a2":"ID","iso_a3":"IDN","continent":"Asia"},"geometry":{"type":"MultiPolygon","coordinates":[[[[117.704,4.163],[117.839,4.04],[117.935,4.06],[117.907,4.157],[117.704,4.163]]],[[[124.451,-9.18],[124.31,-9.489],[123.992,-9.348],[123.689,-9.611],[123.576,-10.014],[123.749,-10.098],[123.547,-10.187],[123.515,-10.335],[123.826,-10.364],[124.499,-10.112],[124.971,-9.662],[125.062,-9.486],[124.975,-9.192],[125.143,-9.189],[125.162,-9.061],[125.087,-8.986],[124.948,-9.078],[124.92,-8.962],[124.451,-9.18]]],[[[117.567,4.16],[117.217,4.353],[115.821,4.344],[115.538,3.898],[115.601,3.441],[115.464,3.031],[115.242,3.042],[115.067,2.828],[115.057,2.609],[115.193,2.491],[114.779,2.247],[114.832,1.903],[114.671,1.821],[114.501,1.436],[113.91,1.443],[113.65,1.233],[112.973,1.415],[112.973,1.57],[112.471,1.568],[112.18,1.449],[112.1,1.155],[111.823,1.009],[111.198,1.075],[110.554,0.851],[109.677,1.573],[109.528,1.89],[109.645,2.083],[109.341,1.936],[108.927,1.14],[108.921,0.34],[109.301,0.011],[109.157,0.02],[109.091,-0.287],[109.171,-0.556],[109.344,-0.584],[109.273,-0.854],[109.734,-0.954],[110.03,-1.286],[110.034,-1.646],[109.904,-1.826],[110.129,-2.069],[110.263,-3.003],[110.508,-2.875],[110.662,-3.081],[111.296,-2.936],[111.584,-3.009],[111.754,-2.824],[111.905,-3.572],[112.203,-3.329],[112.618,-3.424],[113.022,-3.162],[113.037,-2.993],[113.345,-3.246],[113.62,-3.185],[113.633,-3.457],[114.108,-3.347],[114.524,-3.476],[114.625,-4.17],[115.968,-3.609],[116.265,-3.137],[116.111,-2.93],[116.244,-3.009],[116.334,-2.926],[116.31,-2.516],[116.54,-2.513],[116.603,-2.224],[116.393,-2.191],[116.448,-1.796],[116.222,-1.79],[117.024,-1.203],[117.301,-0.816],[117.615,-0.786],[117.596,-0.423],[117.475,-0.509],[117.458,-0.427],[117.476,0.058],[117.743,0.741],[118.03,0.859],[117.901,1.079],[118.384,0.805],[118.798,0.805],[119.003,0.963],[117.872,1.925],[118.064,2.367],[117.633,2.812],[117.617,3.086],[117.353,3.183],[117.447,3.435],[117.2,3.555],[117.22,3.647],[117.826,3.704],[117.404,4.136],[117.567,4.16]]],[[[140.975,-2.6],[140.735,-2.635],[140.731,-2.491],[140.105,-2.32],[139.781,-2.355],[137.794,-1.484],[137.143,-1.787],[137.226,-2.074],[136.759,-2.249],[136.404,-2.22],[135.91,-2.986],[135.322,-3.386],[134.881,-3.243],[134.861,-2.94],[134.701,-2.959],[134.623,-2.498],[134.496,-2.518],[134.464,-2.855],[134.193,-2.379],[134.087,-1.683],[134.282,-1.35],[133.977,-0.723],[133.392,-0.723],[132.709,-0.36],[132.27,-0.384],[131.884,-0.682],[131.243,-0.819],[131.254,-1.08],[131.004,-1.456],[131.206,-1.524],[131.373,-1.395],[131.822,-1.598],[132.018,-1.721],[131.928,-1.806],[132.073,-2.105],[132.348,-2.27],[132.56,-2.186],[132.699,-2.305],[133.549,-2.245],[133.94,-2.108],[133.817,-2.649],[133.735,-2.517],[133.707,-2.598],[133.173,-2.422],[132.737,-2.81],[132.202,-2.676],[132.035,-2.794],[131.997,-2.915],[132.326,-2.946],[132.692,-3.338],[132.812,-3.282],[132.932,-3.554],[132.731,-3.682],[132.908,-4.088],[133.211,-4.078],[133.456,-3.847],[133.668,-3.122],[133.882,-2.964],[133.642,-3.462],[133.959,-3.838],[134.173,-3.788],[134.315,-4.02],[134.692,-3.915],[134.658,-4.133],[135.186,-4.449],[135.971,-4.52],[137.904,-5.323],[138.11,-5.534],[138.071,-5.729],[138.172,-5.717],[138.466,-6.402],[138.822,-6.806],[138.572,-6.942],[139.159,-7.203],[138.688,-7.193],[139.093,-7.56],[138.839,-8.138],[138.914,-8.292],[139.201,-8.096],[139.357,-8.199],[139.932,-8.109],[140.977,-9.106],[140.977,-6.897],[140.849,-6.703],[140.977,-6.335],[140.975,-2.6]]],[[[123.146,-8.426],[122.91,-8.515],[122.955,-8.586],[123.146,-8.426]]],[[[128.231,-8.251],[128.193,-8.201],[128.104,-8.212],[128.104,-8.275],[128.207,-8.282],[128.231,-8.251]]],[[[129.03,-8.207],[128.89,-8.178],[128.852,-8.223],[128.993,-8.261],[129.03,-8.207]]],[[[127.742,-8.159],[127.683,-8.155],[127.689,-8.238],[127.769,-8.213],[127.742,-8.159]]],[[[117.664,-8.148],[117.494,-8.176],[117.486,-8.343],[117.664,-8.148]]],[[[131.105,-7.629],[131,-7.657],[131.044,-7.713],[131.109,-7.682],[131.105,-7.629]]],[[[130.969,-7.535],[130.859,-7.487],[130.845,-7.542],[130.969,-7.535]]],[[[131.175,-7.404],[131.027,-7.413],[131.005,-7.486],[131.096,-7.481],[131.175,-7.404]]],[[[120.961,-7.282],[120.816,-7.257],[120.816,-7.302],[120.964,-7.314],[120.961,-7.282]]],[[[120.758,-7.076],[120.621,-6.998],[120.67,-7.151],[120.758,-7.076]]],[[[138.753,-6.778],[138.666,-6.75],[138.682,-6.848],[138.753,-6.778]]],[[[134.707,-6.589],[134.628,-6.709],[134.669,-6.773],[134.738,-6.631],[134.707,-6.589]]],[[[134.608,-6.421],[134.357,-6.342],[134.512,-6.514],[134.608,-6.421]]],[[[134.841,-6.288],[134.794,-6.402],[134.838,-6.46],[134.886,-6.336],[134.841,-6.288]]],[[[134.378,-6.254],[134.126,-6.034],[134.234,-6.239],[134.378,-6.254]]],[[[109.906,-7.838],[111.171,-8.283],[111.673,-8.368],[111.792,-8.256],[112.673,-8.447],[113.198,-8.277],[113.98,-8.62],[114.303,-8.612],[114.389,-8.748],[114.626,-8.716],[114.359,-8.409],[114.467,-7.831],[114.381,-7.754],[114.016,-7.618],[113.299,-7.788],[113.133,-7.728],[112.762,-7.531],[112.823,-7.263],[112.701,-7.255],[112.604,-6.905],[112.068,-6.894],[111.493,-6.623],[111.157,-6.692],[110.925,-6.404],[110.731,-6.457],[110.572,-6.836],[110.356,-6.973],[109.493,-6.801],[108.923,-6.845],[108.606,-6.762],[108.36,-6.246],[108.094,-6.327],[107.678,-6.238],[107.354,-5.976],[107.044,-5.914],[106.994,-6.078],[106.793,-6.104],[106.257,-5.942],[106.176,-6.014],[106.053,-5.881],[105.782,-6.512],[105.644,-6.482],[105.454,-6.809],[105.364,-6.665],[105.261,-6.767],[106.537,-6.983],[106.375,-7.31],[106.523,-7.411],[107.411,-7.496],[107.865,-7.745],[108.454,-7.818],[108.873,-7.611],[109.014,-7.733],[109.906,-7.838]]],[[[123.54,-5.245],[123.559,-5.351],[123.638,-5.343],[123.624,-5.266],[123.54,-5.245]]],[[[127.235,-3.821],[127.138,-3.847],[127.173,-3.91],[127.256,-3.874],[127.235,-3.821]]],[[[127.616,-3.307],[127.564,-3.256],[127.52,-3.33],[127.603,-3.357],[127.616,-3.307]]],[[[127.772,-3.162],[127.706,-3.156],[127.679,-3.252],[127.779,-3.244],[127.772,-3.162]]],[[[127.954,-2.917],[127.854,-2.989],[127.947,-3.018],[127.994,-2.939],[127.954,-2.917]]],[[[119.847,-0.875],[119.735,-0.641],[119.328,-1.214],[119.354,-1.935],[119.134,-2.203],[119.141,-2.442],[118.757,-2.776],[118.881,-2.861],[118.764,-3.091],[118.927,-3.566],[119.298,-3.428],[119.498,-3.495],[119.627,-4.314],[119.353,-5.356],[119.724,-5.704],[120.323,-5.509],[120.459,-5.602],[120.264,-5.15],[120.444,-4.627],[120.352,-4.1],[120.422,-3.267],[120.232,-2.95],[120.585,-2.682],[120.776,-2.615],[121.067,-2.752],[121.067,-3.194],[120.87,-3.446],[121.354,-3.968],[121.628,-4.087],[121.481,-4.581],[121.554,-4.744],[122.091,-4.837],[122.108,-4.52],[122.599,-4.397],[122.769,-4.478],[122.7,-4.318],[122.9,-4.389],[122.873,-4.093],[122.675,-4.123],[122.656,-3.889],[122.201,-3.557],[122.472,-3.162],[121.312,-1.783],[121.692,-1.908],[121.799,-1.718],[122.369,-1.493],[122.812,-0.924],[123.096,-0.835],[123.311,-1.051],[123.454,-0.758],[123.076,-0.556],[122.823,-0.612],[122.912,-0.763],[122.208,-0.765],[122.105,-0.926],[121.714,-0.935],[121.66,-0.813],[121.501,-0.859],[121.073,-1.421],[120.676,-1.395],[120.5,-0.975],[120.244,-0.888],[120.089,-0.657],[120.019,-0.363],[120.023,-0.071],[120.273,0.378],[120.503,0.529],[121.119,0.411],[121.528,0.537],[121.801,0.427],[123.074,0.516],[123.239,0.325],[123.633,0.267],[124.322,0.399],[125.249,1.485],[125.18,1.667],[124.973,1.723],[124.85,1.49],[124.548,1.36],[124.594,1.196],[124.389,1.186],[123.948,0.839],[122.968,0.963],[122.849,0.818],[122.454,1.021],[121.547,1.073],[121.382,1.257],[120.821,1.31],[120.803,1.068],[120.568,0.782],[120.279,0.994],[119.794,0.25],[119.826,-0.09],[119.675,0.03],[119.639,-0.051],[119.792,-0.107],[119.847,-0.875]]],[[[100.947,1.825],[100.434,2.273],[100.203,2.71],[100.019,2.732],[99.751,3.181],[98.306,4.08],[98.276,4.425],[97.993,4.554],[97.909,4.89],[97.526,5.242],[97.268,5.155],[96.973,5.273],[96.362,5.226],[95.612,5.627],[95.197,5.546],[95.199,5.293],[95.561,4.646],[96.43,3.825],[96.884,3.682],[97.422,2.928],[97.603,2.866],[97.744,2.281],[98.76,1.764],[98.73,1.514],[99.139,0.274],[99.747,-0.03],[100.858,-1.892],[100.923,-2.333],[101.638,-3.251],[102.222,-3.643],[102.313,-3.991],[103.415,-4.869],[103.705,-4.955],[104.561,-5.928],[104.699,-5.93],[104.533,-5.56],[104.623,-5.491],[105.118,-5.782],[105.311,-5.466],[105.602,-5.81],[105.783,-5.828],[105.91,-4.943],[105.813,-4.239],[105.953,-3.834],[105.82,-3.672],[106.063,-3.267],[106.016,-2.969],[105.792,-2.862],[105.624,-2.402],[104.883,-2.285],[104.709,-2.574],[104.874,-2.08],[104.483,-1.881],[104.377,-1.032],[103.839,-1.033],[103.376,-0.727],[103.418,-0.518],[103.591,-0.425],[103.401,-0.384],[103.494,-0.118],[103.792,-0.012],[103.711,0.312],[103.362,0.536],[102.763,0.229],[103.075,0.442],[103.056,0.558],[102.877,0.726],[102.425,0.804],[102.194,1.066],[102.118,1.387],[101.779,1.644],[101.427,1.709],[101.05,2.292],[100.813,2.25],[100.947,1.825]]],[[[120.793,-9.961],[119.946,-9.288],[119.169,-9.385],[118.942,-9.526],[119.177,-9.741],[119.674,-9.8],[120.156,-10.221],[120.45,-10.31],[120.827,-10.091],[120.793,-9.961]]],[[[115.55,-8.666],[115.471,-8.724],[115.589,-8.807],[115.55,-8.666]]],[[[119.723,-8.621],[119.627,-8.714],[119.723,-8.762],[119.723,-8.621]]],[[[119.559,-8.518],[119.427,-8.488],[119.443,-8.679],[119.559,-8.518]]],[[[123.349,-8.269],[123.126,-8.259],[123.041,-8.411],[123.289,-8.404],[123.349,-8.269]]],[[[116.633,-8.275],[116.27,-8.248],[116.028,-8.445],[116.06,-8.714],[115.829,-8.792],[116.002,-8.899],[116.565,-8.896],[116.5,-8.803],[116.743,-8.392],[116.633,-8.275]]],[[[119.086,-8.132],[119.023,-8.234],[119.127,-8.22],[119.086,-8.132]]],[[[119.204,-8.611],[119.076,-8.652],[118.988,-8.309],[118.696,-8.371],[118.503,-8.248],[118.304,-8.368],[118.15,-8.134],[117.895,-8.09],[117.706,-8.23],[118.291,-8.606],[117.805,-8.72],[117.558,-8.405],[117.195,-8.358],[116.79,-8.584],[116.729,-8.963],[117.01,-9.107],[117.334,-9.059],[118.158,-8.868],[118.435,-8.645],[118.414,-8.854],[118.945,-8.841],[118.765,-8.711],[119.152,-8.742],[119.204,-8.611]]],[[[123.026,-8.289],[122.863,-8.07],[122.745,-8.207],[122.944,-8.215],[122.881,-8.286],[122.288,-8.634],[122.029,-8.431],[121.51,-8.602],[120.976,-8.337],[120.277,-8.269],[119.821,-8.547],[119.806,-8.741],[120.833,-8.817],[121.067,-8.94],[121.341,-8.918],[121.396,-8.794],[121.794,-8.884],[122.807,-8.611],[123.026,-8.289]]],[[[115.619,-8.289],[115.216,-8.059],[114.858,-8.193],[114.448,-8.122],[114.549,-8.334],[115.156,-8.662],[115.135,-8.851],[115.701,-8.419],[115.619,-8.289]]],[[[109.019,-7.758],[108.958,-7.72],[108.822,-7.679],[108.794,-7.719],[108.999,-7.773],[109.019,-7.758]]],[[[115.571,-6.905],[115.461,-6.842],[115.276,-6.835],[115.219,-6.904],[115.266,-6.983],[115.382,-6.911],[115.557,-6.94],[115.571,-6.905]]],[[[112.701,-5.726],[112.645,-5.732],[112.583,-5.794],[112.604,-5.847],[112.701,-5.849],[112.74,-5.787],[112.701,-5.726]]],[[[102.407,-5.404],[102.099,-5.335],[102.298,-5.473],[102.407,-5.404]]],[[[116.399,-3.393],[116.325,-3.533],[116.393,-3.632],[116.434,-3.41],[116.399,-3.393]]],[[[116.304,-3.718],[116.268,-3.219],[116.053,-3.479],[116.057,-4.041],[116.308,-3.879],[116.304,-3.718]]],[[[100.399,-3.183],[100.468,-3.015],[100.189,-2.791],[100.19,-2.967],[100.399,-3.183]]],[[[100.207,-2.693],[99.984,-2.485],[100.008,-2.819],[100.207,-2.693]]],[[[99.823,-2.293],[99.594,-2.015],[99.531,-2.156],[99.823,-2.293]]],[[[108.964,-1.573],[108.807,-1.565],[108.831,-1.662],[108.964,-1.573]]],[[[109.76,-1.104],[109.705,-0.984],[109.475,-0.977],[109.417,-1.254],[109.76,-1.104]]],[[[99.274,-1.635],[98.883,-0.913],[98.658,-0.963],[98.594,-1.198],[98.885,-1.679],[99.101,-1.799],[99.244,-1.779],[99.274,-1.635]]],[[[98.502,-0.46],[98.451,-0.258],[98.317,-0.535],[98.502,-0.46]]],[[[98.48,-0.158],[98.364,0.011],[98.513,-0.319],[98.48,-0.158]]],[[[103.294,0.625],[103.159,0.665],[103.171,0.514],[103.294,0.625]]],[[[103.489,0.777],[103.357,0.873],[103.416,0.657],[103.489,0.777]]],[[[103.443,1.013],[103.334,1.111],[103.315,1.062],[103.358,1.005],[103.443,1.013]]],[[[103.049,0.797],[102.489,1.133],[102.407,0.873],[102.558,0.78],[103.007,0.694],[103.049,0.797]]],[[[103.127,0.928],[102.802,1.163],[102.637,1.041],[103.086,0.841],[103.127,0.928]]],[[[104.146,1.161],[103.903,1.091],[104.049,0.984],[104.146,1.161]]],[[[104.655,1.096],[104.587,1.22],[104.232,1.093],[104.453,1.058],[104.483,0.859],[104.6,0.835],[104.655,1.096]]],[[[102.473,1.242],[102.218,1.409],[102.233,1.1],[102.4,0.928],[102.473,1.242]]],[[[102.496,1.364],[102.349,1.555],[102.004,1.586],[102.435,1.299],[102.496,1.364]]],[[[101.721,2.058],[101.441,2.065],[101.46,1.766],[101.715,1.778],[101.721,2.058]]],[[[97.329,2.148],[97.207,2.176],[97.306,2.057],[97.329,2.148]]],[[[96.48,2.415],[95.884,2.919],[95.715,2.84],[96.308,2.374],[96.48,2.415]]],[[[108.843,2.974],[108.776,2.888],[108.83,2.848],[108.89,2.888],[108.843,2.974]]],[[[105.802,2.997],[105.724,2.977],[105.696,2.885],[105.812,2.905],[105.802,2.997]]],[[[117.625,3.438],[117.542,3.429],[117.667,3.272],[117.625,3.438]]],[[[117.517,3.477],[117.268,3.593],[117.255,3.507],[117.517,3.477]]],[[[117.699,4.111],[117.595,4.064],[117.665,3.983],[117.699,4.111]]],[[[108.396,3.875],[108.225,4.245],[107.985,4.012],[108.18,3.817],[108.095,3.696],[108.175,3.652],[108.396,3.875]]],[[[95.342,5.896],[95.273,5.807],[95.338,5.779],[95.383,5.842],[95.342,5.896]]],[[[123.39,-10.591],[123.336,-10.49],[122.813,-10.778],[122.842,-10.921],[123.209,-10.813],[123.39,-10.591]]],[[[121.94,-10.43],[121.69,-10.564],[121.86,-10.604],[121.991,-10.522],[121.94,-10.43]]],[[[123.466,-10.15],[123.32,-10.268],[123.39,-10.331],[123.466,-10.15]]],[[[123.928,-8.227],[123.798,-8.18],[123.605,-8.364],[123.568,-8.248],[123.457,-8.279],[123.227,-8.526],[123.399,-8.586],[123.928,-8.227]]],[[[124.308,-8.22],[123.921,-8.461],[124.165,-8.528],[124.308,-8.22]]],[[[138.897,-8.337],[138.785,-8.159],[138.558,-8.367],[138.897,-8.337]]],[[[125.134,-8.217],[124.451,-8.149],[124.334,-8.413],[125.123,-8.352],[125.134,-8.217]]],[[[128.091,-8.131],[127.802,-8.176],[127.994,-8.252],[128.091,-8.131]]],[[[131.109,-8.131],[131.038,-8.083],[130.922,-8.198],[130.991,-8.235],[131.161,-8.152],[131.109,-8.131]]],[[[129.841,-7.878],[129.588,-7.836],[129.776,-8.055],[129.841,-7.878]]],[[[126.837,-7.726],[126.631,-7.565],[125.948,-7.678],[125.812,-8.008],[126.075,-7.884],[126.466,-7.967],[126.837,-7.726]]],[[[127.47,-7.528],[127.373,-7.506],[127.376,-7.596],[127.488,-7.579],[127.47,-7.528]]],[[[138.939,-7.542],[138.805,-7.374],[138.244,-7.456],[138.028,-7.61],[137.637,-8.389],[138.444,-8.379],[138.904,-8.076],[139.044,-7.611],[138.939,-7.542]]],[[[131.699,-7.227],[131.638,-7.109],[131.255,-7.472],[131.116,-8.001],[131.361,-7.947],[131.643,-7.599],[131.699,-7.227]]],[[[131.982,-7.189],[131.919,-7.104],[131.757,-7.11],[131.772,-7.165],[131.878,-7.164],[131.966,-7.255],[131.982,-7.189]]],[[[128.67,-7.137],[128.62,-7.063],[128.539,-7.112],[128.533,-7.151],[128.639,-7.22],[128.67,-7.137]]],[[[114.046,-6.915],[112.915,-6.892],[112.693,-7.058],[112.743,-7.161],[113.549,-7.234],[114.097,-6.983],[114.046,-6.915]]],[[[105.264,-6.528],[105.189,-6.548],[105.202,-6.623],[105.256,-6.628],[105.264,-6.528]]],[[[134.484,-6.576],[134.124,-6.172],[134.073,-6.827],[134.311,-6.859],[134.484,-6.576]]],[[[120.546,-5.938],[120.489,-5.767],[120.431,-6.194],[120.523,-6.336],[120.546,-5.938]]],[[[132.802,-5.787],[132.641,-5.643],[132.742,-5.95],[132.802,-5.787]]],[[[134.758,-6.158],[134.758,-5.671],[134.628,-5.445],[134.491,-5.448],[134.352,-5.714],[134.207,-5.729],[134.362,-5.78],[134.276,-6.084],[134.608,-6.37],[134.758,-6.158]]],[[[133.184,-5.31],[133.11,-5.311],[133.023,-5.548],[133.004,-5.647],[132.929,-5.698],[132.857,-5.989],[132.95,-5.874],[132.949,-5.794],[133.034,-5.654],[133.113,-5.596],[133.184,-5.31]]],[[[122.067,-5.215],[121.983,-5.079],[121.854,-5.102],[121.807,-5.26],[121.968,-5.468],[122.067,-5.215]]],[[[122.78,-4.917],[122.736,-4.644],[122.405,-4.738],[122.301,-5.387],[122.606,-5.413],[122.604,-5.16],[122.78,-4.917]]],[[[123.15,-5.225],[122.955,-5.15],[123.046,-4.753],[123.22,-4.817],[123.02,-4.39],[122.567,-5.507],[122.638,-5.662],[122.828,-5.676],[122.876,-5.458],[123.213,-5.302],[123.15,-5.225]]],[[[133.558,-4.232],[133.467,-4.205],[133.335,-4.109],[133.331,-4.165],[133.461,-4.244],[133.558,-4.232]]],[[[123.204,-3.993],[122.951,-4.047],[123.087,-4.234],[123.253,-4.09],[123.204,-3.993]]],[[[123.177,-3.574],[123.141,-3.539],[123.061,-3.571],[123.12,-3.629],[123.177,-3.574]]],[[[128.529,-3.533],[128.461,-3.512],[128.41,-3.543],[128.387,-3.627],[128.564,-3.592],[128.529,-3.533]]],[[[128.331,-3.512],[128.035,-3.589],[127.933,-3.763],[128.237,-3.722],[128.331,-3.512]]],[[[128.721,-3.526],[128.568,-3.528],[128.619,-3.607],[128.721,-3.526]]],[[[127.241,-3.471],[127.26,-3.371],[127.046,-3.305],[127.094,-3.201],[126.84,-3.074],[126.091,-3.112],[125.992,-3.248],[126.174,-3.602],[126.742,-3.859],[127.206,-3.66],[127.241,-3.471]]],[[[106.909,-2.93],[106.723,-2.966],[106.861,-3.029],[106.909,-2.93]]],[[[107.395,-2.869],[107.41,-2.948],[107.505,-2.855],[107.484,-2.82],[107.395,-2.869]]],[[[130.873,-3.574],[130.389,-2.994],[129.444,-2.785],[129.122,-2.958],[129.053,-2.804],[128.176,-2.857],[128.104,-3.067],[127.875,-3.209],[128.022,-3.369],[128.136,-3.075],[128.484,-3.462],[128.678,-3.432],[128.878,-3.203],[128.961,-3.356],[129.486,-3.463],[129.545,-3.298],[129.891,-3.333],[130.818,-3.869],[130.873,-3.574]]],[[[108.294,-2.848],[108.067,-2.594],[107.67,-2.561],[107.603,-3.229],[107.888,-3.087],[108.074,-3.226],[108.294,-2.848]]],[[[134.385,-2.004],[134.333,-2.083],[134.39,-2.131],[134.424,-2.046],[134.385,-2.004]]],[[[126.069,-2.384],[125.955,-1.971],[125.863,-2.087],[125.966,-2.402],[126.046,-2.474],[126.069,-2.384]]],[[[126.329,-1.819],[125.335,-1.851],[125.928,-1.931],[126.329,-1.819]]],[[[123.133,-1.765],[123.095,-1.755],[123.067,-1.892],[123.153,-1.824],[123.133,-1.765]]],[[[130.387,-1.888],[130.353,-1.68],[129.744,-1.912],[130.127,-2.067],[130.374,-2.013],[130.387,-1.888]]],[[[125.315,-1.779],[124.633,-1.631],[124.385,-1.668],[124.336,-1.888],[124.543,-2.006],[125.322,-1.864],[125.315,-1.779]]],[[[136.849,-1.765],[135.464,-1.589],[136.273,-1.909],[136.849,-1.765]]],[[[106.769,-2.56],[106.354,-2.463],[106.034,-1.576],[105.876,-1.489],[105.72,-1.524],[105.715,-1.773],[105.611,-1.54],[105.46,-1.563],[105.376,-1.822],[105.126,-2.004],[105.306,-2.135],[105.566,-2.067],[105.796,-2.172],[105.987,-2.821],[106.532,-3.106],[106.746,-3.02],[106.612,-2.87],[106.769,-2.56]]],[[[135.286,-1.477],[135.109,-1.474],[135.104,-1.518],[135.275,-1.522],[135.286,-1.477]]],[[[128.145,-1.594],[127.625,-1.329],[127.379,-1.632],[128.052,-1.714],[128.145,-1.594]]],[[[127.69,-1.214],[127.547,-1.171],[127.461,-1.236],[127.59,-1.244],[127.646,-1.271],[127.69,-1.214]]],[[[123.503,-1.264],[123.352,-1.229],[123.255,-1.377],[123.201,-1.155],[122.899,-1.184],[122.812,-1.444],[122.874,-1.585],[123.164,-1.312],[123.178,-1.622],[123.327,-1.421],[123.408,-1.516],[123.529,-1.433],[123.503,-1.264]]],[[[134.998,-1.019],[134.8,-1.028],[134.957,-1.128],[134.998,-1.019]]],[[[131.057,-1.001],[130.913,-0.894],[130.649,-0.988],[130.75,-1.223],[130.983,-1.349],[131.057,-1.001]]],[[[130.917,-0.778],[130.874,-0.765],[130.733,-0.826],[130.631,-0.806],[130.519,-0.84],[130.448,-0.819],[130.441,-0.893],[130.544,-0.914],[130.819,-0.87],[130.89,-0.833],[130.917,-0.778]]],[[[136.376,-1.094],[136.196,-1.067],[135.847,-0.696],[135.37,-0.653],[135.641,-0.882],[135.741,-0.819],[135.906,-1.189],[136.143,-1.223],[136.376,-1.094]]],[[[127.296,-0.744],[127.214,-0.615],[127.156,-0.772],[127.296,-0.744]]],[[[130.678,-0.436],[130.632,-0.411],[130.551,-0.464],[130.517,-0.518],[130.641,-0.527],[130.678,-0.436]]],[[[121.854,-0.401],[121.726,-0.483],[121.878,-0.511],[121.854,-0.401]]],[[[104.549,-0.398],[104.325,-0.365],[104.256,-0.475],[104.356,-0.662],[104.522,-0.597],[104.549,-0.398]]],[[[122.03,-0.332],[121.967,-0.315],[121.872,-0.333],[121.875,-0.395],[122.027,-0.407],[122.03,-0.332]]],[[[127.889,-0.765],[127.653,-0.707],[127.579,-0.325],[127.317,-0.34],[127.47,-0.818],[127.626,-0.752],[127.749,-0.885],[127.889,-0.765]]],[[[127.235,-0.49],[127.235,-0.252],[127.11,-0.288],[127.102,-0.438],[127.235,-0.49]]],[[[103.713,-0.27],[103.558,-0.223],[103.461,-0.334],[103.613,-0.387],[103.713,-0.27]]],[[[131.298,-0.237],[130.825,-0.004],[130.281,-0.105],[130.316,-0.26],[130.733,-0.441],[130.948,-0.367],[130.751,-0.287],[130.696,-0.079],[131.023,-0.367],[131.238,-0.389],[131.298,-0.237]]],[[[104.929,-0.237],[104.62,-0.004],[104.437,-0.181],[104.935,-0.332],[104.929,-0.237]]],[[[129.537,-0.134],[129.372,-0.037],[129.373,-0.079],[129.537,-0.134]]],[[[104.689,0.071],[104.548,0.224],[104.534,0.171],[104.606,0.092],[104.689,0.071]]],[[[127.379,0.623],[127.446,0.667],[127.445,0.727],[127.385,0.757],[127.359,0.666],[127.379,0.623]]],[[[104.284,0.708],[104.277,0.788],[104.196,0.78],[104.206,0.726],[104.284,0.708]]],[[[127.371,0.785],[127.325,0.863],[127.283,0.815],[127.313,0.757],[127.371,0.785]]],[[[104.226,0.88],[104.092,0.88],[104.188,0.799],[104.226,0.88]]],[[[97.929,0.996],[97.486,1.477],[97.35,1.545],[97.08,1.429],[97.704,0.573],[97.883,0.643],[97.929,0.996]]],[[[127.666,-0.209],[128.049,-0.713],[128.406,-0.892],[127.892,-0.017],[127.911,0.438],[128.861,0.244],[128.704,0.332],[128.684,0.542],[128.214,0.774],[128.701,1.071],[128.72,1.571],[128.187,1.374],[128.196,1.196],[127.994,1.083],[127.923,0.87],[127.796,0.799],[127.655,0.89],[128.035,1.538],[128.015,1.719],[127.852,1.825],[128.05,2.148],[127.954,2.196],[127.581,1.752],[127.406,1.23],[127.404,1.043],[127.625,0.832],[127.527,0.561],[127.714,0.277],[127.666,-0.209]]],[[[128.686,2.484],[128.467,2.594],[128.197,2.266],[128.246,2.106],[128.567,2.11],[128.686,2.484]]],[[[125.444,2.793],[125.36,2.753],[125.402,2.7],[125.444,2.793]]],[[[125.653,3.47],[125.442,3.737],[125.505,3.481],[125.653,3.47]]],[[[126.871,4.331],[126.885,4.457],[126.734,4.536],[126.792,4.241],[126.665,4.034],[126.81,4.037],[126.871,4.331]]],[[[114.369,-7.09],[114.27,-7.081],[114.392,-7.179],[114.369,-7.09]]],[[[134.728,-6.505],[134.663,-6.455],[134.624,-6.486],[134.656,-6.559],[134.728,-6.505]]],[[[123.601,-1.603],[123.545,-1.497],[123.487,-1.7],[123.601,-1.603]]],[[[98.548,0.159],[98.539,0.09],[98.689,0.071],[98.845,0.085],[98.836,0.142],[98.717,0.175],[98.548,0.159]]]]}},{"type":"Feature","properties":{"name":"Malaysia","iso_a2":"MY","iso_a3":"MYS","continent":"Asia"},"geometry":{"type":"MultiPolygon","coordinates":[[[[117.704,4.163],[117.907,4.157],[117.702,4.268],[117.704,4.163]]],[[[102.073,6.258],[101.801,5.74],[101.535,5.906],[101.105,5.638],[100.967,5.781],[101.082,6.247],[100.822,6.26],[100.713,6.493],[100.387,6.522],[100.167,6.695],[100.127,6.442],[100.376,5.811],[100.365,5.084],[100.577,4.854],[100.565,4.319],[100.776,4.087],[100.721,3.868],[101.298,3.275],[101.373,3.002],[101.286,2.85],[101.858,2.419],[103.367,1.538],[103.504,1.29],[103.681,1.442],[103.975,1.42],[104.012,1.597],[104.106,1.375],[104.277,1.367],[103.949,2.34],[103.435,2.962],[103.482,3.512],[103.339,3.758],[103.494,4.337],[103.449,4.795],[103.12,5.381],[102.316,6.19],[102.073,6.258]]],[[[115.146,4.909],[115.324,4.315],[115.113,4.382],[114.982,4.889],[114.752,4.739],[114.836,4.357],[114.675,4.044],[113.999,4.601],[113.947,4.274],[112.974,3.144],[111.53,2.761],[111.448,2.372],[111.209,2.389],[111.137,1.682],[111.007,1.555],[111.155,1.367],[110.367,1.716],[109.928,1.692],[109.645,2.083],[109.528,1.89],[109.677,1.573],[110.554,0.851],[111.198,1.075],[111.823,1.009],[112.1,1.155],[112.18,1.449],[112.471,1.568],[112.973,1.57],[112.973,1.415],[113.65,1.233],[113.91,1.443],[114.501,1.436],[114.671,1.821],[114.832,1.903],[114.779,2.247],[115.193,2.491],[115.057,2.609],[115.067,2.828],[115.242,3.042],[115.464,3.031],[115.601,3.441],[115.538,3.898],[115.821,4.344],[117.217,4.353],[117.567,4.16],[117.671,4.426],[118.005,4.232],[118.543,4.36],[118.6,4.519],[118.137,4.882],[118.357,5.039],[118.682,4.944],[119.156,5.106],[119.274,5.361],[118.411,5.796],[117.965,5.686],[117.938,5.815],[118.125,5.864],[118.017,6.061],[117.569,5.903],[117.744,6.39],[117.309,6.629],[117.144,7.004],[116.825,6.582],[116.746,7.01],[115.849,5.56],[115.585,5.616],[115.404,5.424],[115.36,5.32],[115.561,5.208],[115.557,5.067],[115.358,4.903],[115.146,4.909]]],[[[111.411,2.391],[111.382,2.523],[111.381,2.698],[111.299,2.703],[111.318,2.537],[111.308,2.452],[111.37,2.36],[111.411,2.391]]],[[[104.223,2.786],[104.186,2.885],[104.131,2.746],[104.223,2.786]]],[[[115.249,5.366],[115.189,5.345],[115.161,5.267],[115.259,5.291],[115.249,5.366]]],[[[100.31,5.451],[100.195,5.272],[100.289,5.263],[100.31,5.451]]],[[[99.901,6.364],[99.851,6.466],[99.669,6.427],[99.729,6.262],[99.901,6.364]]],[[[117.469,6.767],[117.382,6.639],[117.507,6.674],[117.469,6.767]]],[[[117.003,7.356],[116.9,7.287],[116.982,7.253],[117.003,7.356]]],[[[117.171,7.343],[117.064,7.127],[117.273,7.232],[117.171,7.343]]]]}},{"type":"Feature","properties":{"name":"Chile","iso_a2":"CL","iso_a3":"CHL","continent":"South America"},"geometry":{"type":"MultiPolygon","coordinates":[[[[-69.51,-17.507],[-69.818,-17.659],[-69.783,-17.982],[-69.97,-18.251],[-70.395,-18.338],[-70.151,-19.719],[-70.206,-20.739],[-70.059,-21.433],[-70.297,-22.918],[-70.451,-23.097],[-70.562,-23.06],[-70.6,-23.244],[-70.606,-23.511],[-70.413,-23.511],[-70.583,-24.525],[-70.445,-25.345],[-70.692,-25.691],[-70.642,-26.315],[-70.789,-26.996],[-70.96,-27.161],[-70.912,-27.622],[-71.039,-27.666],[-71.174,-28.361],[-71.522,-28.94],[-71.307,-29.421],[-71.287,-29.91],[-71.412,-29.992],[-71.383,-30.148],[-71.639,-30.252],[-71.713,-30.615],[-71.544,-32.193],[-71.412,-32.37],[-71.518,-32.873],[-71.72,-33.168],[-71.654,-33.656],[-72.027,-34.163],[-72.231,-35.116],[-72.647,-35.567],[-72.598,-35.81],[-72.78,-35.953],[-73.002,-36.714],[-73.16,-36.735],[-73.209,-37.16],[-73.608,-37.155],[-73.672,-37.363],[-73.668,-37.719],[-73.463,-38.092],[-73.543,-38.421],[-73.221,-39.342],[-73.402,-39.804],[-73.683,-39.942],[-73.728,-40.544],[-73.947,-40.973],[-73.854,-41.422],[-73.515,-41.804],[-73.201,-41.785],[-73.059,-41.697],[-73.112,-41.586],[-72.854,-41.497],[-72.645,-41.723],[-72.864,-41.906],[-72.816,-41.979],[-72.463,-41.985],[-72.476,-42.308],[-72.62,-42.185],[-72.81,-42.243],[-72.68,-42.504],[-72.865,-42.621],[-72.761,-43.009],[-73.085,-43.316],[-72.979,-43.761],[-73.278,-44.11],[-72.687,-44.488],[-72.728,-44.759],[-73.348,-44.958],[-73.304,-45.145],[-73.461,-45.266],[-73.257,-45.248],[-72.859,-45.464],[-73.209,-45.302],[-73.517,-45.46],[-73.575,-45.723],[-73.49,-45.727],[-73.661,-45.976],[-73.58,-46.31],[-73.832,-46.578],[-73.989,-46.56],[-73.77,-46.235],[-73.986,-46.154],[-74.189,-45.794],[-74.447,-45.808],[-74.507,-45.927],[-74.691,-45.842],[-74.958,-46.215],[-75.705,-46.639],[-75.552,-46.948],[-75.353,-46.901],[-75.437,-46.65],[-75.083,-46.641],[-74.681,-46.884],[-74.651,-46.788],[-74.267,-46.782],[-73.958,-47.06],[-74.529,-47.422],[-74.304,-47.678],[-74.612,-47.568],[-74.736,-47.704],[-73.578,-47.8],[-73.655,-47.932],[-73.482,-48.123],[-74.625,-48.004],[-73.995,-48.414],[-74.053,-48.55],[-74.197,-48.473],[-74.392,-48.599],[-74.424,-49.371],[-74.215,-49.523],[-74.036,-49.145],[-74.123,-49.423],[-73.915,-49.51],[-74.322,-49.632],[-74.325,-49.871],[-73.954,-50.026],[-74.266,-49.932],[-74.365,-49.99],[-74.251,-50.081],[-74.683,-50.209],[-74.129,-50.423],[-74.297,-50.481],[-74.043,-50.822],[-73.811,-50.742],[-73.725,-50.559],[-73.635,-50.618],[-73.874,-50.889],[-74.256,-50.939],[-74.129,-51.188],[-73.718,-51.288],[-73.934,-51.399],[-73.904,-51.612],[-73.493,-51.855],[-73.65,-51.828],[-73.54,-52.055],[-73.316,-52.166],[-72.919,-51.859],[-72.977,-51.769],[-72.578,-51.796],[-72.794,-51.596],[-72.712,-51.582],[-72.453,-51.913],[-72.67,-51.961],[-72.476,-52.187],[-72.632,-52.407],[-72.536,-52.196],[-72.803,-51.937],[-73.334,-52.219],[-73.699,-52.026],[-73.563,-52.323],[-73.666,-52.424],[-73.531,-52.457],[-73.688,-52.598],[-73.628,-52.745],[-73.269,-52.674],[-73.296,-52.783],[-73.541,-52.78],[-73.289,-52.902],[-73.392,-52.982],[-73.327,-53.071],[-73.116,-53.097],[-72.954,-53.024],[-73.005,-52.833],[-72.68,-52.662],[-72.904,-52.63],[-72.848,-52.503],[-72.414,-52.649],[-72.328,-52.525],[-71.572,-52.561],[-71.478,-52.646],[-72.161,-52.652],[-72.562,-52.834],[-72.703,-52.708],[-72.96,-52.825],[-72.891,-53.057],[-73.199,-53.241],[-72.365,-53.537],[-72.467,-53.283],[-72.206,-53.201],[-72.286,-53.03],[-72.086,-53.134],[-71.169,-52.813],[-71.119,-52.92],[-71.383,-53.126],[-72.282,-53.243],[-72.453,-53.407],[-72.053,-53.707],[-71.336,-53.88],[-70.974,-53.756],[-70.958,-53.223],[-70.716,-52.737],[-69.672,-52.531],[-69.235,-52.203],[-68.449,-52.347],[-69.953,-52.007],[-71.965,-51.971],[-71.958,-51.868],[-72.45,-51.553],[-72.258,-51.231],[-72.396,-51.092],[-72.293,-51.029],[-72.303,-50.649],[-72.778,-50.62],[-73.178,-50.749],[-73.323,-50.268],[-73.531,-50.141],[-73.465,-49.76],[-73.587,-49.53],[-73.458,-49.308],[-73.145,-49.304],[-73.01,-48.99],[-72.592,-48.791],[-72.615,-48.51],[-72.309,-48.211],[-72.544,-47.915],[-72.329,-47.426],[-71.863,-47.169],[-72,-47.042],[-71.934,-46.799],[-71.687,-46.69],[-71.763,-46.244],[-71.915,-46.152],[-71.612,-45.97],[-71.798,-45.74],[-71.765,-45.572],[-71.311,-45.299],[-71.589,-44.978],[-72.081,-44.887],[-72.089,-44.783],[-71.336,-44.802],[-71.123,-44.53],[-71.21,-44.428],[-71.822,-44.403],[-71.859,-44.108],[-71.66,-43.926],[-71.819,-43.758],[-71.724,-43.595],[-71.937,-43.457],[-71.743,-43.19],[-72.096,-43.078],[-72.148,-42.593],[-72.04,-42.145],[-71.736,-42.084],[-71.926,-41.623],[-71.851,-40.938],[-71.956,-40.72],[-71.678,-40.34],[-71.824,-40.21],[-71.625,-39.931],[-71.719,-39.623],[-71.52,-39.615],[-71.416,-38.935],[-70.838,-38.584],[-71.185,-37.706],[-71.206,-37.293],[-71.089,-37.103],[-71.195,-36.839],[-71.043,-36.484],[-70.719,-36.415],[-70.703,-36.26],[-70.38,-36.046],[-70.543,-35.209],[-70.387,-35.167],[-70.316,-34.746],[-70.04,-34.277],[-69.833,-34.243],[-69.915,-33.793],[-69.788,-33.379],[-70.101,-33.187],[-70,-32.877],[-70.14,-32.768],[-70.385,-32.062],[-70.242,-31.961],[-70.428,-31.87],[-70.591,-31.55],[-70.569,-31.304],[-70.34,-31.042],[-70.147,-30.354],[-69.903,-30.313],[-70.043,-29.363],[-69.804,-29.099],[-69.653,-28.398],[-69.173,-27.924],[-68.801,-27.113],[-68.586,-27.163],[-68.33,-27.045],[-68.32,-26.87],[-68.595,-26.457],[-68.417,-26.094],[-68.606,-25.437],[-68.367,-25.103],[-68.572,-24.77],[-68.244,-24.385],[-67.362,-24.03],[-67.014,-23.001],[-67.194,-22.822],[-67.876,-22.834],[-68.207,-21.284],[-68.572,-20.872],[-68.482,-20.643],[-68.769,-20.39],[-68.678,-20.329],[-68.775,-20.09],[-68.588,-20.056],[-68.542,-19.92],[-68.698,-19.746],[-68.493,-19.377],[-68.99,-18.946],[-69.089,-18.083],[-69.302,-17.976],[-69.51,-17.507]]],[[[-68.642,-54.799],[-68.628,-52.64],[-68.746,-52.557],[-69.14,-52.684],[-69.418,-52.451],[-69.911,-52.848],[-70.275,-52.736],[-70.257,-52.868],[-70.089,-52.911],[-70.243,-53.062],[-70.419,-53.012],[-70.473,-53.309],[-70.257,-53.461],[-69.353,-53.356],[-69.361,-53.522],[-70.185,-53.811],[-70.057,-54.087],[-69.098,-54.447],[-70.073,-54.249],[-70.322,-54.325],[-70.933,-54.113],[-70.276,-54.532],[-70.86,-54.318],[-71.011,-54.449],[-71.615,-54.501],[-71.725,-54.405],[-72.001,-54.572],[-71.477,-54.676],[-71.265,-54.569],[-71.29,-54.676],[-71.105,-54.637],[-70.759,-54.841],[-69.795,-54.788],[-69.067,-54.949],[-68.642,-54.799]]],[[[-109.232,-27.092],[-109.366,-27.062],[-109.454,-27.188],[-109.232,-27.092]]],[[[-67.376,-55.751],[-67.407,-55.699],[-67.539,-55.66],[-67.552,-55.736],[-67.376,-55.751]]],[[[-66.855,-55.271],[-66.992,-55.229],[-67.06,-55.326],[-66.896,-55.333],[-66.855,-55.271]]],[[[-66.427,-55.185],[-66.535,-55.163],[-66.632,-55.206],[-66.504,-55.258],[-66.427,-55.185]]],[[[-67.999,-55.627],[-68.431,-55.298],[-68.239,-55.292],[-68.564,-55.192],[-68.335,-55.062],[-68.441,-54.94],[-70.031,-55.153],[-69.437,-55.491],[-69.206,-55.438],[-69.393,-55.287],[-69.272,-55.213],[-68.856,-55.257],[-68.967,-55.43],[-68.865,-55.505],[-67.999,-55.627]]],[[[-67.883,-55.244],[-67.503,-55.172],[-67.271,-55.307],[-67.062,-55.072],[-67.302,-54.929],[-68.345,-54.921],[-68.186,-54.978],[-68.157,-55.196],[-67.883,-55.244]]],[[[-70.295,-55.082],[-70.987,-54.948],[-70.716,-55.123],[-70.295,-55.082]]],[[[-69.904,-54.997],[-69.208,-54.97],[-69.671,-54.866],[-69.928,-54.898],[-69.904,-54.997]]],[[[-70.422,-54.846],[-70.607,-54.832],[-70.581,-54.898],[-70.422,-54.846]]],[[[-70.984,-54.928],[-71.148,-54.84],[-71.358,-54.825],[-71.46,-54.879],[-71.412,-54.938],[-71.318,-54.942],[-71.282,-54.87],[-71.064,-54.95],[-70.984,-54.928]]],[[[-70.385,-54.188],[-70.459,-54.236],[-70.226,-54.215],[-70.385,-54.188]]],[[[-72.297,-54.079],[-72.515,-54.202],[-72.301,-54.251],[-72.297,-54.079]]],[[[-73.18,-54.072],[-73.358,-54.024],[-73.313,-54.121],[-73.18,-54.072]]],[[[-71.631,-54.079],[-71.651,-54.232],[-71.244,-54.25],[-71.295,-54.318],[-71.114,-54.38],[-70.99,-54.266],[-71.012,-54.101],[-71.214,-54.15],[-71.463,-53.942],[-71.657,-53.983],[-71.631,-54.079]]],[[[-72.015,-54.202],[-71.857,-54.318],[-71.837,-54.161],[-71.713,-54.148],[-71.727,-53.899],[-72.258,-53.945],[-72.015,-54.202]]],[[[-70.455,-53.612],[-70.881,-53.842],[-70.823,-54.113],[-70.54,-54.222],[-70.671,-53.968],[-70.336,-54.007],[-70.455,-53.612]]],[[[-73.824,-53.472],[-73.892,-53.526],[-73.79,-53.572],[-73.824,-53.472]]],[[[-73.392,-53.414],[-73.593,-53.49],[-73.482,-53.572],[-73.392,-53.414]]],[[[-72.53,-54.075],[-72.187,-53.776],[-72.485,-53.674],[-72.397,-53.633],[-73.033,-53.39],[-73.616,-53.652],[-73.253,-53.786],[-73.204,-53.989],[-73.044,-53.999],[-73.066,-53.831],[-72.816,-53.821],[-72.743,-53.894],[-72.934,-54.058],[-72.53,-54.075]]],[[[-73.207,-53.318],[-73.66,-53.058],[-74.75,-52.755],[-74.263,-53.091],[-73.88,-53.058],[-73.56,-53.324],[-73.207,-53.318]]],[[[-73.837,-52.701],[-73.678,-52.473],[-74.03,-52.43],[-73.977,-52.498],[-74.184,-52.587],[-73.837,-52.701]]],[[[-74.673,-52.39],[-74.589,-52.213],[-74.815,-52.237],[-74.673,-52.39]]],[[[-73.77,-52.379],[-73.815,-52.241],[-74.079,-52.148],[-73.77,-52.379]]],[[[-74.122,-52.398],[-73.951,-52.307],[-74.297,-52.085],[-74.122,-52.398]]],[[[-74.492,-51.979],[-74.544,-51.921],[-74.707,-52.026],[-74.514,-52.005],[-74.492,-51.979]]],[[[-73.708,-52.187],[-74.053,-51.908],[-74.09,-52.01],[-73.708,-52.187]]],[[[-74.75,-52.043],[-74.641,-51.898],[-74.78,-51.872],[-74.859,-52.057],[-74.75,-52.043]]],[[[-75.061,-51.882],[-75.001,-51.844],[-74.97,-51.737],[-75.055,-51.725],[-75.12,-51.878],[-75.061,-51.882]]],[[[-74.435,-51.845],[-74.096,-51.877],[-74.503,-51.707],[-74.435,-51.845]]],[[[-74.89,-52.002],[-74.807,-51.634],[-74.832,-51.837],[-75.065,-51.995],[-74.89,-52.002]]],[[[-73.944,-51.741],[-74.071,-51.605],[-74.232,-51.707],[-73.944,-51.741]]],[[[-74.197,-51.427],[-74.11,-51.428],[-74.255,-51.291],[-74.197,-51.427]]],[[[-75.024,-51.331],[-75.22,-51.305],[-75.313,-51.629],[-75.024,-51.331]]],[[[-73.793,-51.259],[-73.921,-51.304],[-73.779,-51.363],[-73.793,-51.259]]],[[[-74.739,-51.369],[-74.594,-51.399],[-74.602,-51.206],[-74.963,-51.329],[-74.739,-51.369]]],[[[-74.42,-51.111],[-74.605,-51.08],[-74.424,-51.205],[-74.42,-51.111]]],[[[-74.249,-51.235],[-74.201,-51.2],[-74.243,-51.069],[-74.333,-51.032],[-74.285,-51.196],[-74.249,-51.235]]],[[[-74.386,-50.981],[-74.551,-50.752],[-74.625,-50.925],[-74.914,-50.96],[-74.626,-51.087],[-74.386,-50.981]]],[[[-74.906,-50.797],[-74.66,-50.824],[-74.742,-50.707],[-74.959,-50.728],[-74.906,-50.797]]],[[[-75.126,-50.494],[-75.428,-50.515],[-75.359,-50.59],[-75.482,-50.675],[-75.279,-50.77],[-75.126,-50.494]]],[[[-74.31,-50.834],[-74.186,-50.833],[-74.383,-50.456],[-74.64,-50.482],[-74.469,-50.522],[-74.581,-50.634],[-74.31,-50.834]]],[[[-74.783,-50.481],[-74.641,-50.449],[-74.609,-50.364],[-74.737,-50.372],[-74.783,-50.481]]],[[[-75.041,-50.289],[-74.834,-50.219],[-75.4,-50.039],[-75.127,-50.171],[-75.198,-50.256],[-75.397,-50.172],[-75.461,-50.35],[-75.041,-50.289]]],[[[-75.448,-49.775],[-75.178,-49.884],[-75.509,-49.564],[-75.617,-49.864],[-75.448,-49.775]]],[[[-74.903,-49.077],[-75.23,-49.117],[-74.92,-49.273],[-74.903,-49.077]]],[[[-75.558,-49.247],[-75.287,-49.087],[-75.394,-48.998],[-75.607,-49.151],[-75.558,-49.247]]],[[[-75.215,-49.015],[-75.306,-48.865],[-75.615,-48.859],[-75.647,-48.967],[-75.215,-49.015]]],[[[-75.106,-48.97],[-75.211,-48.812],[-75.247,-48.925],[-75.106,-48.97]]],[[[-75.198,-49.771],[-75.012,-49.837],[-75.009,-49.519],[-74.923,-49.533],[-74.868,-50.016],[-74.485,-49.953],[-74.525,-48.723],[-74.985,-48.759],[-75.051,-48.857],[-74.804,-49.104],[-74.93,-49.314],[-75.467,-49.333],[-75.198,-49.771]]],[[[-75.085,-48.637],[-75.23,-48.752],[-75.119,-48.817],[-75.085,-48.637]]],[[[-75.339,-48.624],[-75.654,-48.716],[-75.476,-48.767],[-75.339,-48.624]]],[[[-75.328,-48.552],[-75.606,-48.439],[-75.675,-48.583],[-75.489,-48.604],[-75.506,-48.695],[-75.328,-48.552]]],[[[-74.472,-48.456],[-74.429,-48.526],[-74.306,-48.489],[-74.407,-48.418],[-74.472,-48.456]]],[[[-74.091,-48.48],[-74.057,-48.426],[-74.194,-48.363],[-74.245,-48.394],[-74.091,-48.48]]],[[[-74.495,-48.35],[-74.232,-48.422],[-74.345,-48.283],[-74.495,-48.35]]],[[[-74.499,-48.583],[-74.729,-48.207],[-75.033,-48.504],[-74.621,-48.692],[-74.499,-48.583]]],[[[-74.544,-48.322],[-74.404,-48.29],[-74.558,-48.122],[-74.544,-48.322]]],[[[-75.161,-48.298],[-75.031,-48.444],[-74.837,-48.345],[-74.828,-48.145],[-75.256,-48.069],[-75.161,-48.298]]],[[[-75.15,-48.658],[-75.099,-48.466],[-75.378,-48.008],[-75.585,-48.086],[-75.555,-48.379],[-75.271,-48.418],[-75.304,-48.578],[-75.15,-48.658]]],[[[-75.271,-48.028],[-74.727,-48.106],[-74.788,-47.812],[-75.271,-48.028]]],[[[-74.414,-47.938],[-73.831,-47.953],[-73.818,-47.866],[-74.245,-47.806],[-74.503,-47.918],[-74.414,-47.938]]],[[[-75.182,-47.831],[-75.024,-47.803],[-75.092,-47.68],[-75.334,-47.759],[-75.182,-47.831]]],[[[-74.885,-47.712],[-75,-47.662],[-75.054,-47.69],[-74.958,-47.775],[-74.885,-47.712]]],[[[-74.469,-47.075],[-74.441,-47.164],[-74.321,-47.091],[-74.469,-47.075]]],[[[-74.075,-47.02],[-74.231,-47.102],[-74.067,-47.137],[-73.975,-47.048],[-74.075,-47.02]]],[[[-73.725,-46.05],[-73.94,-46.068],[-73.745,-46.187],[-73.725,-46.05]]],[[[-73.708,-45.924],[-73.786,-45.914],[-73.819,-45.999],[-73.713,-46.022],[-73.708,-45.924]]],[[[-74.753,-45.807],[-75.113,-45.886],[-75.074,-46.094],[-74.766,-45.989],[-74.753,-45.807]]],[[[-73.742,-45.794],[-73.94,-45.91],[-73.857,-45.967],[-73.742,-45.794]]],[[[-73.927,-45.745],[-74.045,-45.738],[-74.03,-45.903],[-73.927,-45.745]]],[[[-74.554,-45.575],[-74.7,-45.728],[-74.584,-45.735],[-74.554,-45.575]]],[[[-74.071,-45.691],[-73.921,-45.698],[-73.91,-45.591],[-74.031,-45.533],[-74.071,-45.691]]],[[[-74.503,-45.732],[-74.208,-45.635],[-74.293,-45.479],[-74.421,-45.454],[-74.503,-45.732]]],[[[-73.666,-45.437],[-73.818,-45.642],[-73.68,-45.753],[-73.586,-45.48],[-73.666,-45.437]]],[[[-73.886,-45.471],[-74.064,-45.423],[-73.87,-45.562],[-73.886,-45.471]]],[[[-74.341,-45.338],[-74.389,-45.282],[-74.499,-45.286],[-74.489,-45.355],[-74.378,-45.401],[-74.341,-45.338]]],[[[-73.824,-45.266],[-74.167,-45.253],[-74.012,-45.354],[-73.824,-45.266]]],[[[-74.273,-45.208],[-74.359,-45.156],[-74.415,-45.247],[-74.307,-45.294],[-74.273,-45.208]]],[[[-73.732,-45.215],[-73.915,-44.995],[-74.25,-45.11],[-73.732,-45.215]]],[[[-74.27,-44.944],[-74.187,-44.992],[-74.066,-44.999],[-73.917,-44.944],[-73.97,-44.904],[-74.188,-44.869],[-74.27,-44.944]]],[[[-73.93,-44.789],[-73.924,-44.893],[-73.84,-44.959],[-73.762,-44.93],[-73.837,-44.784],[-73.93,-44.789]]],[[[-75.091,-44.796],[-75.2,-44.817],[-75.11,-44.926],[-75.091,-44.796]]],[[[-73.605,-44.745],[-73.742,-44.755],[-73.728,-44.821],[-73.627,-44.83],[-73.605,-44.745]]],[[[-74.341,-44.806],[-74.427,-44.718],[-74.525,-44.754],[-74.469,-44.827],[-74.393,-44.857],[-74.341,-44.806]]],[[[-74.482,-44.636],[-74.623,-44.622],[-74.639,-44.689],[-74.484,-44.698],[-74.482,-44.636]]],[[[-73.927,-44.629],[-74.407,-44.694],[-74.28,-44.804],[-73.876,-44.694],[-73.927,-44.629]]],[[[-73.66,-44.676],[-73.796,-44.553],[-73.838,-44.664],[-73.66,-44.676]]],[[[-74.194,-44.492],[-74.368,-44.526],[-74.345,-44.574],[-74.154,-44.56],[-74.194,-44.492]]],[[[-74.393,-44.547],[-74.223,-44.467],[-74.548,-44.477],[-74.393,-44.547]]],[[[-73.382,-44.588],[-73.408,-44.822],[-73.257,-44.94],[-72.721,-44.528],[-73.002,-44.361],[-73.382,-44.588]]],[[[-74.03,-44.355],[-74.043,-44.406],[-73.929,-44.431],[-73.951,-44.349],[-74.03,-44.355]]],[[[-74.109,-44.227],[-74.094,-44.282],[-73.946,-44.241],[-74.036,-44.162],[-74.109,-44.227]]],[[[-73.228,-44.012],[-73.141,-43.904],[-73.273,-43.919],[-73.228,-44.012]]],[[[-74.144,-43.828],[-73.996,-43.937],[-73.762,-43.889],[-73.865,-43.789],[-74.144,-43.828]]],[[[-74.818,-43.635],[-74.578,-43.636],[-74.648,-43.554],[-74.818,-43.635]]],[[[-73.412,-42.526],[-73.543,-42.379],[-73.631,-42.368],[-73.625,-42.443],[-73.412,-42.526]]],[[[-74.335,-43.282],[-73.682,-43.381],[-73.721,-43.142],[-73.49,-43.1],[-73.65,-42.883],[-73.517,-42.789],[-73.809,-42.609],[-73.681,-42.37],[-73.374,-42.257],[-73.537,-41.84],[-74.055,-41.945],[-74.167,-42.882],[-74.335,-43.282]]],[[[-73.815,-51.864],[-73.805,-51.98],[-73.704,-51.976],[-73.718,-51.849],[-73.815,-51.864]]],[[[-74.97,-50.287],[-75.172,-50.462],[-74.976,-50.433],[-74.97,-50.287]]],[[[-74.426,-49.615],[-74.293,-49.555],[-74.441,-49.436],[-74.426,-49.615]]],[[[-74.65,-47.798],[-74.688,-47.862],[-74.525,-47.868],[-74.526,-47.813],[-74.65,-47.798]]],[[[-75.323,-46.685],[-75.162,-46.782],[-75.146,-46.697],[-75.323,-46.685]]]]}},{"type":"Feature","properties":{"name":"Bolivia","iso_a2":"BO","iso_a3":"BOL","continent":"South America"},"geometry":{"type":"Polygon","coordinates":[[[-69.51,-17.507],[-69.302,-17.976],[-69.089,-18.083],[-68.99,-18.946],[-68.493,-19.377],[-68.698,-19.746],[-68.542,-19.92],[-68.588,-20.056],[-68.775,-20.09],[-68.678,-20.329],[-68.769,-20.39],[-68.482,-20.643],[-68.572,-20.872],[-68.207,-21.284],[-67.876,-22.834],[-67.771,-22.889],[-67.194,-22.822],[-66.736,-22.225],[-66.297,-22.05],[-66.24,-21.792],[-65.745,-22.114],[-64.587,-22.213],[-64.369,-22.73],[-63.948,-22.008],[-62.804,-22.004],[-62.65,-22.234],[-62.276,-21.067],[-62.277,-20.58],[-61.761,-19.658],[-60.006,-19.298],[-59.089,-19.287],[-58.175,-19.821],[-58.159,-20.165],[-57.86,-19.98],[-58.125,-19.73],[-57.716,-19.045],[-57.782,-18.91],[-57.551,-18.184],[-57.791,-17.556],[-58.381,-17.267],[-58.48,-16.684],[-58.34,-16.289],[-60.18,-16.222],[-60.238,-15.503],[-60.582,-15.099],[-60.27,-15.083],[-60.465,-13.817],[-61.041,-13.475],[-61.848,-13.531],[-62.115,-13.15],[-62.807,-12.989],[-63.075,-12.653],[-63.318,-12.702],[-63.658,-12.475],[-64.396,-12.457],[-64.469,-12.261],[-64.997,-11.996],[-65.374,-11.296],[-65.303,-10.991],[-65.45,-10.468],[-65.288,-10.216],[-65.304,-9.826],[-65.452,-9.681],[-65.584,-9.837],[-65.789,-9.733],[-66.632,-9.904],[-67.585,-10.502],[-67.722,-10.705],[-68.044,-10.667],[-68.293,-10.979],[-68.616,-11.112],[-68.787,-11.126],[-68.805,-10.995],[-69.578,-10.952],[-68.684,-12.502],[-68.981,-12.868],[-69.081,-13.695],[-68.869,-14.156],[-69.361,-14.788],[-69.391,-14.964],[-69.148,-15.233],[-69.424,-15.656],[-69.22,-16.153],[-68.844,-16.302],[-69.039,-16.492],[-69.037,-16.67],[-69.623,-17.186],[-69.51,-17.507]]]}},{"type":"Feature","properties":{"name":"Peru","iso_a2":"PE","iso_a3":"PER","continent":"South America"},"geometry":{"type":"Polygon","coordinates":[[[-69.51,-17.507],[-69.623,-17.186],[-69.037,-16.67],[-69.039,-16.492],[-68.844,-16.302],[-69.22,-16.153],[-69.424,-15.656],[-69.148,-15.233],[-69.391,-14.964],[-69.361,-14.788],[-68.869,-14.156],[-69.081,-13.695],[-68.981,-12.868],[-68.684,-12.502],[-69.578,-10.952],[-70.641,-11.011],[-70.587,-9.439],[-71.313,-9.994],[-72.196,-10.006],[-72.195,-9.806],[-72.43,-9.482],[-73.215,-9.409],[-72.976,-8.985],[-73.526,-8.372],[-73.979,-7.374],[-73.713,-7.305],[-73.812,-7.103],[-73.685,-6.812],[-73.132,-6.435],[-73.235,-6.078],[-73.001,-5.709],[-72.918,-5.132],[-71.89,-4.514],[-70.969,-4.385],[-70.672,-4.133],[-69.989,-4.315],[-70.311,-3.829],[-70.734,-3.782],[-70.051,-2.715],[-70.993,-2.197],[-71.387,-2.369],[-71.768,-2.142],[-72.161,-2.406],[-72.943,-2.419],[-73.159,-2.293],[-73.186,-1.8],[-73.531,-1.674],[-73.497,-1.478],[-73.637,-1.255],[-74.289,-0.943],[-74.413,-0.573],[-74.825,-0.17],[-75.222,-0.032],[-75.526,-0.123],[-75.272,-0.526],[-75.227,-0.97],[-75.413,-0.924],[-75.56,-1.503],[-76.625,-2.538],[-77.849,-2.981],[-78.196,-3.364],[-78.164,-3.477],[-78.362,-3.408],[-78.673,-4.551],[-79.064,-5.011],[-79.303,-4.961],[-79.658,-4.439],[-80.205,-4.298],[-80.408,-4.477],[-80.488,-4.396],[-80.356,-4.221],[-80.47,-4.213],[-80.481,-3.999],[-80.165,-3.89],[-80.266,-3.426],[-80.772,-3.71],[-81.329,-4.477],[-81.338,-4.678],[-81.063,-5.022],[-81.198,-5.208],[-80.856,-5.65],[-81.151,-5.976],[-79.965,-6.787],[-79.613,-7.266],[-79.466,-7.716],[-78.986,-8.217],[-78.167,-10.141],[-77.67,-10.927],[-77.647,-11.292],[-77.225,-11.627],[-77.175,-12.072],[-76.791,-12.381],[-76.221,-13.358],[-76.262,-13.861],[-76.362,-13.802],[-76.394,-13.908],[-75.931,-14.649],[-75.551,-14.885],[-75.049,-15.461],[-73.7,-16.221],[-72.488,-16.69],[-71.514,-17.285],[-71.385,-17.687],[-70.395,-18.338],[-69.97,-18.251],[-69.783,-17.982],[-69.818,-17.659],[-69.51,-17.507]]]}},{"type":"Feature","properties":{"name":"Argentina","iso_a2":"AR","iso_a3":"ARG","continent":"South America"},"geometry":{"type":"MultiPolygon","coordinates":[[[[-67.194,-22.822],[-67.014,-23.001],[-67.34,-24.001],[-68.244,-24.385],[-68.572,-24.77],[-68.367,-25.103],[-68.606,-25.437],[-68.417,-26.094],[-68.595,-26.457],[-68.32,-26.87],[-68.33,-27.045],[-68.586,-27.163],[-68.801,-27.113],[-69.173,-27.924],[-69.653,-28.398],[-69.804,-29.099],[-70.043,-29.363],[-69.903,-30.313],[-70.147,-30.354],[-70.34,-31.042],[-70.569,-31.304],[-70.591,-31.55],[-70.428,-31.87],[-70.242,-31.961],[-70.385,-32.062],[-70.14,-32.768],[-70,-32.877],[-70.101,-33.187],[-69.788,-33.379],[-69.915,-33.793],[-69.833,-34.243],[-70.04,-34.277],[-70.316,-34.746],[-70.387,-35.167],[-70.543,-35.209],[-70.38,-36.046],[-70.703,-36.26],[-70.719,-36.415],[-71.043,-36.484],[-71.195,-36.839],[-71.089,-37.103],[-71.206,-37.293],[-71.185,-37.706],[-70.838,-38.584],[-71.416,-38.935],[-71.52,-39.615],[-71.719,-39.623],[-71.625,-39.931],[-71.824,-40.21],[-71.678,-40.34],[-71.956,-40.72],[-71.851,-40.938],[-71.926,-41.623],[-71.736,-42.084],[-72.04,-42.145],[-72.148,-42.593],[-72.096,-43.078],[-71.743,-43.19],[-71.937,-43.457],[-71.724,-43.595],[-71.819,-43.758],[-71.66,-43.926],[-71.859,-44.108],[-71.822,-44.403],[-71.21,-44.428],[-71.123,-44.53],[-71.336,-44.802],[-72.089,-44.783],[-72.081,-44.887],[-71.589,-44.978],[-71.311,-45.299],[-71.765,-45.572],[-71.798,-45.74],[-71.612,-45.97],[-71.915,-46.152],[-71.763,-46.244],[-71.687,-46.69],[-71.934,-46.799],[-72,-47.042],[-71.863,-47.169],[-72.329,-47.426],[-72.544,-47.915],[-72.309,-48.211],[-72.615,-48.51],[-72.592,-48.791],[-73.01,-48.99],[-73.183,-49.239],[-73.06,-49.555],[-73.573,-49.932],[-73.531,-50.141],[-73.274,-50.364],[-73.178,-50.749],[-72.778,-50.62],[-72.303,-50.649],[-72.293,-51.029],[-72.396,-51.092],[-72.258,-51.231],[-72.45,-51.553],[-71.958,-51.868],[-71.965,-51.971],[-69.953,-52.007],[-68.449,-52.347],[-68.366,-52.306],[-68.936,-51.645],[-69.12,-51.605],[-68.964,-51.501],[-69.168,-50.978],[-69.076,-50.56],[-68.876,-50.331],[-67.833,-49.954],[-67.556,-49.016],[-65.964,-48.057],[-65.736,-47.509],[-65.745,-47.204],[-65.881,-47.097],[-66.786,-47.007],[-67.423,-46.567],[-67.622,-46.164],[-67.548,-45.933],[-66.869,-45.236],[-66.524,-45.216],[-66.571,-45.141],[-66.2,-44.993],[-65.603,-45.028],[-65.685,-44.712],[-65.217,-44.366],[-65.334,-43.673],[-65.032,-43.299],[-64.328,-43.01],[-64.997,-42.785],[-64.946,-42.654],[-64.438,-42.507],[-64.108,-42.884],[-63.62,-42.751],[-63.59,-42.341],[-63.81,-42.07],[-64.162,-42.209],[-64.068,-42.27],[-64.128,-42.433],[-64.445,-42.447],[-64.566,-42.436],[-64.531,-42.244],[-65.005,-42.093],[-65.122,-40.834],[-64.796,-40.723],[-63.779,-41.159],[-62.729,-41.041],[-62.254,-40.746],[-62.484,-40.287],[-62.315,-39.869],[-62.114,-39.821],[-62.056,-39.452],[-62.195,-39.397],[-62.024,-39.365],[-62.316,-39.265],[-62.274,-38.954],[-62.38,-38.798],[-61.518,-39.011],[-59.797,-38.838],[-58.331,-38.493],[-57.536,-38.084],[-57.458,-37.795],[-56.686,-36.928],[-56.672,-36.6],[-56.698,-36.396],[-57.108,-36.282],[-57.366,-35.988],[-57.353,-35.727],[-57.134,-35.417],[-57.249,-35.249],[-58.315,-34.657],[-58.558,-34.285],[-58.379,-34.188],[-58.522,-33.449],[-58.383,-33.075],[-58.147,-33.05],[-58.223,-32.534],[-58.102,-32.311],[-58.203,-31.893],[-57.989,-31.643],[-58.075,-31.475],[-57.795,-30.858],[-57.886,-30.59],[-57.642,-30.193],[-56.819,-29.475],[-55.906,-28.378],[-55.684,-28.388],[-55.772,-28.232],[-55.026,-27.84],[-54.827,-27.545],[-54.287,-27.428],[-54.189,-27.261],[-53.819,-27.14],[-53.667,-26.219],[-53.91,-25.629],[-54.6,-25.575],[-54.793,-26.645],[-55.138,-26.954],[-55.414,-26.98],[-55.755,-27.444],[-56.125,-27.299],[-56.367,-27.581],[-56.546,-27.455],[-57.18,-27.487],[-58.022,-27.26],[-58.511,-27.278],[-58.653,-27.156],[-58.329,-26.884],[-58.165,-26.592],[-58.17,-26.27],[-57.57,-25.547],[-57.754,-25.181],[-58.809,-24.777],[-60.034,-24.007],[-61.006,-23.805],[-61.11,-23.607],[-61.956,-23.034],[-62.287,-22.484],[-62.633,-22.296],[-62.804,-22.004],[-63.948,-22.008],[-64.369,-22.73],[-64.587,-22.213],[-65.745,-22.114],[-66.24,-21.792],[-66.297,-22.05],[-66.736,-22.225],[-67.194,-22.822]]],[[[-68.642,-54.783],[-67.031,-54.905],[-66.54,-55.051],[-65.966,-54.902],[-65.332,-54.914],[-65.156,-54.641],[-65.844,-54.647],[-66.482,-54.466],[-67.571,-53.908],[-67.984,-53.601],[-68.111,-53.344],[-68.551,-53.238],[-68.266,-52.981],[-68.628,-52.64],[-68.642,-54.783]]],[[[-63.888,-54.73],[-64.759,-54.832],[-64.607,-54.901],[-63.888,-54.73]]],[[[-61.907,-39.137],[-62.098,-39.088],[-61.868,-39.239],[-61.907,-39.137]]],[[[-62.155,-40.374],[-62.237,-40.51],[-62.109,-40.564],[-62.028,-40.455],[-62.155,-40.374]]],[[[-62.119,-40.131],[-62.133,-40.181],[-62.015,-40.328],[-62.015,-40.175],[-62.119,-40.131]]]]}},{"type":"Feature","properties":{"name":"Dhekelia Sovereign Base Area","iso_a2":"-99","iso_a3":"-99","continent":"Asia"},"geometry":{"type":"Polygon","coordinates":[[[33.781,34.976],[33.892,34.958],[33.719,35.063],[33.781,34.976]]]}},{"type":"Feature","properties":{"name":"Cyprus","iso_a2":"CY","iso_a3":"CYP","continent":"Asia"},"geometry":{"type":"Polygon","coordinates":[[[33.702,34.973],[33.719,35.063],[34.012,34.988],[33.907,35.243],[34.579,35.69],[33.66,35.359],[32.92,35.398],[32.865,35.157],[32.287,35.097],[32.413,34.754],[32.666,34.652],[33.246,34.698],[33.702,34.973]]]}},{"type":"Feature","properties":{"name":"India","iso_a2":"IN","iso_a3":"IND","continent":"Asia"},"geometry":{"type":"MultiPolygon","coordinates":[[[[80.996,30.197],[80.18,30.56],[79.834,30.962],[78.952,31.108],[78.753,31.302],[78.7,31.51],[78.819,31.607],[78.682,31.951],[78.382,32.182],[78.469,32.227],[78.381,32.528],[78.713,32.638],[78.943,32.346],[79.215,32.508],[79.125,33.29],[78.824,33.461],[78.721,33.994],[78.985,34.286],[78.273,34.659],[78.001,35.269],[78.056,35.453],[76.777,35.646],[77.013,34.986],[76.782,34.931],[76.653,34.747],[76.023,34.677],[75.777,34.504],[74.412,34.765],[73.962,34.668],[73.775,34.371],[73.998,34.197],[73.884,34.084],[74.272,33.962],[73.977,33.759],[74.158,33.494],[74.002,33.178],[74.419,32.785],[74.682,32.787],[74.663,32.498],[75.024,32.466],[75.359,32.262],[74.566,31.841],[74.489,31.711],[74.612,31.44],[74.506,31.175],[74.601,31.057],[73.852,30.373],[73.944,30.188],[73.37,29.927],[72.902,29.023],[72.382,28.784],[71.861,27.95],[70.832,27.702],[70.56,27.998],[70.342,28.012],[69.576,27.188],[69.504,26.735],[70.158,26.53],[70.065,25.98],[70.265,25.697],[70.658,25.634],[70.647,25.431],[71.064,24.683],[70.977,24.465],[71.075,24.436],[70.756,24.231],[70.56,24.287],[70.563,24.424],[70.416,24.402],[69.972,24.165],[68.799,24.329],[68.725,23.965],[68.252,23.905],[68.164,23.758],[68.181,23.594],[68.327,23.587],[68.671,23.816],[68.409,23.621],[68.424,23.446],[68.691,23.131],[69.239,22.842],[69.716,22.747],[70.399,22.946],[70.467,23.13],[70.527,23.024],[70.179,22.562],[69.212,22.274],[69.206,22.399],[68.974,22.405],[68.945,22.295],[70.054,21.153],[70.84,20.702],[72.105,21.205],[72.296,21.654],[72.128,21.984],[72.308,22.079],[72.206,22.274],[72.79,22.217],[72.542,22.157],[72.507,21.962],[72.532,21.714],[72.798,21.674],[72.574,21.39],[72.945,20.77],[72.65,19.842],[72.796,19.527],[72.796,18.985],[72.992,18.983],[72.852,18.77],[72.89,18.441],[73.447,16.069],[73.886,15.435],[73.913,15.079],[74.263,14.702],[74.955,12.537],[75.194,12.022],[75.695,11.42],[76.182,10.106],[76.394,9.843],[76.503,9.535],[76.357,9.521],[76.277,9.809],[76.312,9.493],[76.544,8.913],[76.996,8.368],[77.511,8.076],[78.063,8.373],[78.178,8.861],[78.378,9.078],[79.087,9.254],[78.913,9.474],[79.305,10.268],[79.851,10.282],[79.752,11.577],[80.229,12.675],[80.348,13.349],[80.057,13.595],[80.246,13.756],[80.053,15.093],[80.263,15.675],[80.69,15.901],[80.83,15.748],[80.999,15.847],[81.317,16.368],[81.763,16.323],[82.307,16.58],[82.299,17.03],[84.077,18.272],[84.72,19.102],[85.18,19.475],[85.105,19.515],[85.221,19.736],[85.464,19.903],[85.57,19.876],[85.549,19.691],[86.372,19.965],[87.004,20.657],[86.837,21.175],[87.064,21.475],[87.704,21.656],[88.141,22.06],[88.249,21.558],[88.472,21.663],[88.578,21.572],[88.626,21.956],[88.763,21.556],[88.882,21.672],[89.083,21.617],[89.062,22.212],[88.843,22.965],[88.955,23.184],[88.71,23.241],[88.768,23.467],[88.54,23.65],[88.714,23.925],[88.738,24.287],[88.475,24.316],[88.022,24.646],[88.115,24.916],[88.323,24.875],[88.432,25.173],[88.899,25.169],[88.975,25.303],[88.128,25.775],[88.164,26.141],[88.496,26.378],[88.353,26.579],[88.808,26.233],[89.034,26.266],[88.892,26.369],[88.95,26.437],[89.352,25.997],[89.603,26.055],[89.658,26.208],[89.83,25.908],[89.835,25.282],[90.365,25.15],[92.002,25.183],[92.458,24.953],[92.478,24.864],[92.218,24.875],[92.108,24.406],[91.896,24.32],[91.865,24.151],[91.363,24.1],[91.141,23.612],[91.301,23.142],[91.372,23.262],[91.537,22.982],[91.695,22.988],[91.796,23.09],[91.744,23.272],[91.941,23.495],[91.914,23.688],[92.259,23.707],[92.576,21.978],[92.708,22.148],[92.979,21.995],[93.025,22.202],[93.169,22.247],[93.071,22.693],[93.138,23.005],[93.375,23.13],[93.432,23.647],[93.303,24.041],[94.1,23.843],[94.709,25.026],[94.55,25.245],[94.608,25.395],[95.009,25.737],[95.001,25.922],[95.14,26.03],[95.046,26.248],[95.119,26.604],[96.143,27.258],[96.759,27.342],[96.865,27.172],[97.135,27.127],[96.862,27.578],[97.036,27.789],[96.404,28.163],[95.842,28.263],[95.286,28.075],[95.234,27.906],[94.882,27.736],[94.198,27.543],[93.589,26.928],[93.103,26.864],[92.582,26.969],[90.717,26.767],[90.383,26.892],[89.822,26.701],[89.097,26.821],[88.73,27.151],[88.892,27.316],[88.741,27.546],[88.854,27.844],[88.611,28.106],[88.127,27.95],[87.971,27.103],[88.169,26.744],[88.007,26.37],[87.871,26.461],[87.135,26.394],[87.041,26.58],[86.714,26.415],[86.284,26.612],[85.822,26.572],[85.599,26.854],[85.287,26.737],[84.64,27.028],[84.577,27.329],[84.08,27.51],[83.848,27.351],[83.361,27.462],[83.305,27.332],[82.752,27.495],[82.652,27.704],[82.402,27.677],[82.052,27.905],[81.856,27.851],[81.307,28.124],[81.146,28.372],[80.036,28.837],[80.233,29.139],[80.369,29.758],[80.996,30.197]]],[[[93.92,7.024],[93.814,7.242],[93.676,7.182],[93.649,7.013],[93.814,6.808],[93.92,7.024]]],[[[93.731,7.369],[93.617,7.367],[93.644,7.258],[93.731,7.369]]],[[[93.43,7.955],[93.391,8.016],[93.323,8.002],[93.305,7.95],[93.368,7.879],[93.46,7.911],[93.43,7.955]]],[[[93.532,8.035],[93.509,8.129],[93.457,8.09],[93.532,8.035]]],[[[92.811,9.231],[92.763,9.264],[92.709,9.202],[92.731,9.131],[92.832,9.145],[92.811,9.231]]],[[[92.585,10.771],[92.528,10.896],[92.376,10.775],[92.513,10.508],[92.585,10.771]]],[[[92.733,12.973],[92.683,12.962],[92.67,12.868],[92.724,12.872],[92.733,12.973]]],[[[93.053,13.284],[93.043,13.571],[92.847,13.345],[92.738,12.807],[92.793,12.208],[92.54,11.894],[92.727,11.506],[92.847,12.434],[92.991,12.519],[92.905,12.982],[93.02,13.034],[93.053,13.284]]],[[[88.051,21.705],[88.13,21.626],[88.147,21.87],[88.051,21.705]]],[[[88.636,21.921],[88.586,21.843],[88.646,21.788],[88.671,21.907],[88.636,21.921]]]]}},{"type":"Feature","properties":{"name":"China","iso_a2":"CN","iso_a3":"CHN","continent":"Asia"},"geometry":{"type":"MultiPolygon","coordinates":[[[[76.777,35.646],[78.056,35.453],[78.001,35.269],[78.273,34.659],[78.985,34.286],[78.721,33.994],[78.824,33.461],[79.125,33.29],[79.215,32.508],[78.943,32.346],[78.713,32.638],[78.381,32.528],[78.469,32.227],[78.382,32.182],[78.682,31.951],[78.819,31.607],[78.7,31.51],[78.753,31.302],[78.952,31.108],[79.834,30.962],[80.18,30.56],[80.976,30.255],[81.098,30.017],[81.357,30.174],[81.388,30.374],[82.089,30.33],[82.145,30.069],[82.837,29.66],[83.162,29.625],[83.517,29.192],[84.099,29.247],[84.207,28.941],[84.451,28.734],[84.799,28.547],[85.168,28.583],[85.08,28.319],[85.675,28.306],[85.98,27.885],[86.113,27.927],[86.156,28.157],[86.203,28.003],[86.439,27.911],[86.662,28.107],[87.387,27.804],[88.118,27.861],[88.611,28.106],[88.818,27.995],[88.741,27.546],[88.892,27.316],[89.225,27.808],[89.796,28.24],[90.975,27.982],[91.27,28.073],[91.622,27.951],[91.657,27.479],[92.024,27.447],[92.036,26.855],[92.582,26.969],[93.103,26.864],[93.589,26.928],[94.198,27.543],[94.882,27.736],[95.234,27.906],[95.286,28.075],[95.79,28.257],[96.404,28.163],[97.036,27.743],[97.334,27.894],[97.299,28.129],[97.528,28.53],[97.7,28.488],[98.119,28.141],[98.295,27.537],[98.4,27.676],[98.679,27.577],[98.756,26.625],[98.706,26.175],[98.546,26.106],[98.692,25.879],[98.51,25.838],[98.333,25.567],[98.15,25.613],[98.045,25.312],[97.824,25.262],[97.704,25.074],[97.749,24.827],[97.536,24.745],[97.52,24.431],[97.64,24.439],[97.718,24.278],[97.517,23.943],[97.637,23.864],[98.182,24.119],[98.867,24.143],[98.663,23.97],[98.664,23.797],[98.857,23.604],[98.859,23.179],[99.351,23.119],[99.535,22.949],[99.308,22.72],[99.358,22.496],[99.166,22.132],[99.942,22.046],[99.95,21.721],[100.187,21.428],[100.327,21.524],[100.622,21.469],[101.069,21.762],[101.275,21.174],[101.495,21.243],[101.756,21.143],[101.752,21.806],[101.518,22.228],[101.713,22.492],[102.218,22.411],[102.443,22.765],[102.989,22.438],[103.31,22.788],[103.473,22.592],[103.647,22.799],[103.985,22.527],[104.073,22.783],[104.213,22.825],[104.34,22.686],[104.663,22.811],[104.87,23.164],[105.332,23.318],[105.854,22.905],[106.078,22.981],[106.234,22.864],[106.668,22.868],[106.736,22.695],[106.527,22.428],[106.648,21.996],[107.021,21.892],[107.348,21.599],[107.745,21.658],[107.991,21.486],[108.338,21.698],[108.471,21.562],[108.554,21.904],[108.752,21.65],[109.136,21.603],[109.05,21.437],[109.438,21.455],[109.573,21.582],[109.918,21.489],[109.67,21.123],[109.746,20.63],[110.016,20.418],[109.951,20.272],[110.28,20.253],[110.534,20.478],[110.338,20.726],[110.386,20.826],[110.157,20.849],[110.42,21.377],[110.482,21.217],[110.637,21.23],[110.791,21.404],[111.631,21.53],[112.173,21.814],[112.245,21.707],[112.443,21.828],[112.608,21.775],[112.826,21.966],[112.957,21.876],[113.027,22.143],[113.158,22.025],[113.303,22.183],[113.484,22.155],[113.599,22.575],[113.368,22.881],[113.536,23.063],[113.89,22.453],[114.396,22.614],[114.516,22.453],[114.618,22.514],[114.524,22.687],[114.717,22.791],[114.744,22.609],[114.866,22.602],[115.246,22.835],[115.465,22.701],[115.584,22.88],[115.958,22.805],[116.495,22.939],[116.918,23.638],[117.078,23.565],[117.264,23.655],[118.127,24.262],[117.816,24.472],[117.996,24.447],[118.131,24.62],[118.571,24.569],[118.747,24.721],[118.716,24.844],[118.997,24.953],[118.878,25.041],[118.987,25.222],[119.344,25.242],[119.11,25.407],[119.305,25.605],[119.505,25.475],[119.483,25.371],[119.646,25.393],[119.46,25.633],[119.699,25.973],[119.566,26.05],[119.347,25.94],[119.195,26.088],[119.459,25.983],[119.88,26.363],[119.656,26.356],[119.819,26.453],[119.554,26.615],[119.552,26.749],[119.816,26.798],[119.888,26.687],[120.078,26.786],[119.96,26.611],[120.08,26.646],[120.128,26.797],[120.025,26.838],[120.422,27.153],[120.226,27.269],[120.518,27.202],[120.677,27.495],[120.597,27.57],[121.144,28.344],[121.288,28.181],[121.656,28.339],[121.51,28.657],[121.67,28.825],[121.547,28.952],[121.684,28.915],[121.682,29.027],[121.471,29.191],[121.589,29.292],[121.705,29.174],[121.94,29.21],[121.966,29.603],[121.796,29.601],[121.778,29.469],[121.428,29.468],[122.136,29.885],[121.678,30.001],[121.377,30.325],[120.893,30.17],[120.652,30.359],[120.832,30.305],[121.203,30.665],[121.977,30.915],[121.725,31.282],[120.895,31.763],[120.75,31.978],[120.006,31.95],[119.692,32.32],[120.131,31.943],[120.634,32.077],[120.978,31.814],[121.286,31.891],[121.817,31.691],[121.922,31.754],[121.822,31.953],[121.443,32.114],[121.389,32.385],[120.911,32.63],[120.896,33.014],[120.257,34.312],[119.202,34.785],[119.207,35.048],[119.358,35.097],[119.648,35.584],[119.905,35.625],[119.9,35.736],[120.243,35.974],[120.105,36.201],[120.362,36.192],[120.354,36.041],[120.697,36.144],[120.751,36.459],[120.95,36.459],[120.851,36.651],[121.024,36.584],[122.04,36.985],[122.2,36.843],[122.436,36.871],[122.525,36.945],[122.448,37.147],[122.656,37.385],[122.297,37.418],[122.122,37.563],[121.592,37.425],[120.738,37.834],[119.859,37.36],[119.771,37.152],[119.146,37.179],[118.972,37.281],[118.977,37.611],[119.243,37.77],[118.84,38.153],[118.543,38.068],[117.837,38.271],[117.566,38.613],[117.584,38.812],[117.775,38.981],[117.718,39.093],[118.045,39.219],[118.344,39.031],[118.859,39.208],[118.94,39.139],[119.256,39.366],[119.34,39.716],[119.536,39.891],[120.436,40.195],[120.991,40.831],[121.361,40.94],[121.74,40.849],[121.826,40.948],[122.302,40.502],[121.774,39.921],[121.471,39.81],[121.45,39.615],[121.223,39.529],[121.78,39.372],[121.602,39.221],[121.674,39.088],[121.09,38.899],[121.153,38.728],[121.485,38.81],[123.009,39.681],[123.623,39.872],[124.202,39.879],[124.896,40.484],[126.008,40.899],[126.522,41.378],[126.618,41.666],[126.887,41.785],[127.269,41.505],[128.186,41.405],[128.303,41.583],[128.035,41.994],[128.94,42.035],[129.363,42.445],[129.703,42.442],[129.88,42.996],[130.239,42.902],[130.243,42.743],[130.531,42.531],[130.407,42.735],[131.103,42.91],[131.281,43.38],[131.167,43.521],[131.265,44.054],[130.933,44.842],[131.42,44.959],[131.818,45.333],[132.953,45.024],[133.115,45.123],[133.14,45.435],[133.414,45.573],[133.687,46.142],[133.903,46.259],[133.849,46.48],[134.227,47.118],[134.184,47.328],[134.773,47.711],[134.567,48.04],[134.701,48.262],[134.386,48.381],[133.464,48.09],[133.092,48.107],[132.675,47.951],[132.525,47.708],[131.023,47.682],[130.682,48.05],[130.819,48.282],[130.533,48.636],[130.674,48.871],[130.249,48.865],[129.502,49.411],[129.051,49.377],[128.666,49.61],[127.831,49.594],[127.508,49.822],[127.578,50.221],[127.331,50.328],[127.287,50.751],[126.932,51.064],[126.955,51.33],[126.446,51.983],[126.531,52.153],[126.317,52.2],[126.421,52.287],[126.344,52.391],[125.973,52.632],[126.035,52.727],[125.837,52.907],[125.669,52.878],[125.734,52.982],[125.621,53.062],[125.127,53.207],[124.72,53.149],[123.64,53.551],[120.874,53.28],[120.033,52.761],[120.056,52.601],[120.724,52.542],[120.626,52.347],[120.779,52.118],[120.648,51.911],[120.108,51.665],[119.294,50.599],[119.141,50.377],[119.353,50.346],[119.316,50.093],[118.644,49.955],[117.759,49.513],[116.684,49.823],[115.8,48.53],[115.809,48.274],[115.515,48.122],[115.562,47.933],[115.853,47.706],[116.244,47.863],[116.853,47.872],[117.317,47.654],[117.815,48.005],[118.542,47.966],[119.7,47.16],[119.903,46.842],[119.834,46.651],[119.317,46.612],[118.816,46.758],[118.238,46.715],[117.798,46.52],[117.394,46.571],[117.302,46.35],[116.604,46.309],[116.213,45.908],[116.17,45.709],[115.638,45.444],[114.534,45.386],[114.055,44.941],[113.635,44.746],[112.749,44.865],[112.38,45.071],[111.843,45.04],[111.396,44.347],[111.839,43.939],[111.933,43.697],[110.934,43.288],[110.407,42.769],[109.485,42.449],[108.177,42.454],[106.768,42.287],[105.015,41.596],[104.498,41.666],[104.501,41.871],[103.691,41.759],[103.074,42.005],[102.034,42.185],[101.638,42.515],[100.017,42.677],[99.475,42.564],[97.193,42.787],[96.351,42.741],[96.294,42.933],[95.855,43.285],[95.51,43.979],[95.328,44.007],[95.379,44.287],[94.698,44.344],[93.525,44.951],[90.906,45.186],[90.651,45.493],[90.711,45.752],[91.002,46.022],[90.896,46.302],[91.048,46.566],[90.327,47.623],[90.045,47.88],[89.751,47.824],[89.542,48.031],[89.046,47.993],[88.581,48.212],[88.503,48.393],[87.943,48.6],[88.034,48.729],[87.738,48.869],[87.873,48.968],[87.816,49.166],[86.887,49.107],[86.728,48.99],[86.745,48.704],[86.565,48.527],[85.719,48.359],[85.515,47.92],[85.66,47.207],[85.499,47.052],[84.74,46.815],[84.664,46.984],[83.905,46.974],[83.014,47.195],[82.292,45.533],[82.616,45.435],[82.585,45.177],[81.95,45.145],[81.665,45.348],[79.858,44.904],[80.476,44.735],[80.376,44.671],[80.345,44.103],[80.788,43.168],[80.368,43.029],[80.522,42.925],[80.228,42.791],[80.182,42.021],[79.843,42.002],[78.672,41.538],[78.075,41.04],[76.861,41.013],[76.33,40.348],[76.244,40.441],[75.682,40.292],[75.56,40.633],[75.194,40.441],[74.835,40.512],[74.831,40.32],[74.004,40.061],[73.823,39.806],[73.927,39.593],[73.633,39.448],[73.602,39.236],[73.816,38.994],[73.684,38.855],[73.736,38.722],[73.933,38.53],[74.334,38.667],[74.833,38.464],[74.791,38.081],[74.965,37.768],[74.892,37.599],[75.164,37.401],[74.366,37.148],[74.542,37.022],[75.351,36.916],[75.411,36.747],[75.791,36.688],[75.977,36.463],[75.922,36.032],[76.166,35.806],[76.565,35.866],[76.777,35.646]]],[[[111.011,19.684],[110.935,19.995],[110.64,20.108],[110.58,19.98],[110.383,20.081],[110.014,19.958],[109.596,19.993],[109.465,19.834],[109.304,19.922],[109.157,19.65],[108.632,19.286],[108.695,18.505],[109.568,18.193],[109.746,18.396],[110.053,18.39],[110.103,18.539],[110.427,18.681],[110.698,19.417],[111.011,19.684]]],[[[112.844,21.774],[112.778,21.773],[112.712,21.703],[112.734,21.629],[112.844,21.774]]],[[[113.594,22.785],[113.488,22.893],[113.402,22.883],[113.558,22.758],[113.594,22.785]]],[[[117.469,23.753],[117.373,23.767],[117.421,23.647],[117.469,23.753]]],[[[121.906,24.95],[122.005,25.002],[121.54,25.287],[121.059,25.05],[120.189,23.775],[120.059,23.151],[120.24,22.659],[120.842,21.926],[120.948,22.527],[121.4,23.146],[121.906,24.95]]],[[[121.256,28.14],[121.231,28.22],[121.131,28.104],[121.256,28.14]]],[[[122.239,30.313],[122.211,30.347],[122.096,30.311],[122.202,30.242],[122.239,30.313]]],[[[122.399,30.457],[122.277,30.48],[122.285,30.422],[122.399,30.457]]],[[[121.423,39.475],[121.266,39.434],[121.434,39.386],[121.423,39.475]]],[[[110.548,21.037],[110.539,21.073],[110.408,21.048],[110.39,21.096],[110.246,21.028],[110.267,20.973],[110.363,21.006],[110.521,20.972],[110.548,21.037]]],[[[110.617,21.192],[110.488,21.209],[110.461,21.151],[110.543,21.105],[110.617,21.192]]],[[[118.394,24.523],[118.318,24.391],[118.449,24.416],[118.394,24.523]]],[[[118.093,24.556],[118.073,24.453],[118.137,24.429],[118.181,24.535],[118.093,24.556]]],[[[119.847,25.536],[119.777,25.652],[119.722,25.414],[119.847,25.536]]],[[[122.328,30.025],[121.975,30.148],[122.012,30.032],[122.294,29.934],[122.328,30.025]]],[[[121.844,31.608],[121.176,31.784],[121.572,31.529],[121.978,31.478],[121.844,31.608]]],[[[113.547,22.742],[113.491,22.706],[113.628,22.596],[113.636,22.657],[113.547,22.742]]],[[[118.633,39.075],[118.56,39.003],[118.471,38.971],[118.514,38.919],[118.594,38.972],[118.633,39.075]]]]}},{"type":"Feature","properties":{"name":"Israel","iso_a2":"IL","iso_a3":"ISR","continent":"Asia"},"geometry":{"type":"Polygon","coordinates":[[[34.248,31.211],[34.887,29.49],[35.439,31.104],[35.458,31.492],[34.867,31.396],[34.974,31.63],[35.238,31.709],[35.25,31.844],[35.034,31.861],[34.958,32.187],[35.209,32.543],[35.561,32.385],[35.666,33.247],[35.55,33.281],[35.48,33.087],[35.105,33.089],[34.481,31.583],[34.556,31.54],[34.248,31.211]]]}},{"type":"Feature","properties":{"name":"Palestine","iso_a2":"PS","iso_a3":"PSE","continent":"Asia"},"geometry":{"type":"MultiPolygon","coordinates":[[[[34.481,31.583],[34.2,31.314],[34.248,31.211],[34.556,31.54],[34.481,31.583]]],[[[35.561,32.385],[35.209,32.543],[35.064,32.463],[34.987,31.967],[35.25,31.844],[35.238,31.709],[34.974,31.63],[34.927,31.345],[35.458,31.492],[35.561,32.385]]]]}},{"type":"Feature","properties":{"name":"Lebanon","iso_a2":"LB","iso_a3":"LBN","continent":"Asia"},"geometry":{"type":"Polygon","coordinates":[[[35.105,33.089],[35.48,33.087],[35.55,33.281],[36.02,33.553],[35.922,33.64],[36.05,33.816],[36.311,33.872],[36.604,34.199],[36.324,34.68],[35.97,34.65],[35.983,34.539],[35.665,34.311],[35.578,33.917],[35.471,33.902],[35.105,33.089]]]}},{"type":"Feature","properties":{"name":"Ethiopia","iso_a2":"ET","iso_a3":"ETH","continent":"Africa"},"geometry":{"type":"Polygon","coordinates":[[[34.071,9.455],[34.07,8.534],[33.756,8.37],[33.253,8.458],[32.99,7.917],[33.051,7.801],[33.882,7.536],[34.198,7.064],[34.734,6.638],[34.984,5.841],[35.255,5.426],[35.804,5.318],[35.752,4.854],[35.934,4.522],[37.016,4.371],[38.102,3.613],[39.536,3.405],[39.849,3.867],[40.764,4.285],[41.115,3.962],[41.836,3.95],[42.135,4.2],[42.869,4.327],[43.119,4.648],[43.529,4.842],[43.969,4.954],[44.942,4.912],[47.979,7.997],[46.979,7.997],[43.985,9.008],[43.419,9.413],[43.187,9.883],[42.836,10.208],[42.647,10.632],[42.924,10.999],[42.616,11.09],[41.799,10.971],[41.808,11.736],[42.38,12.466],[40.833,14.106],[40.105,14.466],[39.515,14.568],[39.208,14.44],[39.011,14.648],[38.866,14.494],[38.427,14.417],[37.892,14.88],[37.565,14.117],[37.294,14.457],[37.006,14.263],[36.526,14.264],[36.124,12.721],[35.728,12.674],[35.088,11.838],[34.839,10.729],[34.587,10.879],[34.28,10.566],[34.304,10.114],[34.071,9.455]]]}},{"type":"Feature","properties":{"name":"South Sudan","iso_a2":"SS","iso_a3":"SSD","continent":"Africa"},"geometry":{"type":"Polygon","coordinates":[[[35.921,4.619],[35.752,4.854],[35.804,5.318],[35.255,5.426],[34.984,5.841],[34.734,6.638],[34.198,7.064],[33.882,7.536],[33.051,7.801],[32.99,7.917],[33.253,8.458],[33.756,8.37],[34.112,8.627],[34.071,9.455],[33.878,9.543],[33.969,9.838],[33.902,10.192],[33.151,10.731],[33.083,11.585],[33.209,12.21],[32.732,12.216],[32.747,12.003],[32.082,12],[32.345,11.709],[32.414,11.051],[31.164,9.764],[30.749,9.736],[30.013,10.271],[29.615,10.058],[29.483,9.762],[28.914,9.529],[28.844,9.325],[28.045,9.331],[27.895,9.595],[27.08,9.607],[26.694,9.477],[25.901,10.191],[25.843,10.418],[25.629,10.387],[25.084,10.293],[24.793,9.798],[24.558,8.887],[24.17,8.689],[24.244,8.57],[24.131,8.343],[24.832,8.166],[25.217,7.864],[25.19,7.501],[26.378,6.653],[26.29,6.387],[26.528,6.043],[27.124,5.769],[27.436,5.013],[27.767,4.735],[27.772,4.596],[28.014,4.55],[28.178,4.347],[28.404,4.278],[28.755,4.554],[29.174,4.348],[29.494,4.668],[29.778,4.524],[30.206,3.95],[30.539,3.842],[30.573,3.601],[30.772,3.618],[30.84,3.49],[31.142,3.785],[31.505,3.66],[31.781,3.816],[31.944,3.591],[32.175,3.521],[32.372,3.731],[32.98,3.879],[33.533,3.774],[34.381,4.62],[35.921,4.619]]]}},{"type":"Feature","properties":{"name":"Somalia","iso_a2":"SO","iso_a3":"SOM","continent":"Africa"},"geometry":{"type":"Polygon","coordinates":[[[42.924,10.999],[42.647,10.632],[42.836,10.208],[43.187,9.883],[43.419,9.413],[43.985,9.008],[46.979,7.997],[47.979,7.997],[44.942,4.912],[43.969,4.954],[43.529,4.842],[43.119,4.648],[42.79,4.286],[42.068,4.175],[40.98,2.842],[40.98,-0.871],[41.535,-1.696],[42.081,-0.863],[43.659,0.805],[44.55,1.559],[46.027,2.438],[47.949,4.457],[49.036,6.144],[49.842,7.963],[50.113,8.2],[50.84,9.456],[50.927,10.328],[51.417,10.448],[51.192,10.549],[51.038,10.416],[51.161,10.599],[51.081,11.342],[51.293,11.833],[50.798,11.989],[50.073,11.509],[48.977,11.251],[48.522,11.319],[48.161,11.146],[47.367,11.173],[46.448,10.693],[45.754,10.872],[44.962,10.416],[44.274,10.457],[43.241,11.488],[42.924,10.999]]]}},{"type":"Feature","properties":{"name":"Malawi","iso_a2":"MW","iso_a3":"MWI","continent":"Africa"},"geometry":{"type":"MultiPolygon","coordinates":[[[[34.965,-11.574],[34.621,-11.12],[34.672,-10.739],[34.536,-10.043],[34.288,-9.708],[34.013,-9.477],[33.865,-9.67],[32.921,-9.408],[32.975,-9.601],[33.175,-9.602],[33.337,-9.824],[33.318,-10.082],[33.533,-10.231],[33.674,-10.577],[33.319,-10.818],[33.391,-11.165],[33.213,-11.564],[33.303,-11.61],[33.253,-12.139],[33.518,-12.372],[33.025,-12.613],[32.995,-13.191],[32.723,-13.573],[32.763,-13.777],[33.049,-13.997],[33.155,-13.937],[33.625,-14.578],[34.344,-14.387],[34.502,-14.576],[34.569,-15.271],[34.233,-15.89],[34.446,-16.293],[35.096,-16.817],[35.081,-17.124],[35.235,-17.135],[35.278,-16.701],[35.132,-16.538],[35.375,-16.141],[35.796,-16.005],[35.785,-15.195],[35.904,-14.887],[35.853,-14.667],[35.084,-13.704],[34.641,-13.492],[34.545,-13.326],[34.354,-12.199],[34.607,-11.591],[34.965,-11.574]]],[[[34.694,-12],[34.656,-12.097],[34.733,-12.109],[34.754,-12.02],[34.694,-12]]]]}},{"type":"Feature","properties":{"name":"United Republic of Tanzania","iso_a2":"TZ","iso_a3":"TZA","continent":"Africa"},"geometry":{"type":"MultiPolygon","coordinates":[[[[32.921,-9.408],[33.865,-9.67],[34.013,-9.477],[34.288,-9.708],[34.536,-10.043],[34.672,-10.739],[34.621,-11.12],[34.965,-11.574],[35.576,-11.605],[35.826,-11.413],[36.2,-11.701],[36.667,-11.713],[36.82,-11.574],[37.428,-11.723],[37.784,-11.559],[37.938,-11.284],[38.492,-11.413],[38.896,-11.168],[39.212,-11.174],[39.761,-10.943],[40.437,-10.475],[40.449,-10.345],[39.78,-9.93],[39.644,-9.189],[39.493,-9.079],[39.28,-8.309],[39.454,-8.01],[39.304,-7.448],[39.551,-6.994],[38.852,-6.349],[38.778,-6.031],[39.215,-4.689],[37.599,-3.513],[37.7,-3.314],[37.645,-3.046],[34,-1.003],[30.472,-1.067],[30.831,-1.594],[30.888,-2.082],[30.834,-2.345],[30.508,-2.463],[30.416,-2.852],[30.802,-2.978],[30.832,-3.173],[30.469,-3.513],[30.003,-4.272],[29.728,-4.462],[29.404,-4.45],[29.324,-4.92],[29.594,-5.62],[29.526,-6.273],[29.739,-6.652],[30.295,-7.149],[30.96,-8.55],[31.353,-8.587],[31.673,-8.913],[32.921,-9.408]]],[[[39.896,-7.638],[39.65,-7.994],[39.823,-7.914],[39.896,-7.638]]],[[[39.544,-6.321],[39.295,-5.736],[39.177,-6.158],[39.509,-6.463],[39.544,-6.321]]],[[[39.643,-5.414],[39.796,-5.407],[39.856,-5.229],[39.74,-4.914],[39.643,-5.414]]]]}},{"type":"Feature","properties":{"name":"Syria","iso_a2":"SY","iso_a3":"SYR","continent":"Asia"},"geometry":{"type":"Polygon","coordinates":[[[35.612,32.682],[35.896,32.713],[36.373,32.386],[36.819,32.317],[40.936,34.386],[41.196,34.769],[41.192,35.182],[41.364,35.655],[41.277,36.355],[41.415,36.527],[41.844,36.618],[42.377,37.062],[42.353,37.227],[42.179,37.306],[41.48,37.076],[40.709,37.101],[39.24,36.661],[38.664,36.72],[38.29,36.902],[37.446,36.634],[37.015,36.642],[36.659,36.828],[36.536,36.494],[36.664,36.229],[36.361,36.182],[36.139,35.82],[35.911,35.918],[35.777,35.675],[35.962,35.198],[35.867,34.924],[35.97,34.65],[36.324,34.68],[36.604,34.199],[36.311,33.872],[36.05,33.816],[35.922,33.64],[36.02,33.553],[35.604,33.24],[35.612,32.682]]]}},{"type":"Feature","properties":{"name":"France","iso_a2":"-99","iso_a3":"-99","continent":"Europe"},"geometry":{"type":"MultiPolygon","coordinates":[[[[-54.615,2.326],[-54.135,2.111],[-53.765,2.369],[-52.96,2.175],[-52.708,2.359],[-52.362,3.132],[-51.683,4.039],[-51.801,4.613],[-51.931,4.59],[-52.995,5.458],[-53.944,5.745],[-54.482,4.913],[-54.41,4.209],[-53.989,3.611],[-54.003,3.455],[-54.19,3.178],[-54.212,2.776],[-54.615,2.326]]],[[[2.522,51.088],[1.581,50.869],[1.521,50.215],[1.391,50.075],[0.236,49.729],[0.08,49.542],[0.257,49.464],[0.072,49.359],[-1.123,49.345],[-1.306,49.558],[-1.271,49.698],[-1.869,49.662],[-1.546,49.03],[-1.58,48.643],[-2.312,48.687],[-2.636,48.539],[-3.091,48.871],[-4.765,48.52],[-4.783,48.376],[-4.426,48.404],[-4.269,48.288],[-4.458,48.249],[-4.302,48.196],[-4.362,48.116],[-4.684,48.067],[-4.435,47.976],[-4.372,47.807],[-3.894,47.855],[-3.074,47.577],[-2.758,47.639],[-2.502,47.527],[-2.556,47.383],[-2.206,47.273],[-1.993,47.052],[-2.119,46.82],[-1.805,46.504],[-1.111,46.259],[-1.073,45.904],[-1.23,45.792],[-0.753,45.424],[-0.669,45.131],[-0.915,45.45],[-1.14,45.49],[-1.234,44.707],[-1.165,44.779],[-1.065,44.659],[-1.257,44.556],[-1.477,43.58],[-1.794,43.386],[-1.403,43.243],[-1.435,43.036],[-0.039,42.685],[0.608,42.688],[0.656,42.838],[0.813,42.832],[1.429,42.595],[1.722,42.61],[1.707,42.503],[1.964,42.367],[2.465,42.341],[3.181,42.432],[3.038,42.683],[3.114,43.106],[3.939,43.533],[4.82,43.346],[5.028,43.417],[5.022,43.552],[5.214,43.458],[5.006,43.382],[5.339,43.334],[5.347,43.216],[5.857,43.045],[6.342,43.091],[7.438,43.743],[7.692,44.085],[6.996,44.238],[6.866,44.372],[6.983,44.847],[6.603,45.104],[7.062,45.219],[7.161,45.411],[6.796,45.718],[7.022,45.925],[6.774,46.135],[6.763,46.429],[6.302,46.395],[6.14,46.15],[5.959,46.212],[6.09,46.246],[6.064,46.471],[6.429,46.761],[6.443,46.944],[7.044,47.341],[6.899,47.396],[7.104,47.496],[7.379,47.431],[7.586,47.585],[7.573,48.095],[7.81,48.615],[8.189,48.966],[7.391,49.17],[6.726,49.156],[6.495,49.436],[5.478,49.495],[5.259,49.691],[4.849,49.794],[4.789,50.153],[4.657,49.989],[4.14,49.975],[4.21,50.06],[4.023,50.338],[3.662,50.319],[3.644,50.446],[3.271,50.527],[3.146,50.769],[2.787,50.723],[2.522,51.088]]],[[[-60.81,14.462],[-61.002,14.811],[-61.229,14.822],[-61.07,14.467],[-60.81,14.462]]],[[[-61.194,15.932],[-61.268,16.009],[-61.332,15.932],[-61.305,15.879],[-61.241,15.882],[-61.194,15.932]]],[[[-61.552,16.285],[-61.771,16.349],[-61.695,15.949],[-61.552,16.285]]],[[[-61.544,16.285],[-61.188,16.264],[-61.459,16.512],[-61.544,16.285]]],[[[55.788,-21.103],[55.578,-20.875],[55.303,-20.905],[55.225,-21.048],[55.555,-21.363],[55.821,-21.325],[55.788,-21.103]]],[[[45.201,-12.723],[45.043,-12.698],[45.132,-12.989],[45.201,-12.723]]],[[[8.566,42.209],[8.738,42.044],[8.614,41.901],[8.805,41.907],[8.696,41.729],[8.899,41.696],[8.778,41.592],[9.223,41.373],[9.553,42.113],[9.422,43.017],[9.343,42.749],[8.668,42.51],[8.681,42.273],[8.566,42.209]]],[[[-1.219,45.944],[-1.234,45.992],[-1.405,46.053],[-1.378,45.976],[-1.26,45.882],[-1.219,45.944]]]]}},{"type":"Feature","properties":{"name":"Suriname","iso_a2":"SR","iso_a3":"SUR","continent":"South America"},"geometry":{"type":"Polygon","coordinates":[[[-54.615,2.326],[-54.212,2.776],[-54.19,3.178],[-54.003,3.455],[-53.989,3.611],[-54.41,4.209],[-54.482,4.913],[-54.074,5.49],[-54.037,5.842],[-54.774,5.985],[-55.221,5.9],[-55.844,5.976],[-55.936,5.805],[-56.659,5.98],[-57.066,5.95],[-57.324,5.339],[-57.185,5.183],[-57.315,5.026],[-57.72,4.99],[-57.918,4.83],[-57.837,4.651],[-58.068,4.151],[-57.658,3.395],[-57.284,3.344],[-57.235,2.97],[-56.884,2.304],[-56.705,2.03],[-56.482,1.942],[-55.954,1.853],[-55.926,2.062],[-56.135,2.249],[-55.989,2.521],[-55.724,2.397],[-55.018,2.591],[-54.615,2.326]]]}},{"type":"Feature","properties":{"name":"Guyana","iso_a2":"GY","iso_a3":"GUY","continent":"South America"},"geometry":{"type":"Polygon","coordinates":[[[-56.482,1.942],[-56.705,2.03],[-56.884,2.304],[-57.235,2.97],[-57.284,3.344],[-57.658,3.395],[-58.068,4.151],[-57.837,4.651],[-57.85,4.923],[-57.315,5.026],[-57.185,5.183],[-57.324,5.339],[-57.161,5.639],[-57.167,6.085],[-58.068,6.822],[-58.398,6.883],[-58.567,6.637],[-58.49,7.376],[-59.165,8.059],[-60.021,8.558],[-59.848,8.228],[-60.503,7.821],[-60.731,7.525],[-60.643,7.221],[-60.372,7.172],[-60.313,7.04],[-60.721,6.76],[-61.13,6.716],[-61.122,6.187],[-61.38,5.905],[-60.74,5.202],[-60.132,5.243],[-59.983,5.086],[-60.161,4.565],[-59.687,4.381],[-59.738,4.203],[-59.529,3.932],[-59.863,3.552],[-60,2.694],[-59.903,2.36],[-59.742,2.264],[-59.75,1.851],[-59.242,1.378],[-58.834,1.186],[-58.519,1.267],[-58.514,1.439],[-58.332,1.593],[-58.027,1.517],[-57.991,1.65],[-57.561,1.709],[-57.341,1.969],[-56.482,1.942]]]}},{"type":"Feature","properties":{"name":"South Korea","iso_a2":"KR","iso_a3":"KOR","continent":"Asia"},"geometry":{"type":"MultiPolygon","coordinates":[[[[128.365,38.624],[128.04,38.304],[127.027,38.255],[126.666,37.938],[126.687,37.774],[126.531,37.755],[126.596,37.44],[126.823,37.296],[126.659,37.254],[126.703,37.125],[126.943,36.893],[126.364,37.002],[126.416,36.9],[126.131,36.768],[126.47,36.54],[126.693,36],[126.612,35.89],[126.733,35.886],[126.468,35.64],[126.409,34.845],[126.271,34.643],[126.49,34.509],[126.533,34.292],[127.291,34.721],[127.224,34.547],[127.316,34.445],[127.344,34.578],[127.501,34.612],[127.385,34.76],[127.511,34.885],[127.638,34.698],[127.75,34.737],[127.641,34.899],[127.744,34.96],[128.019,34.999],[128.435,34.843],[128.526,35.104],[129.194,35.156],[129.455,35.513],[129.587,36.017],[129.433,35.996],[129.382,36.202],[129.471,36.772],[129.331,37.282],[128.365,38.624]]],[[[126.405,36.459],[126.36,36.609],[126.315,36.582],[126.343,36.438],[126.405,36.459]]],[[[126.946,33.478],[126.485,33.521],[126.171,33.269],[126.841,33.31],[126.946,33.478]]],[[[126.38,34.498],[126.116,34.436],[126.21,34.359],[126.38,34.498]]],[[[128.07,34.815],[127.829,34.869],[127.868,34.722],[128.06,34.708],[128.07,34.815]]],[[[128.749,34.869],[128.694,34.986],[128.488,34.869],[128.618,34.726],[128.749,34.869]]],[[[126.563,37.514],[126.501,37.53],[126.356,37.466],[126.443,37.421],[126.563,37.514]]],[[[126.508,37.597],[126.425,37.824],[126.41,37.602],[126.508,37.597]]]]}},{"type":"Feature","properties":{"name":"North Korea","iso_a2":"KP","iso_a3":"PRK","continent":"Asia"},"geometry":{"type":"Polygon","coordinates":[[[128.365,38.624],[127.77,39.109],[127.372,39.24],[127.575,39.595],[127.521,39.747],[128.007,40.045],[128.665,40.201],[128.655,40.32],[129.078,40.473],[129.206,40.676],[129.717,40.835],[129.8,41.369],[129.659,41.465],[129.691,41.65],[130.202,42.174],[130.481,42.34],[130.7,42.295],[130.122,42.982],[129.88,42.996],[129.703,42.442],[129.363,42.445],[128.94,42.035],[128.035,41.994],[128.303,41.583],[128.186,41.405],[127.269,41.505],[126.887,41.785],[126.618,41.666],[126.522,41.378],[126.008,40.899],[124.896,40.484],[124.37,40.098],[124.322,39.913],[124.675,39.622],[124.76,39.748],[125.225,39.591],[125.432,39.301],[125.137,38.804],[125.26,38.67],[124.677,38.115],[125.141,38.098],[125.013,37.906],[125.24,37.93],[125.349,37.738],[125.609,37.806],[125.719,37.953],[125.597,38.032],[126.063,37.802],[126.398,37.892],[126.576,37.778],[127.027,38.255],[128.04,38.304],[128.365,38.624]]]}},{"type":"Feature","properties":{"name":"Western Sahara","iso_a2":"EH","iso_a3":"ESH","continent":"Africa"},"geometry":{"type":"Polygon","coordinates":[[[-13.178,27.663],[-13.561,26.749],[-14.41,26.26],[-14.782,25.447],[-14.908,24.686],[-15.768,23.96],[-16.467,22.377],[-16.817,22.131],[-16.967,21.781],[-17.057,20.767],[-16.959,21.333],[-13.015,21.333],[-13.12,22.884],[-12.619,23.271],[-12.015,23.495],[-12.015,25.995],[-8.681,26.013],[-8.682,27.661],[-13.178,27.663]]]}},{"type":"Feature","properties":{"name":"Costa Rica","iso_a2":"CR","iso_a3":"CRI","continent":"North America"},"geometry":{"type":"Polygon","coordinates":[[[-83.696,10.937],[-83.663,10.807],[-83.933,10.718],[-84.192,10.782],[-84.355,10.995],[-84.676,11.07],[-84.931,10.942],[-85.598,11.21],[-85.741,10.94],[-85.909,10.886],[-85.665,10.779],[-85.632,10.621],[-85.809,10.495],[-85.844,10.231],[-85.639,9.906],[-85.332,9.827],[-85.089,9.589],[-84.865,9.823],[-85.24,10.116],[-85.09,10.172],[-84.762,9.976],[-84.617,9.578],[-84.182,9.442],[-83.63,9.035],[-83.588,8.835],[-83.74,8.624],[-83.576,8.445],[-83.276,8.402],[-83.482,8.713],[-83.124,8.597],[-83.151,8.369],[-82.898,8.035],[-83.053,8.315],[-82.87,8.438],[-82.924,8.741],[-82.719,8.922],[-82.939,9.06],[-82.944,9.437],[-82.829,9.603],[-82.619,9.487],[-82.574,9.576],[-83.204,10.129],[-83.696,10.937]]]}},{"type":"Feature","properties":{"name":"Nicaragua","iso_a2":"NI","iso_a3":"NIC","continent":"North America"},"geometry":{"type":"Polygon","coordinates":[[[-85.702,11.081],[-85.598,11.21],[-84.931,10.942],[-84.676,11.07],[-84.355,10.995],[-84.192,10.782],[-83.933,10.718],[-83.663,10.807],[-83.868,11.274],[-83.653,11.612],[-83.7,11.85],[-83.836,11.871],[-83.617,12.348],[-83.767,12.547],[-83.545,12.797],[-83.635,12.474],[-83.492,12.4],[-83.559,13.416],[-83.192,14.387],[-83.414,14.828],[-83.13,14.997],[-83.39,15.031],[-84.483,14.62],[-84.904,14.817],[-85.19,14.31],[-85.747,13.888],[-86.097,14.044],[-86.314,13.777],[-86.766,13.745],[-86.702,13.314],[-86.911,13.24],[-87.047,12.981],[-87.667,12.982],[-85.702,11.081]]]}},{"type":"Feature","properties":{"name":"Republic of the Congo","iso_a2":"CG","iso_a3":"COG","continent":"Africa"},"geometry":{"type":"Polygon","coordinates":[[[18.626,3.477],[18.513,3.592],[18.182,3.477],[17.459,3.708],[16.639,3.529],[16.466,3.157],[16.479,2.836],[16.104,2.194],[16.159,1.735],[16.07,1.655],[15.765,1.909],[14.963,2.01],[14.562,2.209],[13.295,2.161],[13.162,1.9],[13.185,1.223],[13.795,1.434],[14.184,1.381],[14.468,0.913],[14.329,0.621],[13.945,0.35],[13.831,-0.205],[14.467,-0.553],[14.463,-1.534],[14.081,-2.5],[13.885,-2.488],[13.771,-2.119],[13.445,-2.427],[12.991,-2.332],[12.805,-1.919],[12.583,-1.826],[12.423,-1.898],[12.459,-2.33],[11.558,-2.349],[11.548,-2.864],[11.764,-2.983],[11.688,-3.171],[11.944,-3.303],[11.828,-3.548],[11.898,-3.666],[11.649,-3.673],[11.483,-3.509],[11.213,-3.697],[11.114,-3.937],[11.806,-4.577],[12.01,-5.02],[12.762,-4.391],[13.393,-4.885],[13.69,-4.691],[13.711,-4.464],[13.955,-4.492],[14.369,-4.278],[14.467,-4.448],[14.35,-4.567],[14.397,-4.856],[14.702,-4.89],[15.567,-4.038],[15.883,-3.945],[16.228,-3.29],[16.187,-2.205],[16.617,-1.729],[16.84,-1.262],[17.298,-1.021],[17.75,-0.523],[17.716,-0.196],[17.94,0.361],[17.867,1.017],[18.071,1.552],[18.072,2.16],[18.613,3.128],[18.626,3.477]]]}},{"type":"Feature","properties":{"name":"Democratic Republic of the Congo","iso_a2":"CD","iso_a3":"COD","continent":"Africa"},"geometry":{"type":"Polygon","coordinates":[[[18.626,3.477],[18.613,3.128],[18.072,2.16],[18.071,1.552],[17.867,1.017],[17.94,0.361],[17.716,-0.196],[17.75,-0.523],[17.298,-1.021],[16.84,-1.262],[16.617,-1.729],[16.187,-2.205],[16.228,-3.29],[15.883,-3.945],[15.567,-4.038],[14.702,-4.89],[14.397,-4.856],[14.35,-4.567],[14.467,-4.448],[14.369,-4.278],[13.955,-4.492],[13.711,-4.464],[13.69,-4.691],[13.393,-4.885],[13.112,-4.577],[12.833,-4.723],[12.444,-5.055],[12.509,-5.726],[12.211,-5.763],[12.267,-5.851],[12.45,-6.052],[12.924,-5.815],[16.515,-5.887],[16.727,-6.189],[16.946,-7.205],[17.628,-8.098],[18.098,-8.109],[18.517,-7.932],[19.356,-8.002],[19.522,-7.002],[20.612,-6.916],[20.521,-7.286],[21.785,-7.283],[21.861,-7.47],[21.759,-8.015],[21.936,-8.413],[21.793,-9.393],[22.313,-10.369],[22.322,-10.742],[22.166,-10.852],[22.282,-11.237],[22.538,-11.037],[23.834,-11.028],[23.968,-10.872],[24.382,-11.121],[24.31,-11.407],[24.565,-11.445],[25.279,-11.2],[25.3,-11.535],[25.515,-11.776],[26.697,-12.017],[26.967,-11.87],[27.01,-11.61],[27.18,-11.57],[27.234,-11.809],[27.638,-12.294],[27.831,-12.26],[28.423,-12.521],[28.994,-13.396],[29.169,-13.434],[29.574,-13.225],[29.626,-13.43],[29.798,-13.424],[29.799,-12.154],[29.474,-12.243],[29.5,-12.453],[29.03,-12.376],[28.497,-11.857],[28.356,-11.518],[28.7,-10.643],[28.57,-10.22],[28.669,-9.822],[28.372,-9.235],[28.893,-8.766],[28.915,-8.473],[30.752,-8.194],[30.295,-7.149],[29.739,-6.652],[29.526,-6.273],[29.594,-5.62],[29.324,-4.92],[29.404,-4.45],[29.215,-3.9],[29.235,-3.047],[28.891,-2.653],[28.859,-2.418],[29.11,-2.237],[29.245,-1.641],[29.578,-1.388],[29.712,0.1],[29.941,0.498],[29.947,0.825],[31.243,2.051],[31.178,2.303],[30.725,2.441],[30.896,3.52],[30.573,3.601],[30.539,3.842],[30.206,3.95],[29.619,4.642],[29.494,4.668],[29.174,4.348],[28.755,4.554],[28.404,4.278],[27.772,4.596],[27.641,4.891],[27.116,5.2],[26.867,5.038],[26.52,5.046],[25.581,5.375],[25.364,5.311],[25.308,5.032],[24.664,4.924],[24.46,5.107],[23.388,4.587],[22.898,4.824],[22.493,4.174],[22.303,4.129],[20.872,4.453],[20.603,4.41],[20.339,4.772],[19.825,5.097],[19.409,5.13],[18.537,4.306],[18.626,3.477]]]}},{"type":"Feature","properties":{"name":"Bhutan","iso_a2":"BT","iso_a3":"BTN","continent":"Asia"},"geometry":{"type":"Polygon","coordinates":[[[92.036,26.855],[92.085,27.304],[91.975,27.472],[91.595,27.546],[91.622,27.951],[91.27,28.073],[91.093,27.972],[90.369,28.068],[89.796,28.24],[89.225,27.808],[89.161,27.583],[88.966,27.478],[88.997,27.331],[88.73,27.151],[89.097,26.821],[89.822,26.701],[90.383,26.892],[90.717,26.767],[92.036,26.855]]]}},{"type":"Feature","properties":{"name":"Ukraine","iso_a2":"UA","iso_a3":"UKR","continent":"Europe"},"geometry":{"type":"Polygon","coordinates":[[[31.764,52.101],[30.959,52.075],[30.57,51.7],[30.555,51.244],[30.149,51.484],[29.297,51.374],[29.044,51.626],[28.704,51.443],[28.21,51.652],[28.071,51.558],[27.254,51.595],[27.178,51.747],[25.768,51.929],[24.391,51.88],[23.981,51.586],[23.594,51.605],[23.634,51.339],[24.13,50.869],[23.97,50.825],[24.107,50.539],[22.777,49.681],[22.641,49.529],[22.706,49.169],[22.853,49.085],[22.54,49.072],[22.133,48.405],[22.831,48.072],[22.878,47.947],[23.119,48.092],[23.461,47.971],[24.562,47.941],[24.897,47.71],[25.262,47.899],[26.173,47.993],[26.304,48.212],[26.843,48.394],[27.504,48.472],[28.799,48.112],[28.95,47.935],[29.124,47.976],[29.239,47.756],[29.164,47.439],[29.557,47.324],[29.559,46.946],[29.931,46.803],[29.916,46.519],[30.081,46.374],[29.848,46.342],[29.727,46.456],[29.201,46.357],[29.163,46.538],[28.946,46.455],[28.932,45.993],[28.474,45.658],[28.481,45.502],[28.2,45.462],[28.33,45.323],[28.71,45.227],[29.322,45.444],[29.57,45.395],[29.709,45.223],[29.747,45.463],[29.621,45.454],[29.603,45.691],[29.746,45.623],[29.969,45.839],[30.261,45.896],[30.773,46.396],[30.755,46.516],[31.909,46.663],[32.427,46.499],[31.582,46.545],[32.008,46.449],[31.817,46.348],[32.263,46.128],[33.424,46.053],[33.614,46.145],[33.709,45.91],[32.482,45.409],[33.563,45.094],[33.547,44.71],[33.38,44.565],[33.958,44.383],[34.469,44.73],[35.081,44.794],[35.547,45.12],[35.848,44.992],[36.44,45.068],[36.418,45.23],[36.638,45.351],[36.3,45.473],[35.481,45.298],[35.044,45.67],[34.839,46.208],[35.214,46.412],[35.291,46.293],[35.902,46.653],[36.83,46.732],[37.208,46.934],[37.335,46.883],[37.581,47.09],[38.217,47.103],[38.353,47.607],[38.735,47.677],[38.877,47.861],[39.759,47.833],[39.993,48.273],[39.816,48.308],[39.924,48.376],[39.809,48.584],[39.632,48.587],[39.703,48.747],[40.02,48.813],[39.674,48.97],[40.142,49.246],[40.041,49.456],[40.116,49.591],[39.802,49.542],[39.183,49.859],[38.937,49.804],[38.3,50.061],[37.995,49.921],[37.435,50.425],[36.594,50.204],[36.106,50.421],[35.57,50.377],[35.099,51.183],[34.282,51.226],[34.128,51.681],[34.376,51.709],[34.386,51.818],[33.804,52.355],[33.197,52.369],[32.927,52.247],[32.394,52.327],[32.233,52.081],[31.764,52.101]]]}},{"type":"Feature","properties":{"name":"Belarus","iso_a2":"BY","iso_a3":"BLR","continent":"Europe"},"geometry":{"type":"Polygon","coordinates":[[[23.606,51.517],[23.75,51.645],[23.981,51.586],[24.391,51.88],[25.768,51.929],[27.178,51.747],[27.254,51.595],[28.071,51.558],[28.21,51.652],[28.704,51.443],[29.044,51.626],[29.297,51.374],[30.149,51.484],[30.555,51.244],[30.57,51.7],[30.959,52.075],[31.764,52.101],[31.567,52.311],[31.505,52.849],[31.247,53.014],[31.379,53.182],[32.206,53.1],[32.718,53.335],[32.719,53.44],[32.29,53.761],[31.754,53.82],[31.847,53.992],[31.325,54.229],[31.065,54.492],[31.168,54.622],[30.771,54.786],[31.006,55.042],[30.794,55.286],[30.913,55.572],[30.218,55.855],[29.461,55.687],[29.344,55.787],[29.377,55.954],[27.912,56.1],[27.593,55.794],[26.981,55.827],[26.595,55.667],[26.446,55.338],[26.801,55.273],[25.783,54.87],[25.74,54.569],[25.53,54.346],[25.696,54.321],[25.74,54.146],[25.493,54.158],[25.472,54.297],[24.378,53.887],[23.486,53.939],[23.894,53.152],[23.923,52.743],[23.166,52.289],[23.638,52.085],[23.606,51.517]]]}},{"type":"Feature","properties":{"name":"Namibia","iso_a2":"NA","iso_a3":"NAM","continent":"Africa"},"geometry":{"type":"Polygon","coordinates":[[[16.487,-28.573],[16.769,-28.443],[16.893,-28.083],[17.098,-28.031],[17.192,-28.209],[17.346,-28.228],[17.404,-28.704],[18.167,-28.902],[18.746,-28.84],[19.162,-28.945],[19.569,-28.531],[19.982,-28.422],[19.978,-22.001],[20.985,-21.964],[20.975,-18.319],[23.255,-17.997],[23.645,-18.466],[24.365,-17.951],[24.506,-18.06],[24.821,-17.839],[25.26,-17.794],[25.139,-17.686],[24.958,-17.552],[24.221,-17.479],[20.806,-18.031],[20.336,-17.855],[18.89,-17.799],[18.454,-17.39],[14.085,-17.424],[13.495,-17.024],[13.166,-16.951],[12.555,-17.236],[12.095,-17.14],[11.766,-17.253],[11.797,-17.956],[12.032,-18.505],[12.45,-18.905],[13.213,-20.273],[13.387,-20.816],[14.509,-22.548],[14.522,-22.923],[14.41,-22.971],[14.474,-24.159],[14.853,-25.064],[14.843,-25.764],[14.966,-26.335],[15.129,-26.458],[15.083,-26.695],[15.295,-27.322],[15.762,-28.038],[16.487,-28.573]]]}},{"type":"Feature","properties":{"name":"South Africa","iso_a2":"ZA","iso_a3":"ZAF","continent":"Africa"},"geometry":{"type":"MultiPolygon","coordinates":[[[[19.981,-24.752],[19.982,-28.422],[19.569,-28.531],[19.162,-28.945],[18.746,-28.84],[18.167,-28.902],[17.404,-28.704],[17.346,-28.228],[17.192,-28.209],[17.098,-28.031],[16.893,-28.083],[16.769,-28.443],[16.472,-28.625],[16.809,-29.078],[17.282,-30.348],[18.277,-31.893],[18.273,-32.648],[17.852,-32.83],[18.432,-33.697],[18.475,-33.9],[18.315,-34.029],[18.406,-34.302],[18.555,-34.074],[18.816,-34.097],[18.808,-34.365],[19.304,-34.418],[19.642,-34.772],[20.058,-34.795],[20.524,-34.454],[20.961,-34.356],[21.703,-34.391],[22.564,-33.997],[23.408,-34.11],[23.636,-33.98],[24.858,-34.187],[24.953,-33.985],[25.598,-34.048],[25.785,-33.744],[26.515,-33.755],[27.101,-33.525],[28.549,-32.562],[29.406,-31.684],[30.01,-31.292],[31.489,-29.21],[32.379,-28.553],[32.893,-26.846],[31.992,-26.838],[31.968,-27.316],[31.527,-27.311],[31.157,-27.206],[30.88,-26.772],[30.802,-26.809],[30.805,-26.397],[31.12,-25.91],[31.427,-25.744],[31.949,-25.958],[31.992,-25.65],[31.987,-24.423],[31.856,-23.946],[31.546,-23.492],[31.289,-22.397],[31.163,-22.323],[30.301,-22.337],[29.759,-22.131],[29.048,-22.22],[28.913,-22.454],[28.339,-22.585],[27.549,-23.361],[27.127,-23.525],[26.85,-24.248],[26.404,-24.633],[25.868,-24.748],[25.587,-25.619],[24.665,-25.823],[23.925,-25.629],[23.459,-25.282],[23.007,-25.311],[22.545,-26.207],[21.687,-26.855],[20.694,-26.889],[20.605,-26.548],[20.841,-26.131],[20.794,-25.894],[20.365,-25.033],[19.981,-24.752]],[[28.981,-28.909],[29.312,-29.09],[29.436,-29.342],[29.114,-29.75],[29.144,-29.92],[28.364,-30.159],[28.055,-30.65],[27.744,-30.6],[27.366,-30.311],[27.002,-29.666],[27.345,-29.484],[27.747,-28.909],[28.667,-28.597],[28.981,-28.909]]],[[[37.662,-46.828],[37.619,-46.954],[37.885,-46.916],[37.662,-46.828]]]]}},{"type":"Feature","properties":{"name":"Saint Martin","iso_a2":"MF","iso_a3":"MAF","continent":"North America"},"geometry":{"type":"Polygon","coordinates":[[[-63.018,18.033],[-63.018,18.122],[-63.107,18.062],[-63.018,18.033]]]}},{"type":"Feature","properties":{"name":"Sint Maarten","iso_a2":"SX","iso_a3":"SXM","continent":"North America"},"geometry":{"type":"Polygon","coordinates":[[[-63.107,18.062],[-63.098,18.036],[-63.018,18.033],[-63.107,18.062]]]}},{"type":"Feature","properties":{"name":"Oman","iso_a2":"OM","iso_a3":"OMN","continent":"Asia"},"geometry":{"type":"MultiPolygon","coordinates":[[[[56.261,25.331],[56.236,25.211],[56.344,25.267],[56.261,25.331]]],[[[56.077,26.061],[56.184,26.015],[56.145,25.671],[56.279,25.627],[56.453,26.318],[56.182,26.246],[56.077,26.061]]],[[[56.383,24.978],[56.118,24.735],[56.006,24.956],[55.829,24.921],[55.754,24.246],[55.998,24.081],[55.462,23.931],[55.538,23.77],[55.226,23.121],[55.187,22.704],[55.638,21.979],[54.978,19.995],[51.979,18.996],[53.09,16.642],[54.023,16.985],[55.027,17.011],[55.255,17.229],[55.225,17.515],[55.445,17.841],[56.345,17.938],[56.561,18.149],[56.785,18.729],[57.84,19.015],[57.699,19.754],[57.856,20.261],[58.235,20.616],[58.224,20.396],[58.519,20.417],[58.68,20.828],[59.336,21.438],[59.825,22.281],[59.776,22.541],[59.411,22.671],[58.605,23.638],[57.645,23.79],[56.94,24.116],[56.383,24.978]]],[[[58.906,20.626],[58.638,20.219],[58.954,20.52],[58.906,20.626]]]]}},{"type":"Feature","properties":{"name":"Uzbekistan","iso_a2":"UZ","iso_a3":"UZB","continent":"Asia"},"geometry":{"type":"MultiPolygon","coordinates":[[[[71.786,39.99],[71.666,39.94],[71.742,39.901],[71.786,39.99]]],[[[70.959,40.238],[71.365,40.294],[71.76,40.168],[72.099,40.426],[72.371,40.386],[72.448,40.561],[72.586,40.509],[73.118,40.783],[71.872,41.195],[71.684,41.534],[71.276,41.113],[70.756,41.27],[70.704,41.446],[70.203,41.506],[70.846,42.03],[71.238,42.16],[71.078,42.281],[70.734,42.197],[70.61,42.027],[70.315,42.035],[69.871,41.7],[69.044,41.379],[69.039,41.22],[68.6,40.93],[68.593,40.6],[68.462,40.585],[68.068,40.788],[68.131,41.03],[67.937,41.2],[66.688,41.199],[66.504,41.994],[66.007,42.013],[66.101,42.99],[65.795,42.877],[65.517,43.297],[64.957,43.697],[64.427,43.547],[63.208,43.628],[62.026,43.481],[61.036,44.383],[58.531,45.559],[55.978,44.996],[55.978,41.322],[57.01,41.254],[57.154,41.372],[57.02,41.466],[56.95,41.866],[57.382,42.164],[57.851,42.191],[57.998,42.493],[58.325,42.432],[58.131,42.639],[58.493,42.646],[58.612,42.781],[59.245,42.365],[60.028,42.2],[59.984,41.949],[60.241,41.808],[60.049,41.754],[60.156,41.603],[60.094,41.39],[60.415,41.235],[61.281,41.157],[61.47,41.297],[61.878,41.125],[62.192,40.499],[62.353,40.43],[62.453,40.009],[63.709,39.191],[64.121,38.962],[64.337,38.971],[65.604,38.237],[65.877,38.273],[66.554,38.027],[66.646,37.946],[66.519,37.783],[66.52,37.364],[67.006,37.384],[67.237,37.192],[67.482,37.277],[67.781,37.189],[67.829,37.528],[68.361,38.174],[68.055,38.536],[68.173,38.845],[68.086,38.994],[67.691,38.99],[67.62,39.151],[67.378,39.2],[67.437,39.486],[67.765,39.623],[68.518,39.548],[68.616,39.828],[68.877,39.901],[68.789,39.994],[68.931,40.147],[68.602,40.175],[69.285,40.219],[69.198,40.546],[69.314,40.729],[69.436,40.803],[69.742,40.653],[70.446,41.026],[70.767,40.738],[70.371,40.365],[70.582,40.222],[70.959,40.238]]],[[[71.177,40.042],[70.953,40.079],[71.114,39.875],[71.221,39.932],[71.177,40.042]]]]}},{"type":"Feature","properties":{"name":"Kazakhstan","iso_a2":"KZ","iso_a3":"KAZ","continent":"Asia"},"geometry":{"type":"MultiPolygon","coordinates":[[[[87.324,49.085],[86.592,49.587],[86.748,49.783],[86.177,49.463],[85.597,49.619],[85.263,49.582],[84.955,49.907],[84.976,50.075],[84.25,50.26],[83.951,50.78],[83.434,50.993],[82.765,50.907],[82.476,50.714],[81.46,50.73],[81.401,50.959],[81.058,50.947],[81.147,51.136],[80.683,51.302],[80.476,51.21],[80.439,50.958],[79.99,50.788],[77.867,53.272],[76.526,53.961],[76.374,54.148],[76.665,54.134],[76.852,54.461],[75.361,54.06],[75.434,53.987],[75.028,53.808],[74.772,53.831],[74.454,53.685],[74.409,53.478],[73.873,53.632],[73.424,53.433],[73.23,53.662],[73.697,53.901],[73.741,54.058],[73.36,53.938],[72.624,54.135],[72.509,54.044],[72.656,54.043],[72.456,53.905],[72.357,54.082],[72.483,54.136],[72.152,54.368],[72.067,54.222],[71.182,54.102],[70.98,54.325],[71.191,54.318],[71.148,54.591],[71.265,54.639],[71.006,54.774],[70.82,55.294],[70.46,55.287],[70.197,55.134],[68.943,55.435],[68.923,55.276],[68.723,55.353],[68.605,55.196],[68.262,55.194],[68.191,55.125],[68.308,55.073],[68.166,54.956],[65.978,54.612],[65.952,54.694],[65.477,54.633],[65.214,54.528],[65.213,54.343],[65.085,54.309],[64.579,54.386],[63.124,54.174],[62.551,54.027],[62.499,53.878],[62.413,54.027],[62.003,54.017],[62.004,53.932],[61.194,54.018],[61.065,53.879],[61.202,53.82],[61.008,53.636],[61.555,53.506],[61.218,53.493],[61.203,53.276],[62.051,53.125],[62.094,52.993],[61.089,52.978],[60.677,52.664],[61.04,52.335],[60.003,51.993],[60.04,51.871],[60.452,51.806],[60.376,51.663],[61.474,51.426],[61.593,51.278],[61.372,50.783],[60.719,50.653],[60.3,50.685],[60.021,50.854],[59.775,50.534],[59.523,50.475],[59.438,50.631],[58.664,50.79],[58.595,51.023],[58.308,51.15],[57.769,51.12],[57.737,50.938],[57.491,50.867],[57.168,51.094],[56.695,51.064],[56.688,50.969],[56.508,51.066],[55.66,50.53],[54.638,51.028],[54.503,50.928],[54.638,50.886],[54.676,50.603],[54.436,50.548],[54.479,50.854],[53.674,51.22],[53.407,51.484],[52.506,51.479],[52.335,51.764],[51.869,51.673],[51.647,51.451],[51.304,51.472],[51.242,51.544],[51.372,51.63],[50.858,51.735],[50.747,51.709],[50.791,51.597],[50.582,51.635],[50.325,51.304],[49.423,51.102],[49.369,50.827],[48.673,50.58],[48.886,50.02],[48.785,49.933],[48.239,49.865],[47.625,50.441],[47.295,50.275],[47.309,50.045],[46.9,49.82],[46.775,49.333],[47.029,49.202],[47.021,49.097],[46.754,48.914],[46.479,48.41],[47.078,48.275],[47.12,47.82],[47.36,47.683],[47.435,47.834],[48.174,47.713],[49.006,46.769],[48.455,46.661],[49.227,46.328],[49.469,46.563],[49.817,46.54],[50.416,46.882],[51.187,47.117],[52.113,46.813],[52.456,47.001],[53.084,46.853],[53.188,46.718],[53.083,46.435],[53.157,46.272],[52.739,45.526],[53.218,45.341],[51.397,45.333],[51.243,45.101],[50.982,44.99],[50.971,44.847],[51.54,44.56],[51.143,44.485],[50.848,44.633],[50.299,44.655],[50.225,44.568],[50.345,44.311],[50.847,44.189],[51.273,43.559],[51.266,43.188],[51.651,43.191],[51.933,42.835],[52.169,42.887],[52.713,42.731],[52.402,42.093],[52.438,41.749],[52.979,42.127],[54.047,42.345],[54.907,41.932],[55.43,41.291],[55.978,41.322],[55.978,44.996],[58.531,45.559],[61.036,44.383],[62.026,43.481],[63.208,43.628],[64.427,43.547],[64.957,43.697],[65.517,43.297],[65.795,42.877],[66.101,42.99],[66.007,42.013],[66.504,41.994],[66.688,41.199],[67.937,41.2],[68.131,41.03],[68.068,40.788],[68.462,40.585],[68.593,40.6],[68.6,40.93],[69.039,41.22],[69.044,41.379],[69.871,41.7],[70.455,42.094],[70.61,42.027],[70.948,42.248],[70.858,42.291],[71.003,42.564],[71.263,42.754],[71.848,42.834],[73.477,42.399],[73.41,42.59],[73.56,43.017],[73.965,43.217],[75.646,42.806],[75.859,42.94],[76.957,42.989],[79.148,42.791],[79.398,42.497],[79.918,42.424],[80.21,42.19],[80.14,42.623],[80.228,42.791],[80.522,42.925],[80.368,43.029],[80.788,43.168],[80.345,44.103],[80.376,44.671],[80.476,44.735],[79.858,44.904],[81.665,45.348],[81.95,45.145],[82.585,45.177],[82.616,45.435],[82.292,45.533],[83.014,47.195],[83.905,46.974],[84.664,46.984],[84.74,46.815],[85.499,47.052],[85.66,47.207],[85.515,47.92],[85.719,48.359],[86.565,48.527],[86.745,48.704],[86.728,48.99],[86.887,49.107],[87.324,49.085]]],[[[52.693,45.46],[52.655,45.521],[52.552,45.478],[52.628,45.41],[52.693,45.46]]]]}},{"type":"Feature","properties":{"name":"Tajikistan","iso_a2":"TJ","iso_a3":"TJK","continent":"Asia"},"geometry":{"type":"MultiPolygon","coordinates":[[[[70.959,40.238],[70.582,40.222],[70.371,40.365],[70.767,40.738],[70.364,41.032],[70.28,40.878],[69.742,40.653],[69.436,40.803],[69.314,40.729],[69.198,40.546],[69.285,40.219],[68.602,40.175],[68.931,40.147],[68.789,39.994],[68.877,39.901],[68.616,39.828],[68.518,39.548],[67.765,39.623],[67.437,39.486],[67.378,39.2],[67.62,39.151],[67.691,38.99],[68.086,38.994],[68.173,38.845],[68.055,38.536],[68.361,38.174],[67.829,37.528],[67.785,37.097],[68.055,36.935],[68.897,37.336],[69.324,37.121],[69.529,37.586],[70.158,37.541],[70.283,37.705],[70.165,37.89],[70.596,38.338],[70.974,38.474],[71.334,38.281],[71.256,37.95],[71.598,37.898],[71.431,37.067],[71.611,36.705],[72.658,37.029],[73.276,37.46],[73.754,37.428],[73.618,37.233],[74.224,37.403],[74.66,37.394],[74.892,37.231],[75.164,37.401],[74.892,37.599],[74.965,37.768],[74.791,38.081],[74.833,38.464],[74.334,38.667],[74.14,38.669],[74.029,38.527],[73.797,38.603],[73.684,38.855],[73.816,38.994],[73.602,39.236],[73.633,39.448],[72.651,39.394],[72.203,39.241],[72.05,39.369],[71.733,39.285],[71.74,39.448],[71.492,39.494],[71.46,39.612],[70.74,39.386],[70.46,39.6],[69.286,39.54],[69.241,39.829],[69.314,39.987],[69.502,39.923],[69.506,40.097],[69.97,40.212],[70.526,40.034],[70.513,39.945],[70.959,40.238]]],[[[70.499,39.882],[70.582,39.767],[70.695,39.815],[70.499,39.882]]]]}},{"type":"Feature","properties":{"name":"Lithuania","iso_a2":"LT","iso_a3":"LTU","continent":"Europe"},"geometry":{"type":"Polygon","coordinates":[[[26.595,55.667],[25.65,56.144],[25.109,56.183],[24.892,56.439],[24.447,56.261],[22.094,56.417],[21.053,56.073],[21.268,55.249],[22.1,55.03],[22.581,55.058],[22.809,54.894],[22.682,54.57],[22.767,54.356],[23.433,54.169],[23.486,53.939],[23.643,53.899],[24.378,53.887],[25.472,54.297],[25.493,54.158],[25.74,54.146],[25.696,54.321],[25.53,54.346],[25.74,54.569],[25.783,54.87],[26.801,55.273],[26.446,55.338],[26.595,55.667]]]}},{"type":"Feature","properties":{"name":"Brazil","iso_a2":"BR","iso_a3":"BRA","continent":"South America"},"geometry":{"type":"MultiPolygon","coordinates":[[[[-57.603,-30.19],[-57.213,-30.287],[-57.102,-30.121],[-56.831,-30.102],[-55.817,-31.043],[-55.592,-30.848],[-55.26,-31.229],[-54.591,-31.471],[-54.274,-31.823],[-53.772,-32.047],[-53.561,-32.449],[-53.111,-32.722],[-53.537,-33.171],[-53.54,-33.649],[-53.379,-33.741],[-52.622,-33.102],[-52.127,-32.178],[-52.259,-32.054],[-52.17,-31.936],[-52.246,-31.841],[-51.923,-31.307],[-51.443,-31.081],[-51.383,-30.659],[-51.2,-30.4],[-51.286,-30.032],[-50.936,-30.432],[-50.604,-30.194],[-50.537,-30.32],[-50.607,-30.485],[-50.69,-30.353],[-50.731,-30.792],[-51.153,-31.067],[-51.245,-31.464],[-51.836,-31.855],[-52.048,-31.808],[-52.033,-32.109],[-50.721,-31.044],[-49.811,-29.443],[-49.343,-28.923],[-48.765,-28.544],[-48.874,-28.346],[-48.781,-28.487],[-48.565,-27.86],[-48.647,-27.48],[-48.555,-27.342],[-48.682,-26.719],[-48.614,-26.457],[-48.798,-26.305],[-48.583,-26.157],[-48.361,-25.571],[-48.635,-25.445],[-48.46,-25.471],[-48.407,-25.284],[-48.247,-25.411],[-48.091,-25.325],[-47.826,-24.894],[-46.364,-23.894],[-46.166,-23.982],[-45.864,-23.756],[-45.407,-23.82],[-45.433,-23.665],[-44.919,-23.349],[-44.584,-23.353],[-44.511,-23.273],[-44.714,-23.187],[-44.673,-23.059],[-44.336,-22.919],[-44.191,-23.049],[-43.864,-22.896],[-43.542,-23.049],[-43.22,-22.995],[-43.27,-22.747],[-43.076,-22.666],[-43.121,-22.93],[-43.031,-22.974],[-42.058,-22.954],[-41.922,-22.783],[-41.966,-22.535],[-41.771,-22.354],[-40.995,-22.014],[-41.072,-21.523],[-40.965,-21.274],[-40.732,-20.844],[-40.418,-20.615],[-40.027,-19.764],[-39.786,-19.602],[-39.659,-18.274],[-39.137,-17.68],[-39.209,-17.162],[-38.864,-15.843],[-39.067,-14.675],[-38.924,-14.004],[-38.93,-13.898],[-39.064,-13.936],[-38.968,-13.674],[-39.062,-13.4],[-38.752,-12.957],[-38.827,-12.867],[-38.722,-12.622],[-38.509,-12.723],[-38.538,-13.004],[-38.32,-12.935],[-36.903,-10.773],[-36.408,-10.502],[-35.305,-9.193],[-34.851,-8.069],[-34.797,-7.158],[-35.42,-5.211],[-35.997,-5.047],[-36.59,-5.103],[-37.183,-4.911],[-38.03,-4.237],[-38.457,-3.718],[-39.986,-2.848],[-40.5,-2.786],[-41.343,-2.92],[-41.996,-2.721],[-41.937,-2.788],[-42.222,-2.812],[-43.454,-2.341],[-43.477,-2.538],[-43.919,-2.55],[-44.063,-2.777],[-44.255,-2.765],[-44.034,-2.415],[-44.279,-2.475],[-44.433,-2.95],[-44.68,-3.194],[-44.646,-2.768],[-44.362,-2.31],[-44.497,-2.148],[-44.655,-2.231],[-44.501,-2.054],[-44.522,-1.847],[-44.708,-1.813],[-44.885,-1.505],[-45.091,-1.464],[-45.284,-1.732],[-45.356,-1.349],[-45.496,-1.481],[-45.696,-1.161],[-45.81,-1.275],[-46.094,-1.076],[-46.221,-1.141],[-46.221,-1.011],[-46.48,-1.022],[-46.614,-0.813],[-46.77,-0.867],[-46.859,-0.766],[-46.901,-0.857],[-47.294,-0.593],[-47.584,-0.578],[-47.653,-0.724],[-47.825,-0.607],[-47.946,-0.74],[-48.038,-0.662],[-48.34,-1.316],[-48.483,-1.281],[-48.503,-1.448],[-48.376,-1.51],[-48.535,-1.581],[-48.642,-1.386],[-48.812,-1.621],[-48.966,-1.6],[-49.527,-2.628],[-49.608,-2.605],[-49.389,-2.006],[-49.428,-1.799],[-49.676,-1.909],[-50.281,-1.894],[-50.429,-2.063],[-50.819,-1.436],[-50.84,-0.913],[-52.2,-1.685],[-52.279,-1.518],[-52.595,-1.573],[-51.921,-1.326],[-51.929,-1.178],[-51.724,-1.039],[-51.697,-0.747],[-51.202,-0.049],[-50.791,0.17],[-49.89,1.165],[-49.91,1.664],[-50.466,1.815],[-50.713,2.237],[-51.093,3.376],[-51.08,3.882],[-51.18,3.804],[-51.224,4.165],[-51.516,4.441],[-51.632,4.068],[-52.362,3.132],[-52.619,2.464],[-52.96,2.175],[-53.765,2.369],[-54.135,2.111],[-54.704,2.325],[-54.703,2.446],[-55.018,2.591],[-55.724,2.397],[-55.989,2.521],[-56.135,2.249],[-55.926,2.062],[-55.954,1.853],[-57.341,1.969],[-57.561,1.709],[-57.991,1.65],[-58.027,1.517],[-58.332,1.593],[-58.514,1.439],[-58.519,1.267],[-58.834,1.186],[-59.242,1.378],[-59.75,1.851],[-59.742,2.264],[-59.903,2.36],[-59.994,2.857],[-59.863,3.552],[-59.529,3.932],[-59.738,4.203],[-59.687,4.381],[-60.161,4.565],[-59.983,5.086],[-60.213,5.267],[-60.74,5.202],[-60.613,4.901],[-61.012,4.518],[-61.297,4.524],[-61.542,4.263],[-61.931,4.146],[-62.463,4.175],[-62.766,4.021],[-62.75,3.66],[-62.889,3.561],[-63.286,3.921],[-63.996,3.881],[-64.241,4.142],[-64.59,4.119],[-64.813,4.253],[-64.203,3.595],[-64.223,3.124],[-63.998,2.706],[-64.048,2.471],[-63.385,2.421],[-63.373,2.267],[-63.412,2.149],[-63.995,1.958],[-64.081,1.647],[-64.353,1.366],[-64.409,1.508],[-64.731,1.248],[-65.137,1.127],[-65.451,0.69],[-65.56,0.656],[-65.583,0.978],[-66.156,0.733],[-66.346,0.759],[-66.875,1.223],[-67.065,1.173],[-67.117,1.71],[-67.44,2.14],[-67.86,1.762],[-67.998,1.75],[-68.201,2.008],[-68.163,1.721],[-69.58,1.77],[-69.849,1.669],[-69.852,1.059],[-69.289,1.038],[-69.137,0.65],[-69.504,0.73],[-70.054,0.588],[-70.056,-0.181],[-69.632,-0.507],[-69.399,-1.183],[-69.989,-4.315],[-70.672,-4.133],[-70.969,-4.385],[-71.89,-4.514],[-72.918,-5.132],[-73.001,-5.709],[-73.235,-6.078],[-73.132,-6.435],[-73.765,-6.904],[-73.713,-7.305],[-73.979,-7.374],[-73.969,-7.585],[-73.712,-7.788],[-73.779,-7.954],[-73.526,-8.372],[-72.976,-8.985],[-73.215,-9.409],[-72.43,-9.482],[-72.195,-9.806],[-72.196,-10.006],[-71.313,-9.994],[-70.587,-9.439],[-70.641,-11.011],[-69.396,-10.935],[-68.616,-11.112],[-68.293,-10.979],[-68.044,-10.667],[-67.722,-10.705],[-67.585,-10.502],[-66.632,-9.904],[-65.789,-9.733],[-65.584,-9.837],[-65.371,-9.711],[-65.288,-10.216],[-65.45,-10.468],[-65.303,-10.991],[-65.374,-11.296],[-64.997,-11.996],[-64.469,-12.261],[-64.396,-12.457],[-63.658,-12.475],[-63.318,-12.702],[-63.075,-12.653],[-62.807,-12.989],[-62.115,-13.15],[-61.848,-13.531],[-61.041,-13.475],[-60.465,-13.817],[-60.27,-15.083],[-60.582,-15.099],[-60.238,-15.503],[-60.13,-16.273],[-58.34,-16.289],[-58.48,-16.684],[-58.381,-17.267],[-57.791,-17.556],[-57.551,-18.184],[-57.782,-18.91],[-57.716,-19.045],[-58.125,-19.73],[-57.86,-19.98],[-58.159,-20.165],[-57.825,-20.999],[-57.987,-22.035],[-56.843,-22.289],[-56.422,-22.074],[-56.197,-22.279],[-55.861,-22.289],[-55.631,-22.627],[-55.398,-23.977],[-54.944,-23.969],[-54.613,-23.811],[-54.245,-24.051],[-54.6,-25.575],[-53.91,-25.629],[-53.667,-26.219],[-53.819,-27.14],[-54.189,-27.261],[-54.287,-27.428],[-54.827,-27.545],[-55.026,-27.84],[-55.772,-28.232],[-55.684,-28.388],[-55.906,-28.378],[-56.416,-29.051],[-57.603,-30.19]]],[[[-38.944,-13.395],[-39.027,-13.472],[-38.949,-13.658],[-38.944,-13.395]]],[[[-38.615,-12.925],[-38.785,-13.05],[-38.786,-13.118],[-38.625,-13.002],[-38.615,-12.925]]],[[[-44.498,-2.807],[-44.548,-2.744],[-44.538,-2.97],[-44.498,-2.807]]],[[[-43.627,-2.252],[-43.742,-2.412],[-43.635,-2.4],[-43.627,-2.252]]],[[[-49.288,-1.758],[-49.338,-1.713],[-49.416,-1.784],[-49.422,-1.813],[-49.448,-1.837],[-49.453,-1.85],[-49.442,-1.868],[-49.426,-1.878],[-49.367,-1.895],[-49.293,-1.805],[-49.288,-1.758]]],[[[-44.892,-1.272],[-44.974,-1.26],[-45.027,-1.341],[-44.98,-1.396],[-44.885,-1.326],[-44.892,-1.272]]],[[[-48.339,-1.066],[-48.462,-1.164],[-48.334,-1.205],[-48.339,-1.066]]],[[[-48.195,-0.819],[-48.307,-1.021],[-48.207,-1.018],[-48.195,-0.819]]],[[[-50.819,-0.62],[-50.956,-0.607],[-51.1,-0.826],[-50.819,-0.62]]],[[[-47.66,-0.579],[-47.716,-0.637],[-47.701,-0.71],[-47.647,-0.703],[-47.66,-0.579]]],[[[-51.186,-0.614],[-51.308,-0.519],[-51.582,-0.699],[-51.892,-1.484],[-51.271,-1.018],[-51.186,-0.614]]],[[[-51.165,-0.14],[-51.376,-0.46],[-51.149,-0.264],[-51.165,-0.14]]],[[[-48.462,-0.576],[-48.427,-0.26],[-50.368,-0.106],[-50.696,-0.36],[-50.804,-1.425],[-50.56,-1.799],[-50.405,-1.831],[-50.052,-1.704],[-49.824,-1.817],[-49.556,-1.645],[-49.223,-1.621],[-49.182,-1.402],[-49.066,-1.532],[-48.839,-1.443],[-48.842,-1.213],[-48.643,-1.084],[-48.462,-0.576]]],[[[-50.974,-0.291],[-50.695,-0.167],[-50.664,-0.015],[-50.947,-0.012],[-50.974,-0.291]]],[[[-49.832,-0.103],[-49.439,-0.12],[-49.347,-0.01],[-49.628,0.058],[-49.832,-0.103]]],[[[-50.634,0.071],[-50.447,-0.015],[-50.49,0.159],[-50.611,0.183],[-50.634,0.071]]],[[[-50.037,0.3],[-50.367,0.215],[-50.345,0.047],[-50.004,-0.053],[-49.529,0.301],[-49.65,0.386],[-50.037,0.3]]],[[[-50.378,0.245],[-50.347,0.571],[-50.517,0.209],[-50.378,0.245]]],[[[-50.312,0.414],[-50.043,0.51],[-50.066,0.647],[-50.242,0.593],[-50.312,0.414]]],[[[-50.202,0.75],[-50.016,0.893],[-50.275,0.809],[-50.202,0.75]]],[[[-50.063,0.923],[-49.964,0.974],[-50.032,1.015],[-50.1,0.959],[-50.063,0.923]]],[[[-50.454,2.111],[-50.524,2.002],[-50.377,1.878],[-50.312,1.947],[-50.454,2.111]]],[[[-48.435,-27.405],[-48.563,-27.74],[-48.414,-27.595],[-48.435,-27.405]]],[[[-48.544,-26.342],[-48.516,-26.184],[-48.7,-26.317],[-48.611,-26.413],[-48.544,-26.342]]],[[[-47.517,-24.701],[-47.613,-24.754],[-47.832,-24.913],[-47.785,-24.924],[-47.55,-24.742],[-47.517,-24.701]]],[[[-45.214,-23.906],[-45.325,-23.725],[-45.447,-23.877],[-45.214,-23.906]]],[[[-44.101,-23.149],[-44.241,-23.07],[-44.284,-23.123],[-44.231,-23.193],[-44.101,-23.149]]]]}},{"type":"Feature","properties":{"name":"Uruguay","iso_a2":"UY","iso_a3":"URY","continent":"South America"},"geometry":{"type":"Polygon","coordinates":[[[-57.603,-30.19],[-57.85,-30.485],[-57.795,-30.858],[-58.075,-31.475],[-57.989,-31.643],[-58.203,-31.893],[-58.102,-32.311],[-58.2,-32.447],[-58.048,-32.912],[-58.174,-33.11],[-58.367,-33.154],[-58.435,-33.785],[-58.196,-34.159],[-57.822,-34.475],[-57.12,-34.463],[-56.15,-34.92],[-55.602,-34.772],[-54.939,-34.97],[-53.765,-34.39],[-53.379,-33.741],[-53.54,-33.649],[-53.511,-33.099],[-53.111,-32.722],[-53.561,-32.449],[-53.772,-32.047],[-54.274,-31.823],[-54.591,-31.471],[-55.26,-31.229],[-55.592,-30.848],[-56.011,-31.082],[-55.989,-30.856],[-56.831,-30.102],[-57.102,-30.121],[-57.213,-30.287],[-57.603,-30.19]]]}},{"type":"Feature","properties":{"name":"Mongolia","iso_a2":"MN","iso_a3":"MNG","continent":"Asia"},"geometry":{"type":"Polygon","coordinates":[[[116.684,49.823],[116.218,50.014],[115.369,49.895],[114.754,50.236],[114.286,50.277],[113.212,49.822],[113.044,49.589],[111.339,49.365],[110.731,49.138],[108.538,49.327],[107.927,49.67],[107.947,49.934],[107.225,49.997],[106.657,50.327],[106.245,50.29],[105.329,50.477],[104.122,50.148],[103.601,50.134],[102.974,50.296],[102.328,50.546],[102.184,51.324],[100.511,51.727],[99.918,51.75],[98.963,52.113],[97.916,51.301],[97.806,51.001],[98.023,50.642],[98.294,50.519],[98.263,50.284],[98.106,50.064],[97.302,49.726],[96.969,49.887],[96.041,49.998],[95.481,49.892],[94.625,50.015],[94.344,50.249],[94.238,50.565],[93.105,50.599],[92.962,50.778],[92.65,50.674],[92.302,50.843],[92.159,50.689],[91.75,50.684],[91.416,50.461],[91.012,50.425],[90.684,50.216],[89.624,49.903],[89.682,49.708],[89.252,49.629],[89.161,49.503],[88.2,49.454],[88.144,49.271],[87.816,49.166],[87.873,48.968],[87.738,48.869],[88.034,48.729],[87.943,48.6],[88.503,48.393],[88.581,48.212],[89.046,47.993],[89.542,48.031],[89.751,47.824],[90.045,47.88],[90.441,47.493],[91.048,46.566],[90.896,46.302],[91.002,46.022],[90.711,45.752],[90.651,45.493],[90.906,45.186],[93.525,44.951],[94.698,44.344],[95.379,44.287],[95.328,44.007],[95.51,43.979],[95.855,43.285],[96.294,42.933],[96.351,42.741],[97.193,42.787],[99.475,42.564],[100.017,42.677],[101.638,42.515],[102.034,42.185],[103.074,42.005],[103.691,41.759],[104.501,41.871],[104.498,41.666],[105.015,41.596],[106.768,42.287],[108.177,42.454],[109.485,42.449],[110.407,42.769],[110.934,43.288],[111.933,43.697],[111.839,43.939],[111.396,44.347],[111.843,45.04],[112.38,45.071],[112.749,44.865],[113.635,44.746],[114.055,44.941],[114.534,45.386],[115.638,45.444],[116.17,45.709],[116.213,45.908],[116.604,46.309],[117.302,46.35],[117.394,46.571],[117.798,46.52],[118.238,46.715],[118.816,46.758],[119.68,46.592],[119.904,46.709],[119.7,47.16],[118.473,47.989],[117.815,48.005],[117.317,47.654],[116.853,47.872],[116.244,47.863],[115.853,47.706],[115.6,47.887],[115.515,48.122],[115.809,48.274],[115.8,48.53],[116.684,49.823]]]}},{"type":"Feature","properties":{"name":"Russia","iso_a2":"RU","iso_a3":"RUS","continent":"Europe"},"geometry":{"type":"MultiPolygon","coordinates":[[[[87.816,49.166],[88.144,49.271],[88.2,49.454],[89.161,49.503],[89.252,49.629],[89.682,49.708],[89.624,49.903],[90.051,50.084],[92.4,50.851],[92.65,50.674],[92.962,50.778],[93.105,50.599],[94.238,50.565],[94.344,50.249],[94.625,50.015],[95.481,49.892],[96.041,49.998],[96.969,49.887],[97.302,49.726],[98.106,50.064],[98.263,50.284],[98.294,50.519],[98.023,50.642],[97.806,51.001],[97.916,51.301],[98.963,52.113],[99.918,51.75],[100.511,51.727],[102.184,51.324],[102.328,50.546],[102.974,50.296],[103.601,50.134],[104.122,50.148],[105.329,50.477],[106.245,50.29],[106.657,50.327],[107.225,49.997],[107.947,49.934],[107.927,49.67],[108.538,49.327],[110.731,49.138],[111.339,49.365],[113.044,49.589],[113.212,49.822],[114.286,50.277],[114.754,50.236],[115.369,49.895],[116.218,50.014],[117.759,49.513],[118.644,49.955],[119.316,50.093],[119.353,50.346],[119.141,50.377],[119.497,50.737],[119.518,50.905],[120.108,51.665],[120.706,51.98],[120.758,52.237],[120.626,52.347],[120.724,52.542],[120.056,52.601],[120.033,52.761],[120.874,53.28],[123.64,53.551],[124.72,53.149],[125.127,53.207],[125.621,53.062],[125.734,52.982],[125.669,52.878],[125.837,52.907],[126.035,52.727],[125.973,52.632],[126.421,52.287],[126.317,52.2],[126.531,52.153],[126.446,51.983],[126.955,51.33],[126.932,51.064],[127.287,50.751],[127.331,50.328],[127.578,50.221],[127.508,49.822],[127.831,49.594],[128.666,49.61],[129.051,49.377],[129.502,49.411],[130.249,48.865],[130.674,48.871],[130.533,48.636],[130.819,48.282],[130.663,48.116],[130.942,47.718],[132.525,47.708],[132.675,47.951],[133.092,48.107],[133.464,48.09],[134.386,48.381],[134.701,48.262],[134.567,48.04],[134.773,47.711],[134.184,47.328],[134.227,47.118],[133.849,46.48],[133.903,46.259],[133.687,46.142],[133.414,45.573],[133.14,45.435],[133.115,45.123],[132.953,45.024],[131.818,45.333],[131.42,44.959],[130.933,44.842],[131.265,44.054],[131.167,43.521],[131.281,43.38],[131.103,42.91],[130.404,42.678],[130.7,42.295],[130.858,42.525],[130.657,42.664],[131.185,42.56],[131.764,43.292],[131.992,43.273],[131.85,43.101],[131.952,43.072],[132.305,43.319],[132.289,42.883],[132.774,42.875],[132.816,42.756],[132.996,42.804],[133.158,42.688],[133.927,42.883],[135.14,43.508],[135.889,44.402],[136.123,44.476],[138.1,46.228],[138.535,46.987],[138.959,47.313],[139.262,47.788],[140.165,48.449],[140.344,49.218],[140.561,49.575],[140.416,49.863],[140.661,50.058],[140.523,50.151],[140.466,50.69],[140.708,51.074],[140.706,51.335],[140.896,51.429],[140.906,51.615],[141.43,51.942],[141.309,52.037],[141.515,52.172],[141.167,52.365],[141.259,52.847],[140.933,53.032],[141.189,52.988],[141.433,53.149],[141.378,53.31],[140.54,53.672],[140.252,53.891],[140.331,53.97],[140.241,54.057],[139.797,54.297],[139.372,54.196],[138.739,54.316],[138.761,53.975],[138.406,53.511],[138.247,53.533],[138.537,53.786],[138.559,53.99],[138.15,53.673],[137.335,53.529],[137.212,53.588],[137.771,53.944],[137.308,54.118],[137.685,54.277],[137.451,54.318],[137.061,54.146],[137.291,54.036],[137.186,53.851],[136.775,53.773],[136.659,53.926],[136.807,54.174],[136.739,54.414],[136.883,54.591],[135.75,54.571],[135.173,54.821],[136.566,55.623],[137.391,55.946],[137.914,56.36],[138.224,56.424],[138.148,56.604],[138.662,56.978],[140.496,57.845],[140.904,58.383],[141.584,58.618],[142.262,59.125],[143.16,59.354],[145.675,59.424],[145.976,59.399],[145.844,59.293],[146.05,59.139],[146.363,59.213],[146.319,59.402],[146.44,59.46],[147.546,59.238],[148.219,59.409],[148.788,59.237],[148.993,59.356],[148.727,59.45],[149.201,59.525],[149.081,59.56],[149.133,59.641],[149.598,59.758],[150.843,59.448],[150.937,59.556],[151.425,59.598],[151.76,59.299],[152.312,59.227],[151.088,59.102],[151.359,58.856],[152.02,58.875],[152.405,59.023],[152.916,58.917],[153.09,59.083],[153.337,59.09],[153.369,59.241],[154.049,59.053],[154.502,59.218],[155.194,59.176],[155.21,59.344],[154.963,59.496],[154.138,59.457],[154.075,59.509],[154.276,59.65],[154.221,59.87],[154.488,59.896],[154.408,60.063],[154.952,60.367],[155.921,60.755],[156.008,60.95],[156.547,61.209],[156.68,61.524],[157.028,61.651],[159.212,61.912],[159.526,61.796],[159.577,61.653],[160.295,61.94],[160.414,61.765],[159.965,61.378],[160,61.106],[159.853,60.983],[160.444,61.036],[160.17,60.825],[160.252,60.772],[160.16,60.641],[160.282,60.609],[160.829,60.755],[160.915,60.9],[162.417,61.676],[162.931,61.676],[163.045,61.517],[163.327,61.658],[162.978,61.81],[163.267,62.522],[164.375,62.691],[165.17,62.459],[164.538,62.451],[164.127,62.262],[164.045,61.683],[163.76,61.479],[164.029,61.347],[163.487,61.002],[163.774,60.919],[163.7,60.856],[162.889,60.753],[161.939,60.417],[161.897,60.203],[160.805,59.605],[160.497,59.553],[159.864,59.141],[159.497,58.717],[158.335,58.089],[157.723,58.025],[157.47,57.804],[156.801,57.773],[157.001,57.426],[156.656,57.076],[156.048,56.765],[155.686,56.039],[155.551,55.284],[156.111,52.935],[156.266,52.598],[156.432,52.525],[156.48,51.517],[156.536,51.289],[156.722,51.196],[156.72,50.887],[158.287,51.968],[158.39,52.226],[158.548,52.296],[158.516,52.746],[158.628,52.857],[158.415,52.993],[158.558,53.07],[158.709,52.892],[159.633,53.257],[160.016,53.115],[159.844,53.797],[160.053,54.176],[160.741,54.535],[161.753,54.52],[162.13,54.772],[161.813,55.179],[161.777,55.608],[162.142,56.129],[162.593,56.269],[162.401,56.37],[162.91,56.426],[162.99,56.533],[163.116,56.501],[162.638,56.221],[163.051,56.005],[163.366,56.181],[163.281,56.688],[162.784,56.763],[162.789,57.327],[163.33,57.709],[162.712,57.967],[162.53,57.937],[162.456,57.784],[162.215,57.822],[161.993,58.087],[162.405,58.654],[163.069,58.968],[162.887,59.114],[163.313,59.288],[163.169,59.511],[163.39,59.632],[163.378,59.814],[163.698,59.904],[163.652,60.052],[164.164,59.963],[164.489,60.111],[164.807,59.79],[165.199,60.005],[165.13,60.084],[166.393,60.48],[166.25,60.384],[166.11,59.828],[166.288,59.845],[167.048,60.328],[168.096,60.572],[169.286,60.621],[170.265,59.92],[170.666,60.341],[170.581,60.434],[172.476,61.056],[172.386,61.227],[172.895,61.278],[172.716,61.431],[173.128,61.397],[173.497,61.571],[173.545,61.749],[174.49,61.815],[176.279,62.317],[177.015,62.551],[176.931,62.694],[177.042,62.769],[177.334,62.688],[177.307,62.582],[178.061,62.541],[179.09,62.29],[179.149,62.496],[179.555,62.623],[179.541,62.849],[179.25,62.985],[179.418,63.117],[179.335,63.197],[178.596,63.411],[178.72,63.477],[178.676,63.564],[178.26,63.582],[178.763,63.643],[178.694,63.911],[178.468,63.993],[178.283,64.354],[178,64.21],[177.67,64.305],[177.364,64.563],[177.492,64.768],[176.727,64.579],[176.21,64.874],[177.026,64.774],[177.298,64.838],[177.17,64.946],[177.44,64.925],[177.744,64.706],[178.568,64.679],[178.562,64.592],[180,65.066],[180,68.981],[179.068,69.298],[178.654,69.317],[178.773,69.415],[176.504,69.754],[173.254,69.919],[173.479,69.836],[173.368,69.79],[172.791,69.963],[170.611,70.116],[170.592,69.765],[170.161,69.613],[170.584,69.6],[171.028,69.055],[170.351,68.828],[169.626,68.777],[169.304,69.098],[168.288,69.243],[168.241,69.558],[167.674,69.772],[166.678,69.496],[164.834,69.567],[164.027,69.774],[162.21,69.656],[161.703,69.496],[161.436,69.38],[161.399,69.221],[161.576,68.933],[161.21,68.692],[161.394,68.943],[160.963,69.106],[161.006,69.577],[159.801,69.807],[159.689,69.891],[160.106,70.264],[160.025,70.419],[159.238,70.829],[157.989,71.048],[155.936,71.099],[152.613,70.835],[151.969,70.945],[152.134,70.998],[151.492,71.333],[150.626,71.298],[150.515,71.346],[150.635,71.515],[149.968,71.535],[150.086,71.582],[149.953,71.67],[149.039,71.765],[149.408,71.897],[149.71,71.773],[150.067,71.922],[149.611,72.148],[147.196,72.33],[146.157,71.821],[144.906,71.699],[145.748,71.91],[145.791,72.028],[145.621,72.08],[145.849,72.162],[146.324,72.141],[145.993,72.03],[145.973,71.856],[146.929,72.313],[144.416,72.175],[144.194,72.228],[144.943,72.438],[146.802,72.355],[140.726,72.899],[140.664,72.809],[141.013,72.691],[140.878,72.538],[139.542,72.498],[139.136,72.304],[139.192,72.163],[140.146,72.225],[139.874,72.178],[139.574,71.933],[140.001,71.525],[139.718,71.457],[139.192,71.415],[138.756,71.643],[138.219,71.6],[137.829,71.394],[138.01,71.339],[137.766,71.168],[137.356,71.374],[135.985,71.635],[134.168,71.371],[133.152,71.579],[132.73,71.769],[132.813,71.832],[132.718,71.946],[132.264,71.682],[131.546,70.887],[131.042,70.739],[130.879,70.774],[130.789,70.971],[130.62,70.866],[129.763,71.148],[129.249,71.55],[128.875,71.597],[128.927,71.739],[128.453,72.093],[127.769,72.387],[129.146,72.1],[129.522,72.249],[129.367,72.315],[129.489,72.354],[127.961,72.662],[129.198,72.655],[129.308,72.718],[128.228,72.82],[129.444,73.029],[128.439,73.236],[127.988,73.471],[126.897,73.539],[126.563,73.382],[126.227,73.555],[125.761,73.47],[124.336,73.805],[123.903,73.708],[123.974,73.627],[123.246,73.546],[123.554,73.218],[123.138,72.918],[122.614,73.031],[122.36,72.95],[122.423,72.875],[119.783,73.018],[120.534,72.874],[118.353,73.282],[118.49,73.484],[118.998,73.491],[118.791,73.556],[115.413,73.71],[113.494,73.511],[113.844,73.347],[113.562,73.253],[113.131,73.45],[113.396,73.686],[113.112,73.892],[112.372,73.705],[111.436,73.813],[111.199,73.978],[111.537,74.051],[111.159,74.037],[111.008,73.913],[110.022,74.015],[109.531,73.775],[110.664,73.787],[110.918,73.766],[110.899,73.686],[108.393,73.317],[108.375,73.232],[106.36,73.194],[106.176,73.094],[106.255,72.967],[106.657,72.832],[106.137,72.911],[105.483,72.768],[105.29,72.8],[105.834,73.002],[106.063,73.273],[106.785,73.341],[107.147,73.618],[108.095,73.663],[108.996,74.016],[109.89,74.197],[110,74.374],[111.744,74.663],[112.147,74.878],[112.88,74.993],[113.605,75.285],[113.708,75.463],[112.878,75.647],[112.518,75.774],[112.559,75.851],[113.617,75.656],[113.89,75.854],[113.521,75.931],[113.46,76.148],[113.259,76.266],[112.858,76.144],[112.614,76.222],[112.74,76.267],[112.671,76.363],[111.555,76.684],[107.946,76.737],[107.985,76.623],[107.846,76.535],[106.449,76.504],[107.47,76.906],[106.83,77.055],[105.661,76.981],[105.797,77.113],[104.873,77.091],[105.984,77.438],[105.874,77.569],[104.023,77.733],[102.158,77.402],[101.207,77.099],[101.206,76.986],[100.919,76.976],[100.864,76.838],[101.235,76.767],[100.91,76.564],[101.036,76.52],[102.196,76.409],[100.851,76.54],[98.875,76.521],[99.878,76.096],[99.86,75.9],[99.679,75.876],[99.755,76.049],[99.172,76.212],[98.576,76.232],[97.799,76.095],[97.843,75.992],[96.831,75.915],[96.076,75.962],[95.979,76.034],[96.111,76.111],[95.39,76.164],[92.953,76.067],[93.006,75.944],[93.741,75.9],[89.954,75.578],[90.058,75.52],[89.132,75.453],[87.912,75.101],[87.025,75.164],[86.899,75.088],[87.732,75.039],[87.082,74.773],[85.74,74.636],[87.05,74.444],[87.126,74.376],[86.475,74.458],[85.937,74.368],[86.02,74.263],[86.803,74.184],[86.734,74.129],[87.43,73.82],[87.165,73.611],[86.204,73.558],[87.08,73.872],[86.783,73.902],[85.604,73.822],[85.427,73.712],[80.575,73.584],[80.506,73.498],[80.61,73.449],[80.273,73.31],[80.528,73.282],[80.506,73.078],[80.842,72.922],[80.632,72.734],[80.835,72.621],[80.704,72.545],[81.208,72.355],[82.198,72.282],[82.3,72.135],[82.185,72.094],[83.361,71.841],[83.628,71.611],[83.148,71.245],[83.775,70.477],[83.484,70.335],[82.952,70.325],[83.183,70.139],[83.111,70.07],[82.674,70.166],[82.664,70.26],[83.011,70.427],[83.134,70.882],[82.688,70.962],[82.479,70.805],[82.554,70.762],[82.445,70.607],[82.157,70.572],[82.408,70.79],[82.203,71.016],[82.353,71.096],[82.259,71.253],[82.985,71.463],[83.321,71.683],[83.252,71.726],[81.342,71.764],[80.647,72.034],[80.835,72.083],[79.391,72.386],[78.088,72.359],[77.377,72.11],[77.938,72.118],[78.204,72.001],[78.11,71.88],[77.727,71.827],[76.946,72.044],[76.027,71.924],[76.326,71.56],[78.279,71.259],[78.238,71.11],[79.053,70.942],[78.455,70.895],[78.002,70.964],[77.783,71.143],[75.343,71.335],[75.228,71.405],[75.533,71.542],[75.22,71.81],[75.721,72.25],[75.572,72.467],[75.702,72.547],[75.319,72.819],[74.748,72.808],[75.061,72.583],[75.076,72.21],[73.526,71.822],[73.482,71.653],[73.037,71.441],[73.556,71.255],[73.952,70.837],[74.318,70.668],[74.316,70.52],[73.735,70.181],[73.516,69.746],[73.9,69.414],[73.752,69.184],[74.715,69.085],[75.509,69.261],[76.042,69.239],[77.683,68.886],[77.715,68.621],[78.103,68.248],[77.537,68.129],[77.46,67.786],[78.623,67.605],[78.047,67.544],[77.12,67.769],[77.305,67.91],[77.193,67.985],[77.357,68.233],[77.167,68.282],[77.316,68.531],[76.663,68.763],[76.609,68.966],[74.628,68.775],[74.454,68.694],[74.332,68.386],[74.701,68.181],[74.825,67.941],[74.73,67.686],[73.9,67.296],[73.871,67.006],[72.942,66.657],[72.494,66.619],[72.347,66.306],[71.99,66.231],[71.429,66.356],[70.363,66.334],[69.113,66.619],[69.131,66.831],[69.936,66.863],[70.173,66.707],[70.68,66.716],[70.295,66.638],[70.689,66.515],[71.577,66.659],[71.496,66.927],[71.722,66.915],[72.231,67.169],[72.06,67.309],[72.403,67.328],[72.406,67.48],[72.612,67.626],[73.017,67.723],[73.205,67.866],[73.091,68.214],[73.644,68.502],[72.577,68.94],[72.48,69.13],[72.648,69.292],[72.627,69.511],[72.502,69.647],[72.692,69.837],[72.492,70.041],[72.622,70.162],[72.46,70.304],[72.771,70.425],[72.688,70.634],[72.827,70.888],[72.632,71.011],[72.671,71.109],[71.839,71.431],[71.838,71.532],[72.363,71.736],[72.351,71.864],[72.865,72.272],[72.802,72.666],[71.563,72.916],[69.302,72.93],[68.989,72.706],[68.479,71.836],[67.947,71.528],[66.927,71.298],[66.646,71.08],[66.823,71.001],[66.608,70.881],[66.689,70.77],[67.318,70.784],[67.094,70.221],[67.328,70.106],[66.874,69.996],[66.771,69.741],[66.855,69.637],[67.102,69.693],[67.969,69.491],[68.487,68.97],[69.109,68.879],[68.383,68.229],[68.184,68.242],[68.259,68.334],[68.135,68.423],[67.056,68.781],[67.129,68.839],[64.128,69.55],[60.927,69.868],[60.654,69.673],[60.139,69.578],[60.519,69.332],[60.582,69.15],[60.844,69.158],[60.938,68.963],[60.467,68.722],[59.774,68.668],[59.964,68.466],[59.675,68.336],[59.11,68.405],[59.056,68.62],[59.416,68.767],[58.879,69.003],[57.978,68.853],[57.33,68.565],[55.953,68.654],[55.393,68.564],[54.937,68.398],[54.864,68.185],[54.465,68.304],[54.24,68.211],[53.239,68.254],[53.932,68.391],[53.721,68.657],[53.958,68.877],[53.612,68.914],[54.356,68.959],[54.104,69.001],[52.289,68.615],[52.731,68.474],[52.402,68.338],[52.159,68.399],[52.334,68.493],[52.06,68.544],[50.796,68.377],[49.655,67.981],[48.843,67.865],[48.925,67.688],[48.008,67.651],[47.825,67.56],[47.948,67.444],[47.77,67.338],[47.726,67.001],[47.591,66.919],[46.583,66.816],[45.853,66.887],[45.594,67.158],[44.952,67.321],[44.919,67.441],[45.315,67.592],[45.35,67.73],[46.661,67.807],[46.535,68.133],[45.582,68.514],[43.985,68.551],[43.477,68.669],[43.326,68.614],[44.244,68.256],[44.132,67.804],[43.761,67.221],[44.499,66.922],[44.364,66.782],[44.488,66.676],[44.046,66.081],[43.252,66.437],[42.749,66.395],[42.201,66.532],[41.343,66.063],[40.796,65.992],[39.749,65.552],[39.712,65.402],[40.378,64.923],[40.529,64.578],[39.567,64.545],[38.512,64.788],[38.173,64.716],[38.358,64.852],[37.008,65.173],[36.807,64.959],[36.44,64.917],[36.56,64.717],[37.122,64.395],[37.807,64.425],[38.003,64.317],[37.914,64.22],[38.086,64.059],[38.002,63.956],[37.438,63.792],[36.292,64.01],[35.811,64.342],[35.411,64.287],[34.956,64.452],[34.847,64.56],[34.978,64.612],[34.798,64.756],[34.942,64.858],[34.369,65.392],[34.777,65.597],[34.866,65.878],[34.497,66.116],[33.62,66.309],[33.705,66.444],[33.035,66.592],[33.183,66.692],[32.705,66.796],[32.205,67.135],[32.636,67.133],[33.483,66.73],[33.587,66.82],[34.434,66.547],[34.804,66.614],[35.381,66.418],[38.554,66.055],[40.085,66.289],[41.178,66.81],[41.36,67.014],[41.338,67.171],[41.109,67.254],[41.017,67.698],[38.435,68.356],[37.681,68.713],[35.967,69.177],[33.852,69.339],[33.406,69.209],[33.524,69.428],[32.42,69.503],[32.06,69.66],[32.872,69.583],[33.129,69.726],[32.054,69.964],[31.918,69.927],[32.092,69.816],[31.754,69.854],[31.699,69.744],[30.841,69.806],[30.928,69.672],[30.853,69.527],[30.294,69.62],[30.123,69.442],[29.335,69.277],[29.065,69.035],[28.456,68.9],[28.802,68.836],[28.447,68.515],[28.664,68.204],[29.299,68.082],[30.009,67.686],[29.052,66.908],[29.9,66.108],[30.112,65.712],[29.703,65.629],[29.839,65.565],[29.58,65.235],[29.833,65.205],[29.821,65.094],[29.588,64.991],[29.698,64.839],[30.171,64.682],[29.966,64.579],[30.093,64.361],[30.559,64.22],[30.509,63.991],[29.981,63.742],[31.226,63.196],[31.57,62.906],[30.908,62.293],[27.808,60.553],[28.722,60.721],[28.607,60.39],[29.092,60.178],[29.849,60.167],[29.948,60.03],[30.21,60.001],[30.193,59.881],[29.161,60.003],[28.846,59.79],[28.428,59.813],[28.375,59.666],[28.087,59.799],[28.019,59.482],[28.187,59.375],[27.904,59.29],[27.411,58.755],[27.555,58.395],[27.495,58.222],[27.799,57.861],[27.538,57.812],[27.353,57.528],[27.84,57.291],[27.649,56.879],[27.919,56.806],[27.866,56.743],[28.126,56.548],[28.149,56.142],[28.621,56.083],[28.706,55.96],[29.377,55.954],[29.344,55.787],[29.461,55.687],[30.218,55.855],[30.913,55.572],[30.794,55.286],[31.006,55.042],[30.771,54.786],[31.168,54.622],[31.065,54.492],[31.325,54.229],[31.847,53.992],[31.754,53.82],[32.29,53.761],[32.719,53.44],[32.718,53.335],[32.206,53.1],[31.614,53.21],[31.379,53.182],[31.247,53.014],[31.505,52.849],[31.567,52.311],[31.764,52.101],[32.233,52.081],[32.394,52.327],[32.927,52.247],[33.197,52.369],[33.804,52.355],[34.386,51.818],[34.376,51.709],[34.128,51.681],[34.282,51.226],[35.099,51.183],[35.57,50.377],[36.106,50.421],[36.594,50.204],[37.435,50.425],[37.995,49.921],[38.3,50.061],[38.937,49.804],[39.183,49.859],[39.802,49.542],[40.116,49.591],[40.041,49.456],[40.142,49.246],[39.681,49.02],[40.02,48.813],[39.703,48.747],[39.632,48.587],[39.809,48.584],[39.924,48.376],[39.816,48.308],[39.993,48.273],[39.759,47.833],[38.877,47.861],[38.735,47.677],[38.26,47.493],[38.217,47.103],[39.088,47.286],[39.264,47.261],[39.262,47.009],[38.403,46.821],[38.374,46.729],[38.575,46.654],[37.738,46.676],[37.827,46.477],[38.56,46.033],[38.249,46.142],[38.131,45.99],[37.94,46.02],[37.829,45.753],[37.595,45.635],[37.586,45.432],[37.649,45.585],[37.738,45.375],[37.113,45.239],[37.132,45.341],[36.833,45.443],[36.83,45.231],[36.593,45.165],[37.192,44.991],[37.478,44.677],[37.875,44.689],[38.178,44.406],[38.776,44.261],[39.986,43.389],[40.233,43.576],[41.551,43.226],[42.83,43.169],[43.801,42.747],[43.751,42.599],[43.94,42.552],[44.558,42.753],[44.761,42.619],[44.859,42.76],[45.184,42.675],[45.356,42.52],[45.699,42.508],[45.621,42.225],[45.948,42.023],[46.55,41.798],[46.745,41.84],[47.268,41.303],[47.871,41.208],[48.579,41.845],[47.462,43.021],[47.565,43.268],[47.491,43.463],[47.702,43.875],[47.555,43.878],[47.38,43.56],[47.503,43.781],[47.246,44.212],[46.68,44.529],[46.792,44.706],[47.072,44.785],[47.626,45.709],[48.741,45.923],[48.664,46.09],[48.86,46.074],[49.227,46.328],[48.455,46.661],[49.006,46.769],[48.174,47.713],[47.435,47.834],[47.36,47.683],[47.12,47.82],[47.078,48.275],[46.479,48.41],[46.754,48.914],[47.021,49.097],[47.029,49.202],[46.775,49.333],[46.9,49.82],[47.309,50.045],[47.295,50.275],[47.557,50.453],[48.239,49.865],[48.785,49.933],[48.886,50.02],[48.673,50.58],[49.369,50.827],[49.423,51.102],[50.325,51.304],[50.582,51.635],[50.791,51.597],[50.747,51.709],[50.858,51.735],[51.372,51.63],[51.242,51.544],[51.304,51.472],[51.647,51.451],[51.869,51.673],[52.335,51.764],[52.506,51.479],[53.407,51.484],[53.674,51.22],[54.479,50.854],[54.436,50.548],[54.676,50.603],[54.638,50.886],[54.503,50.928],[54.638,51.028],[55.66,50.53],[56.508,51.066],[56.688,50.969],[56.695,51.064],[57.168,51.094],[57.491,50.867],[57.737,50.938],[57.769,51.12],[58.308,51.15],[58.595,51.023],[58.664,50.79],[59.438,50.631],[59.523,50.475],[59.775,50.534],[60.021,50.854],[60.3,50.685],[60.719,50.653],[61.372,50.783],[61.593,51.278],[61.474,51.426],[60.376,51.663],[60.452,51.806],[60.04,51.871],[60.003,51.993],[61.04,52.335],[60.677,52.664],[61.089,52.978],[62.094,52.993],[62.051,53.125],[61.203,53.276],[61.218,53.493],[61.555,53.506],[61.008,53.636],[61.202,53.82],[61.065,53.879],[61.194,54.018],[62.004,53.932],[62.003,54.017],[62.413,54.027],[62.499,53.878],[62.551,54.027],[63.124,54.174],[64.579,54.386],[65.085,54.309],[65.213,54.343],[65.214,54.528],[65.477,54.633],[65.952,54.694],[65.978,54.612],[68.166,54.956],[68.308,55.073],[68.191,55.125],[68.262,55.194],[68.605,55.196],[68.723,55.353],[68.923,55.276],[68.943,55.435],[70.197,55.134],[70.46,55.287],[70.82,55.294],[71.006,54.774],[71.265,54.639],[71.148,54.591],[71.191,54.318],[70.98,54.325],[71.182,54.102],[72.067,54.222],[72.152,54.368],[72.483,54.136],[72.357,54.082],[72.456,53.905],[72.656,54.043],[72.509,54.044],[72.624,54.135],[73.36,53.938],[73.741,54.058],[73.697,53.901],[73.23,53.662],[73.424,53.433],[73.873,53.632],[74.409,53.478],[74.454,53.685],[74.772,53.831],[75.028,53.808],[75.434,53.987],[75.361,54.06],[76.852,54.461],[76.665,54.134],[76.374,54.148],[76.526,53.961],[77.867,53.272],[79.99,50.788],[80.439,50.958],[80.476,51.21],[80.683,51.302],[81.147,51.136],[81.058,50.947],[81.401,50.959],[81.46,50.73],[82.476,50.714],[82.765,50.907],[83.434,50.993],[83.951,50.78],[84.25,50.26],[84.976,50.075],[84.955,49.907],[85.263,49.582],[85.597,49.619],[86.177,49.463],[86.748,49.783],[86.592,49.587],[87.324,49.085],[87.816,49.166]]],[[[22.767,54.356],[22.682,54.57],[22.809,54.894],[22.581,55.058],[22.1,55.03],[21.406,55.272],[21.181,55.193],[21.23,54.939],[21.079,54.9],[20.531,54.965],[20.925,55.283],[20.366,54.946],[20.034,54.948],[19.61,54.457],[22.767,54.356]]],[[[-180,65.066],[-179.663,65.141],[-179.26,65.532],[-179.723,65.782],[-179.827,65.934],[-179.768,66.103],[-179.309,66.126],[-179.218,66.182],[-179.336,66.283],[-178.982,66.159],[-178.622,66.296],[-178.496,66.14],[-178.895,65.977],[-178.411,65.682],[-178.529,65.511],[-177.416,65.441],[-176.977,65.608],[-175.909,65.403],[-175.741,65.123],[-175.865,64.999],[-175.457,64.797],[-174.592,64.817],[-174.652,64.725],[-174.072,64.549],[-173.989,64.412],[-173.385,64.395],[-173.368,64.286],[-173.106,64.241],[-172.822,64.32],[-172.836,64.454],[-172.388,64.407],[-172.465,64.558],[-172.893,64.665],[-172.701,64.878],[-172.093,65.05],[-172.201,65.217],[-172.551,65.206],[-172.162,65.421],[-172.389,65.432],[-172.39,65.582],[-172.684,65.704],[-171.808,65.489],[-171.039,65.467],[-170.982,65.592],[-171.36,65.71],[-170.667,65.6],[-170.489,65.671],[-170.532,65.853],[-169.641,66.068],[-171.363,66.675],[-171.63,66.908],[-172.666,66.885],[-173.547,67.091],[-174.575,67.077],[-174.026,66.961],[-173.931,66.668],[-174.197,66.589],[-173.691,66.439],[-174.434,66.356],[-174.436,66.532],[-174.971,66.665],[-174.686,66.762],[-174.908,67.037],[-174.806,67.365],[-175.16,67.338],[-175.286,67.667],[-175.824,67.813],[-175.921,67.747],[-175.713,67.58],[-176.268,67.669],[-176.049,67.852],[-176.782,67.968],[-176.718,68.026],[-177.259,68.211],[-177.608,68.197],[-178.042,68.428],[-178.7,68.543],[-178.637,68.638],[-178.845,68.752],[-180,68.982],[-180,65.066]]],[[[180,71.536],[178.905,71.237],[178.623,71.038],[178.832,70.809],[180,70.992],[180,71.536]]],[[[-180,70.992],[-179.342,70.908],[-177.93,71.041],[-177.443,71.237],[-178.395,71.541],[-179.736,71.586],[-180,71.537],[-180,70.992]]],[[[131.92,43.02],[131.799,43.053],[131.757,42.99],[131.883,42.961],[131.92,43.02]]],[[[142.529,54.297],[142.41,54.232],[142.719,53.907],[142.607,53.709],[142.8,53.698],[142.493,53.638],[142.577,53.5],[142.455,53.38],[142.307,53.366],[142.23,53.521],[141.769,53.372],[141.928,53.021],[141.844,52.591],[141.661,52.383],[141.639,51.885],[142.079,51.471],[142.267,51.074],[142.045,50.528],[142.174,50.086],[142.125,49.462],[141.857,48.774],[142.139,48.318],[142.191,47.967],[141.966,47.613],[142.057,47.054],[141.822,46.602],[142.04,45.924],[142.202,46.031],[142.457,46.631],[142.725,46.741],[142.772,46.61],[143.343,46.563],[143.421,46.223],[143.626,46.375],[143.512,46.77],[143.173,46.708],[143.084,46.814],[143.016,47.254],[142.545,47.767],[142.55,48.02],[143.07,49.185],[143.404,49.401],[144.101,49.231],[144.633,48.808],[144.667,48.89],[144.283,49.25],[143.79,50.309],[143.538,51.24],[143.379,51.35],[143.462,51.47],[143.221,51.532],[143.31,51.754],[143.163,51.874],[143.119,52.338],[143.23,52.52],[143.305,52.471],[143.361,52.871],[142.94,53.75],[143.004,54.136],[142.734,54.422],[142.529,54.297]]],[[[-172.243,64.816],[-172.461,64.828],[-172.633,64.684],[-172.18,64.738],[-172.243,64.816]]],[[[70.131,66.556],[70.086,66.69],[69.425,66.768],[69.835,66.489],[70.131,66.556]]],[[[161.487,69.027],[161.319,69.243],[161.375,69.546],[161.119,69.479],[161.141,69.087],[161.487,69.027]]],[[[161.631,69.561],[161.395,69.592],[161.41,69.416],[161.616,69.45],[161.631,69.561]]],[[[51.41,71.806],[51.532,71.566],[51.862,71.456],[52.574,71.576],[52.868,71.402],[53.444,71.546],[53.252,71.456],[53.362,71.333],[54.078,71.1],[53.492,71.073],[53.673,71.005],[53.684,70.908],[53.408,70.85],[53.547,70.812],[54.691,70.768],[55.163,70.553],[55.445,70.744],[56.132,70.596],[57.44,70.631],[57.639,70.73],[56.106,71.259],[55.355,71.943],[55.343,72.066],[55.575,72.2],[55.377,72.303],[55.764,72.676],[55.739,72.784],[56.22,72.827],[56.225,73.009],[56.548,73.122],[56.435,73.23],[54.935,73.425],[53.323,73.221],[53.156,73.151],[53.142,72.963],[53.396,72.93],[53.308,72.878],[52.617,72.863],[52.398,72.718],[52.914,72.597],[52.697,72.498],[52.669,72.306],[52.402,72.223],[52.483,72.174],[52.332,72.071],[51.61,72.092],[51.41,71.806]]],[[[86.892,73.697],[86.51,73.642],[86.762,73.604],[86.892,73.697]]],[[[94.999,76.273],[94.492,76.239],[94.781,76.181],[94.999,76.273]]],[[[56.987,74.691],[55.53,74.655],[55.709,74.522],[56.082,74.52],[55.388,74.445],[55.233,74.376],[55.529,74.282],[55.076,74.266],[55.857,74.129],[55.019,74.173],[54.678,74.068],[54.726,73.978],[53.631,73.76],[54.074,73.609],[55.047,73.698],[54.033,73.375],[54.25,73.328],[54.9,73.448],[55.435,73.332],[56.909,73.315],[57.946,73.807],[57.727,74.056],[58.108,73.986],[58.728,74.239],[58.571,74.389],[58.72,74.503],[59.091,74.495],[59.221,74.615],[59.084,74.649],[59.228,74.712],[59.875,74.629],[60.372,74.794],[60.194,74.855],[60.561,74.866],[60.833,75.153],[62.048,75.45],[68.288,76.281],[68.931,76.719],[68.463,76.967],[67.588,77.013],[65.753,76.683],[65.991,76.533],[65.403,76.559],[64.626,76.375],[62.957,76.207],[61.077,76.28],[60.838,76.123],[58.019,75.681],[58.187,75.589],[57.564,75.52],[57.741,75.328],[57.046,75.398],[56.836,75.355],[56.761,75.287],[56.881,75.223],[56.613,75.107],[55.808,75.157],[55.946,75.074],[55.865,75.004],[56.543,74.925],[55.885,74.846],[55.938,74.781],[56.987,74.691]]],[[[150.334,46.211],[149.667,45.853],[149.453,45.6],[150.142,45.898],[150.478,46.21],[150.334,46.211]]],[[[152.206,47.129],[151.712,46.807],[152.02,46.903],[152.206,47.129]]],[[[156.125,50.638],[156.073,50.782],[155.718,50.423],[155.202,50.294],[155.221,50.11],[155.385,50.038],[155.773,50.187],[156.153,50.519],[156.125,50.638]]],[[[156.461,50.874],[156.18,50.688],[156.406,50.63],[156.461,50.874]]],[[[155.564,50.808],[155.67,50.812],[155.631,50.912],[155.474,50.922],[155.564,50.808]]],[[[168.059,54.547],[167.924,54.645],[167.784,54.702],[167.734,54.763],[167.563,54.807],[167.501,54.785],[167.699,54.69],[168.059,54.547]]],[[[137.171,55.12],[136.67,54.907],[137.018,54.92],[137.171,55.12]]],[[[138.047,55.058],[137.606,55.2],[137.293,54.796],[137.485,54.879],[137.706,54.625],[138.184,55.058],[138.047,55.058]]],[[[166.664,54.756],[166.25,55.152],[166.288,55.304],[165.956,55.364],[165.801,55.272],[166.357,54.84],[166.664,54.756]]],[[[150.725,59.128],[150.548,59.062],[150.611,59.006],[150.783,59.091],[150.725,59.128]]],[[[164.707,58.977],[164.558,59.24],[163.967,59.029],[163.413,58.535],[164.632,58.865],[164.707,58.977]]],[[[35.867,65.031],[35.815,65.154],[35.524,65.144],[35.867,65.031]]],[[[50.323,69.151],[49.272,69.508],[48.806,69.493],[48.304,69.277],[48.219,68.909],[48.592,68.731],[49.249,68.78],[50.323,69.151]]],[[[169.447,69.849],[168.265,70.024],[167.791,69.808],[169.19,69.575],[169.447,69.849]]],[[[60.54,69.819],[59.024,70.48],[58.522,70.331],[58.453,70.196],[58.696,70.003],[59.603,69.818],[59.564,69.715],[60.201,69.685],[60.54,69.819]]],[[[53.232,71.216],[52.741,71.406],[52.258,71.349],[52.8,71.093],[53.122,71.086],[53.232,71.216]]],[[[137.914,71.559],[137.043,71.511],[137.767,71.431],[137.914,71.559]]],[[[78.279,72.552],[77.61,72.635],[76.918,72.293],[77.811,72.315],[78.395,72.491],[78.279,72.552]]],[[[128.831,72.655],[128.135,72.644],[128.653,72.528],[128.831,72.655]]],[[[128.317,72.812],[129.417,72.813],[128.994,72.933],[128.317,72.812]]],[[[79.563,72.768],[79.369,73.035],[79.14,73.095],[78.592,72.862],[78.91,72.741],[79.563,72.768]]],[[[74.725,73.107],[74.093,73.028],[74.465,72.9],[74.647,72.937],[74.725,73.107]]],[[[120.279,73.101],[120.022,73.168],[119.792,73.162],[119.659,73.109],[119.802,73.04],[120.23,73.04],[120.279,73.101]]],[[[76.695,73.186],[76.185,73.217],[76.318,73.148],[76.633,73.131],[76.695,73.186]]],[[[71.669,73.228],[71.459,73.348],[71.144,73.272],[70.949,73.518],[70.47,73.499],[69.983,73.408],[70.069,73.258],[69.934,73.132],[70.257,73.038],[71.495,73.15],[71.75,73.042],[71.669,73.228]]],[[[75.923,73.524],[75.619,73.553],[75.36,73.469],[75.803,73.454],[75.923,73.524]]],[[[143.475,73.321],[143.537,73.444],[143.407,73.543],[142.045,73.917],[141.127,73.882],[140.493,73.485],[139.767,73.418],[143.175,73.177],[143.565,73.231],[143.475,73.321]]],[[[124.586,73.916],[124.381,73.939],[124.296,73.873],[124.514,73.841],[124.586,73.916]]],[[[83.513,74.121],[82.918,74.131],[83.392,74.036],[83.513,74.121]]],[[[82.568,74.163],[82.353,74.081],[82.665,74.068],[82.568,74.163]]],[[[136.259,73.958],[135.59,74.235],[135.439,74.161],[136.259,73.958]]],[[[141.098,74.149],[140.891,74.277],[140.35,74.254],[140.165,74.071],[140.438,73.908],[141.038,74.004],[141.098,74.149]]],[[[113.406,74.444],[112.11,74.551],[111.987,74.396],[111.469,74.345],[112.775,74.088],[113.406,74.444]]],[[[85.539,74.574],[85.167,74.512],[85.631,74.511],[85.539,74.574]]],[[[86.079,74.555],[85.791,74.568],[85.659,74.471],[85.804,74.442],[86.113,74.487],[86.079,74.555]]],[[[85.227,74.745],[85.506,74.716],[85.659,74.794],[85.467,74.814],[85.227,74.745]]],[[[87.029,74.992],[86.524,74.987],[86.571,74.841],[87.029,74.992]]],[[[82.24,75.376],[81.492,75.362],[81.689,75.277],[82.24,75.376]]],[[[150.828,75.163],[148.61,75.216],[148.445,75.287],[148.58,75.383],[148.408,75.421],[146.797,75.366],[146.642,75.448],[146.771,75.507],[146.389,75.585],[146.072,75.24],[148.172,74.804],[149.209,74.758],[150.609,74.894],[150.828,75.163]]],[[[135.991,75.527],[136.16,75.63],[135.603,75.764],[135.45,75.376],[135.845,75.383],[136.033,75.444],[135.991,75.527]]],[[[83.28,75.956],[82.561,75.999],[82.415,75.965],[82.918,75.917],[83.28,75.956]]],[[[145.366,75.54],[143.947,75.835],[142.547,75.863],[141.391,76.144],[141.585,76.008],[141.039,76.053],[140.909,75.984],[140.864,75.739],[141.062,75.65],[140.677,75.623],[140.438,75.65],[140.481,75.801],[139.791,75.895],[139.912,75.937],[138.961,76.207],[137.433,75.953],[137.588,75.774],[137.068,75.726],[137.431,75.389],[136.862,75.362],[137.895,74.846],[139.016,74.658],[139.343,74.687],[139.562,74.846],[139.495,74.947],[139.85,74.965],[140.069,74.828],[141.844,74.999],[142.514,74.817],[143.708,74.948],[142.628,75.097],[142.083,75.526],[142.324,75.712],[143.001,75.708],[143.014,75.602],[142.494,75.376],[142.872,75.157],[143.999,75.025],[144.688,75.16],[144.894,75.292],[144.667,75.342],[144.729,75.432],[145.366,75.54]]],[[[96.644,76.267],[95.311,76.201],[96.401,76.155],[96.347,76.255],[96.644,76.267]]],[[[111.959,76.602],[112.618,76.459],[112.528,76.623],[111.959,76.602]]],[[[96.472,76.692],[96.232,76.712],[95.89,76.616],[96.253,76.616],[96.472,76.692]]],[[[149.375,76.738],[148.452,76.623],[149.2,76.627],[149.375,76.738]]],[[[96.527,77.206],[95.705,77.075],[96.007,76.986],[96.477,77.082],[96.527,77.206]]],[[[89.689,77.281],[89.135,77.218],[89.747,77.164],[89.689,77.281]]],[[[107.745,77.329],[107.395,77.36],[107.28,77.302],[107.626,77.268],[107.745,77.329]]],[[[107.704,78.137],[107.565,78.188],[106.477,78.163],[106.395,78.131],[107.574,78.068],[107.704,78.137]]],[[[105.416,78.583],[105.175,78.809],[104.499,78.864],[103.989,79.131],[102.64,79.014],[103.138,79.325],[102.303,79.433],[101.965,79.292],[101.544,79.341],[101.557,79.254],[101.028,79.124],[100.824,78.809],[100.255,78.665],[100.001,78.418],[100.05,78.343],[99.268,78.042],[100.037,77.962],[101.21,78.194],[104.787,78.336],[105.416,78.583]]],[[[77.614,79.522],[76.482,79.644],[76.174,79.569],[77.614,79.522]]],[[[93.628,79.933],[91.114,80.049],[91.262,79.903],[91.073,79.851],[92.625,79.673],[93.67,79.832],[93.628,79.933]]],[[[51.347,79.953],[51.001,80.103],[50.553,79.988],[51.347,79.953]]],[[[99.886,79.042],[99.062,79.28],[99.748,79.364],[99.707,79.569],[100.023,79.824],[99.199,80.05],[98.256,79.873],[97.768,79.947],[98.059,80.032],[97.592,80.175],[94.936,80.071],[94.288,79.899],[94.69,79.816],[93.28,79.553],[93.236,79.439],[93.749,79.544],[94.312,79.479],[94.365,79.237],[95.018,79.039],[95.422,79.106],[97.761,78.809],[99.406,78.823],[99.877,78.931],[99.886,79.042]]],[[[50.081,80.068],[50.229,80.226],[49.531,80.159],[50.081,80.068]]],[[[55.795,80.642],[56.928,80.663],[56.53,80.787],[55.432,80.714],[55.795,80.642]]],[[[46.687,80.529],[47.78,80.765],[48.764,80.66],[48.275,80.831],[47.536,80.857],[45.095,80.649],[45.489,80.524],[46.071,80.567],[46.084,80.44],[46.687,80.529]]],[[[62.222,80.813],[59.694,80.837],[59.229,80.644],[59.242,80.529],[59.636,80.431],[61.045,80.405],[62.072,80.614],[62.222,80.813]]],[[[58.13,80.781],[58.934,80.781],[58.929,80.882],[57.844,80.825],[58.13,80.781]]],[[[55.766,80.784],[55.097,80.903],[54.407,80.852],[54.877,80.721],[55.766,80.784]]],[[[51.689,80.727],[50.313,80.765],[51.045,80.852],[50.724,80.896],[49.677,80.854],[49.004,80.776],[49.628,80.731],[49.631,80.64],[48.827,80.498],[48.013,80.547],[47.969,80.468],[48.202,80.416],[47.911,80.369],[48.017,80.31],[46.65,80.314],[47.102,80.17],[47.929,80.247],[47.633,80.118],[48.444,80.101],[49.107,80.19],[48.655,80.317],[48.84,80.388],[49.816,80.401],[49.728,80.494],[50.95,80.537],[51.689,80.727]]],[[[79.807,80.974],[78.987,80.861],[80.437,80.94],[79.807,80.974]]],[[[58.654,81.044],[57.883,81.03],[58.561,80.957],[58.654,81.044]]],[[[57.336,80.892],[58.282,80.927],[56.799,81.028],[57.336,80.892]]],[[[54.564,80.995],[57.059,80.692],[57.681,80.817],[56.019,81.044],[54.455,81.049],[54.564,80.995]]],[[[50.477,81.07],[50.977,81.106],[50.53,81.168],[50.477,81.07]]],[[[91.547,81.154],[90.072,81.215],[89.996,81.105],[91.186,81.057],[91.547,81.154]]],[[[97.747,80.742],[97.789,80.817],[96.973,80.906],[95.777,81.289],[95.104,81.271],[95.187,81.218],[93.053,80.995],[93.107,80.921],[92.719,80.888],[92.682,80.755],[92.889,80.681],[92.741,80.513],[91.472,80.35],[93.694,79.998],[97.188,80.234],[97.423,80.327],[97.021,80.526],[97.192,80.645],[97.944,80.7],[97.747,80.742]]],[[[57.266,81.427],[58.571,81.413],[57.482,81.533],[56.755,81.45],[57.266,81.427]]],[[[62.504,81.653],[62.691,81.614],[63.468,81.589],[63.712,81.615],[63.678,81.695],[62.766,81.707],[62.504,81.653]]],[[[58.295,81.714],[59.356,81.753],[59.215,81.859],[58.156,81.83],[57.891,81.708],[58.295,81.714]]],[[[154.837,49.65],[154.603,49.303],[154.835,49.353],[154.837,49.65]]],[[[59.002,79.981],[59.927,79.995],[59.529,80.121],[58.796,80.044],[59.002,79.981]]],[[[55.712,80.104],[56.957,80.066],[57.138,80.118],[57.131,80.306],[55.989,80.337],[56.019,80.182],[55.712,80.104]]],[[[52.623,80.183],[53.59,80.242],[53.341,80.399],[52.183,80.276],[52.623,80.183]]],[[[57.529,80.131],[58.591,80.338],[59.276,80.33],[58.452,80.468],[56.946,80.482],[57.274,80.392],[57.22,80.241],[57.529,80.131]]],[[[53.798,80.473],[54.465,80.482],[54.269,80.589],[53.798,80.473]]],[[[60.256,81.036],[60.07,80.98],[60.988,80.922],[61.68,81.114],[60.256,81.036]]],[[[62.771,80.886],[62.617,80.798],[63.131,80.683],[64.426,80.741],[65.446,80.92],[65.45,81.023],[64.423,81.194],[64.037,80.987],[62.771,80.886]]],[[[57.336,81.205],[57.701,81.137],[57.888,81.246],[57.336,81.205]]],[[[55.647,81.2],[57.811,81.275],[56.336,81.385],[56.545,81.255],[55.586,81.317],[55.647,81.2]]],[[[58.564,81.324],[59.054,81.287],[59.3,81.364],[59.018,81.403],[58.564,81.324]]],[[[40.455,64.582],[40.228,64.7],[40.043,64.701],[40.195,64.574],[40.455,64.582]]],[[[67.328,69.573],[67.059,69.451],[67.259,69.439],[67.328,69.573]]],[[[47.851,43.999],[47.666,43.996],[47.643,43.944],[47.763,43.928],[47.851,43.999]]],[[[161.894,69.654],[161.667,69.637],[161.752,69.553],[161.894,69.654]]],[[[83.305,70.806],[83.147,70.65],[83.469,70.738],[83.305,70.806]]],[[[89.047,77.141],[88.664,77.08],[88.816,76.985],[89.136,77.127],[89.047,77.141]]]]}},{"type":"Feature","properties":{"name":"Czechia","iso_a2":"CZ","iso_a3":"CZE","continent":"Europe"},"geometry":{"type":"Polygon","coordinates":[[[14.81,50.858],[14.288,51.037],[14.382,50.921],[12.918,50.405],[12.08,50.243],[12.524,49.905],[12.384,49.743],[12.644,49.43],[14.075,48.592],[14.316,48.558],[14.696,48.59],[14.8,48.777],[14.919,48.762],[14.982,49.008],[16.032,48.758],[16.643,48.778],[16.945,48.604],[17.168,48.86],[17.727,48.863],[18.536,49.482],[18.833,49.51],[18.559,49.907],[17.839,49.974],[17.584,50.146],[17.735,50.29],[17.335,50.27],[16.916,50.431],[16.96,50.232],[16.701,50.095],[16.19,50.424],[16.383,50.514],[16.332,50.644],[15.35,50.784],[15.227,50.977],[14.997,51.008],[14.982,50.859],[14.81,50.858]]]}},{"type":"Feature","properties":{"name":"Germany","iso_a2":"DE","iso_a3":"DEU","continent":"Europe"},"geometry":{"type":"MultiPolygon","coordinates":[[[[13.816,48.766],[12.644,49.43],[12.384,49.743],[12.524,49.905],[12.08,50.243],[12.918,50.405],[14.382,50.921],[14.288,51.037],[14.775,50.813],[15.02,51.272],[14.586,51.804],[14.761,52.077],[14.54,52.422],[14.645,52.577],[14.145,52.96],[14.39,53.132],[14.265,53.752],[13.984,53.774],[13.819,53.878],[13.808,54.105],[13.479,54.125],[13.009,54.438],[12.876,54.365],[12.502,54.474],[12.109,54.183],[11.658,54.142],[11.459,53.917],[10.887,53.964],[10.753,54.044],[11.067,54.184],[11.077,54.342],[10.204,54.461],[10.02,54.546],[9.971,54.763],[8.661,54.896],[8.689,54.735],[9.012,54.506],[8.629,54.388],[8.652,54.275],[8.888,54.304],[8.813,54.181],[9.018,54.098],[8.833,54.036],[9.115,53.865],[8.573,53.858],[8.484,53.684],[8.566,53.547],[8.249,53.59],[8.321,53.509],[8.205,53.411],[7.951,53.722],[7.087,53.587],[7.075,53.338],[7.255,53.32],[7.184,52.966],[7.037,52.647],[6.702,52.619],[6.695,52.476],[6.973,52.451],[7.026,52.231],[6.675,52.035],[6.804,51.984],[6.717,51.899],[5.928,51.807],[6.193,51.509],[6.184,51.336],[6.065,51.232],[6.132,51.14],[5.875,50.965],[6.064,50.908],[5.995,50.75],[6.338,50.368],[6.096,50.049],[6.5,49.795],[6.345,49.455],[6.726,49.156],[7.391,49.17],[8.189,48.966],[7.81,48.615],[7.573,48.095],[7.522,47.67],[7.683,47.544],[8.354,47.581],[8.558,47.801],[9.949,47.524],[10.186,47.295],[10.452,47.439],[10.431,47.542],[11.259,47.401],[12.202,47.678],[12.745,47.665],[12.943,47.471],[13.075,47.647],[12.892,47.724],[12.991,47.847],[12.745,48.121],[13.406,48.377],[13.521,48.585],[13.714,48.523],[13.816,48.766]]],[[[14.21,53.939],[13.806,54.117],[14.051,54.005],[13.875,53.844],[14.21,53.939]]],[[[11.256,54.479],[11.121,54.536],[11.006,54.469],[11.189,54.426],[11.256,54.479]]],[[[13.698,54.392],[13.576,54.472],[13.641,54.586],[13.166,54.549],[13.251,54.387],[13.116,54.338],[13.347,54.238],[13.698,54.392]]]]}},{"type":"Feature","properties":{"name":"Estonia","iso_a2":"EE","iso_a3":"EST","continent":"Europe"},"geometry":{"type":"MultiPolygon","coordinates":[[[[24.306,57.868],[25.167,58.059],[26.003,57.846],[26.5,57.516],[26.947,57.615],[27.353,57.528],[27.538,57.812],[27.799,57.861],[27.495,58.222],[27.555,58.395],[27.411,58.755],[27.904,59.29],[28.187,59.375],[28.019,59.482],[27.116,59.442],[25.685,59.629],[25.408,59.491],[24.4,59.479],[23.471,59.212],[23.435,59.004],[23.625,58.973],[23.422,58.909],[23.784,58.801],[23.493,58.673],[23.741,58.343],[24.112,58.241],[24.362,58.397],[24.529,58.351],[24.306,57.868]]],[[[23.231,58.505],[22.583,58.635],[21.901,58.468],[21.99,58.387],[21.868,58.265],[22.203,58.148],[22.048,57.915],[22.323,58.207],[22.757,58.242],[23.231,58.505]]],[[[23.382,58.58],[23.288,58.667],[23.155,58.676],[23.059,58.604],[23.224,58.536],[23.382,58.58]]],[[[22.292,58.895],[22.556,58.687],[23.041,58.841],[22.598,59.09],[22.168,58.95],[22.292,58.895]]]]}},{"type":"Feature","properties":{"name":"Latvia","iso_a2":"LV","iso_a3":"LVA","continent":"Europe"},"geometry":{"type":"Polygon","coordinates":[[[27.353,57.528],[26.947,57.615],[26.5,57.516],[26.003,57.846],[25.049,58.056],[24.306,57.868],[24.379,57.23],[23.695,56.967],[23.251,57.114],[23.13,57.371],[22.484,57.743],[21.699,57.555],[21.421,57.289],[21.402,57.038],[21.065,56.846],[20.969,56.254],[21.053,56.073],[22.094,56.417],[24.447,56.261],[24.892,56.439],[25.109,56.183],[25.65,56.144],[26.481,55.678],[26.981,55.827],[27.593,55.794],[28.215,56.281],[27.919,56.806],[27.649,56.879],[27.84,57.291],[27.353,57.528]]]}},{"type":"Feature","properties":{"name":"Norway","iso_a2":"-99","iso_a3":"-99","continent":"Europe"},"geometry":{"type":"MultiPolygon","coordinates":[[[[20.623,69.036],[21.033,69.041],[21.156,69.088],[21.034,69.181],[21.098,69.24],[21.314,69.291],[21.663,69.263],[22.429,68.71],[23.198,68.618],[23.929,68.816],[24.861,68.563],[25.801,69.013],[25.734,69.191],[26.032,69.697],[26.501,69.918],[27.1,69.902],[27.867,70.075],[28.405,69.802],[29.131,69.674],[29.345,69.464],[28.827,69.107],[29.065,69.035],[29.335,69.277],[29.901,69.358],[30.294,69.62],[30.853,69.527],[30.928,69.672],[30.841,69.806],[30.289,69.887],[30.111,69.756],[29.59,69.723],[29.775,69.839],[29.686,69.97],[28.733,70.086],[28.754,70.168],[30.133,70.073],[31.063,70.367],[30.207,70.682],[29.352,70.695],[29.058,70.884],[28.795,70.873],[28.137,70.447],[27.849,70.483],[28.233,70.615],[28.301,70.703],[28.131,70.736],[28.546,70.98],[27.569,71.097],[27.123,70.922],[27.391,70.876],[26.976,70.527],[26.513,70.432],[26.744,70.824],[26.614,70.949],[25.441,70.342],[25.517,70.278],[25.253,70.101],[24.943,70.102],[25.201,70.307],[25.081,70.359],[25.264,70.405],[25.246,70.528],[25.825,70.828],[24.666,70.978],[24.574,70.799],[24.269,70.838],[24.725,70.665],[24.352,70.691],[23.513,70.366],[23.488,70.236],[23.276,70.225],[23.358,70.115],[22.998,70.082],[22.967,70.208],[21.987,70.323],[21.209,70.209],[21.839,70.092],[21.905,69.825],[21.253,70.003],[21.17,69.876],[20.512,69.77],[20.497,69.578],[20.277,69.392],[20.417,69.89],[20.315,69.964],[19.823,69.689],[19.674,69.682],[19.784,69.804],[19.296,69.783],[18.853,69.552],[18.498,69.522],[18.69,69.318],[18.301,69.487],[18.003,69.286],[18.081,69.169],[17.436,68.913],[17.694,68.892],[16.465,68.51],[17.26,68.455],[17.206,68.373],[16.423,68.389],[16.172,68.318],[16.172,68.204],[16.46,68.206],[16.275,67.975],[16.042,68.03],[16.104,68.16],[15.71,68.085],[15.969,68.009],[15.789,67.951],[14.789,67.823],[15.041,67.678],[15.411,67.797],[15.197,67.645],[15.267,67.524],[14.99,67.571],[14.407,67.278],[15.283,67.247],[13.59,66.938],[13.688,66.835],[13.284,66.661],[13.082,66.498],[13.171,66.412],[13,66.357],[13.306,66.218],[12.712,66.042],[12.952,66.036],[12.349,65.638],[12.597,65.489],[12.342,65.303],[12.472,65.089],[11.245,64.858],[11.622,64.843],[11.402,64.663],[11.521,64.518],[11.362,64.411],[11.076,64.524],[10.615,64.45],[10.014,64.119],[9.994,63.929],[9.546,63.774],[9.587,63.671],[10.03,63.784],[9.811,63.627],[10.08,63.508],[10.91,63.731],[11.056,63.861],[10.963,63.948],[11.262,64.036],[11.437,63.983],[11.096,63.89],[11.464,63.802],[10.756,63.625],[10.778,63.488],[10.577,63.431],[9.961,63.428],[9.699,63.645],[9.168,63.402],[8.639,63.392],[8.738,63.335],[8.515,63.306],[8.625,63.128],[8.166,63.115],[8.48,62.907],[7.997,63.092],[7.501,62.911],[7.271,63.014],[6.91,62.929],[6.97,62.726],[7.313,62.744],[7.365,62.593],[6.32,62.609],[6.305,62.459],[6.5,62.399],[5.929,62.199],[5.071,62.164],[5.363,61.906],[4.975,61.739],[4.993,61.63],[5.331,61.561],[4.999,61.377],[5.095,61.307],[4.964,61.266],[5.125,61.145],[6.434,61.115],[6.558,61.225],[7.305,61.13],[5.004,61.016],[5.047,60.844],[5.24,60.817],[5.033,60.742],[5.3,60.561],[5.739,60.705],[5.618,60.417],[5.238,60.489],[5.171,60.279],[5.304,60.191],[5.856,60.024],[6.192,60.384],[6.352,60.368],[6.075,60.198],[5.965,59.957],[5.772,59.931],[5.746,59.676],[5.437,59.708],[5.182,59.511],[5.475,59.279],[5.86,59.351],[5.748,59.446],[5.835,59.516],[6.112,59.275],[5.873,59.087],[5.883,58.959],[5.523,58.991],[5.626,58.926],[5.478,58.755],[5.704,58.521],[6.626,58.245],[6.619,58.068],[7.615,58.022],[8.123,58.102],[9.782,59.051],[9.846,58.956],[10.282,59.1],[10.484,59.515],[10.656,59.595],[10.733,59.241],[11.371,59.101],[11.452,58.896],[11.664,58.92],[11.812,59.25],[11.677,59.559],[11.904,59.77],[11.85,59.872],[12.447,60.051],[12.594,60.395],[12.256,60.981],[12.683,61.04],[12.877,61.371],[12.162,61.725],[12.318,62.234],[12.091,62.586],[12.104,62.923],[12.223,63.002],[11.992,63.289],[12.205,63.455],[12.17,63.598],[12.982,64.059],[13.982,64.019],[14.161,64.205],[14.116,64.441],[13.643,64.584],[14.514,65.318],[14.644,65.843],[14.541,66.125],[15.482,66.275],[15.426,66.491],[16.416,67.053],[16.438,67.2],[16.127,67.423],[16.609,67.647],[16.808,67.911],[17.322,68.105],[17.895,67.97],[18.167,68.159],[18.172,68.536],[18.436,68.574],[19.931,68.35],[20.246,68.477],[19.962,68.541],[20.357,68.805],[20.102,69.022],[20.623,69.036]]],[[[14.028,68.263],[13.637,68.294],[13.486,68.107],[13.719,68.078],[14.028,68.263]]],[[[14.763,68.495],[15,68.555],[14.714,68.577],[14.763,68.495]]],[[[5.277,59.299],[5.166,59.196],[5.297,59.169],[5.277,59.299]]],[[[5.307,59.759],[5.168,59.85],[5.076,59.766],[5.307,59.759]]],[[[5.489,59.861],[5.25,59.909],[5.422,59.759],[5.489,59.861]]],[[[5.619,60.074],[5.389,59.966],[5.572,59.923],[5.619,60.074]]],[[[5.112,60.201],[4.972,60.384],[4.948,60.259],[5.112,60.201]]],[[[5.688,60.677],[5.324,60.547],[5.681,60.482],[5.688,60.677]]],[[[4.961,61.177],[4.79,61.146],[4.894,61.056],[4.961,61.177]]],[[[4.865,61.889],[4.916,61.781],[5.223,61.849],[4.865,61.889]]],[[[5.736,62.281],[5.563,62.291],[5.547,62.193],[5.778,62.207],[5.736,62.281]]],[[[5.989,62.397],[5.805,62.362],[5.874,62.255],[6.066,62.348],[5.989,62.397]]],[[[7.64,63.055],[7.393,62.98],[7.706,63.007],[7.64,63.055]]],[[[8.113,63.239],[7.928,63.178],[8.188,63.158],[8.113,63.239]]],[[[8.484,63.247],[8.264,63.233],[8.566,63.178],[8.484,63.247]]],[[[7.915,63.343],[8.182,63.39],[7.778,63.411],[7.915,63.343]]],[[[9.139,63.568],[8.965,63.656],[8.278,63.467],[9.139,63.568]]],[[[8.36,63.671],[8.743,63.688],[8.826,63.72],[8.805,63.791],[8.36,63.671]]],[[[11.286,64.559],[11.229,64.611],[11.043,64.63],[11.18,64.507],[11.286,64.559]]],[[[12.451,65.426],[12.325,65.532],[12.188,65.355],[12.248,65.281],[12.451,65.426]]],[[[12.005,65.69],[11.825,65.693],[11.759,65.618],[11.927,65.596],[12.005,65.69]]],[[[13.055,68.098],[12.842,67.879],[13.131,67.953],[13.055,68.098]]],[[[15.001,68.365],[15.172,68.454],[14.654,68.429],[14.303,68.312],[14.199,68.153],[15.001,68.365]]],[[[16.423,68.492],[16.192,68.515],[16.095,68.398],[16.423,68.492]]],[[[17.206,68.893],[17.3,68.804],[17.44,68.866],[17.206,68.893]]],[[[16.529,68.722],[16.315,68.87],[15.933,68.684],[15.907,68.959],[15.677,68.963],[15.459,68.796],[15.514,68.636],[15.239,68.564],[15.268,68.461],[15.009,68.314],[15.904,68.37],[16.093,68.534],[16.482,68.548],[16.529,68.722]]],[[[16.566,68.968],[16.262,68.968],[16.567,68.887],[16.566,68.968]]],[[[14.397,68.661],[15.069,68.749],[15.165,68.701],[14.816,68.638],[15.063,68.579],[15.394,68.731],[15.295,68.907],[15.008,68.981],[15.05,68.853],[14.438,68.756],[14.397,68.661]]],[[[15.529,68.914],[16.15,69.291],[15.57,69.106],[15.46,69.013],[15.529,68.914]]],[[[18.071,69.438],[17.772,69.548],[17.263,69.478],[17.276,69.394],[16.915,69.318],[16.989,69.14],[16.787,69.108],[17.958,69.181],[17.923,69.332],[18.071,69.438]]],[[[18.999,69.829],[18.357,69.793],[18.291,69.639],[17.995,69.592],[18.823,69.591],[18.999,69.829]]],[[[19.619,70.017],[19.208,70.099],[18.769,69.955],[19.122,69.788],[19.619,70.017]]],[[[20.792,70.092],[20.824,70.195],[20.416,70.172],[20.432,70.068],[20.792,70.092]]],[[[19.982,70.147],[19.633,70.219],[19.82,70.06],[19.982,70.147]]],[[[22.922,70.305],[22.689,70.394],[22.374,70.332],[22.445,70.291],[22.732,70.257],[22.922,70.305]]],[[[23.656,70.503],[23.485,70.625],[22.897,70.451],[23.216,70.283],[23.656,70.503]]],[[[24.067,70.661],[23.64,70.702],[23.868,70.512],[24.067,70.661]]],[[[22.422,70.511],[23.182,70.689],[22.266,70.675],[22.141,70.483],[22.422,70.511]]],[[[26.136,71.038],[25.553,71.141],[25.293,71.045],[25.534,70.932],[26.136,71.038]]],[[[15.296,67.945],[14.978,67.972],[14.972,67.917],[15.163,67.911],[15.296,67.945]]],[[[30.021,69.832],[29.816,69.891],[29.796,69.756],[30.021,69.832]]],[[[19.813,70.003],[19.484,69.838],[19.721,69.865],[19.813,70.003]]],[[[18.667,70.028],[18.976,70.074],[18.754,70.112],[18.667,70.028]]],[[[-7.963,71.175],[-9.117,70.875],[-9.02,70.807],[-8.006,71.033],[-7.963,71.175]]],[[[19.16,74.526],[18.79,74.478],[19.074,74.347],[19.297,74.481],[19.16,74.526]]],[[[24.425,77.826],[23.121,77.986],[23.071,78.066],[23.471,78.151],[22.966,78.256],[21.697,78.211],[20.88,78.085],[21.662,77.918],[21.19,77.602],[20.874,77.569],[20.922,77.442],[22.447,77.578],[22.675,77.494],[22.439,77.439],[22.43,77.264],[23.235,77.264],[24.425,77.826]]],[[[21.024,78.219],[22.271,78.268],[22.235,78.488],[21.984,78.569],[21.178,78.623],[20.183,78.495],[21.024,78.219]]],[[[27.021,78.699],[26.396,78.775],[26.775,78.641],[27.021,78.699]]],[[[12.143,78.237],[11.267,78.574],[11.06,78.693],[11.184,78.734],[10.844,78.879],[10.56,78.909],[10.525,78.788],[11.122,78.439],[12.143,78.237]]],[[[29.439,78.905],[28.419,78.967],[27.842,78.844],[29.439,78.905]]],[[[20.099,79.124],[20.406,78.996],[20.832,79.055],[20.099,79.124]]],[[[20.209,78.638],[21.037,78.644],[21.508,78.747],[21.522,78.854],[19.906,79.014],[19.786,79.165],[18.945,79.157],[18.882,79.441],[18.727,79.544],[18.347,79.63],[17.783,79.494],[17.736,79.567],[18.098,79.727],[16.295,80.067],[15.956,79.945],[16.103,79.86],[15.652,79.85],[15.96,79.31],[16.151,79.234],[16.126,79.058],[14.858,79.774],[14.549,79.812],[13.883,79.542],[14.158,79.343],[13.477,79.587],[12.646,79.594],[13.973,79.775],[13.797,79.882],[12.768,79.773],[11.822,79.845],[10.708,79.561],[11.279,79.1],[11.701,79.168],[11.593,79.273],[12.115,79.261],[11.761,79.086],[12.507,78.912],[11.567,78.985],[11.565,78.887],[11.857,78.856],[11.643,78.747],[12.347,78.596],[12.363,78.487],[12.858,78.36],[12.911,78.247],[13.856,78.213],[14.286,78.387],[14.663,78.381],[14.384,78.501],[14.801,78.644],[15.209,78.656],[15.44,78.458],[16.829,78.673],[16.411,78.433],[16.937,78.352],[15.795,78.343],[15.035,78.117],[13.589,78.056],[13.719,77.768],[15.555,77.88],[16.87,77.811],[14.966,77.623],[15.853,77.532],[13.911,77.535],[14.374,77.199],[15.346,77.009],[16.316,77.004],[15.579,76.92],[16.337,76.616],[16.81,76.567],[17.192,76.697],[16.942,76.78],[17.324,76.979],[17.483,77.306],[17.813,77.494],[18.194,77.49],[18.445,77.756],[18.33,77.905],[18.583,78.055],[19.063,78.087],[18.921,78.179],[19.066,78.378],[18.993,78.467],[20.209,78.638]]],[[[33.099,80.228],[32.94,80.206],[31.496,80.116],[31.611,80.073],[32.831,80.133],[33.099,80.228]]],[[[27.171,80.073],[24.376,80.332],[23.758,80.276],[23.805,80.185],[23.601,80.143],[23.055,80.248],[23.306,80.29],[23.267,80.454],[22.75,80.505],[22.833,80.413],[22.388,80.427],[22.333,80.364],[22.564,80.311],[22.374,80.111],[21.763,80.147],[21.847,80.272],[20.883,80.211],[19.802,80.493],[19.468,80.464],[19.838,80.29],[19.105,80.258],[19.399,80.138],[18.008,80.19],[18.806,79.983],[18.147,79.916],[18.784,79.723],[21.888,79.824],[21.85,79.707],[19.633,79.611],[20.197,79.469],[22.417,79.41],[22.926,79.223],[24.053,79.189],[24.288,79.31],[25.646,79.398],[25.965,79.526],[25.826,79.626],[27.15,79.855],[27.171,80.073]]]]}},{"type":"Feature","properties":{"name":"Sweden","iso_a2":"SE","iso_a3":"SWE","continent":"Europe"},"geometry":{"type":"MultiPolygon","coordinates":[[[[20.623,69.036],[20.102,69.022],[20.357,68.805],[19.962,68.541],[20.246,68.477],[19.931,68.35],[18.172,68.536],[18.167,68.159],[17.895,67.97],[17.322,68.105],[16.808,67.911],[16.483,67.558],[16.2,67.508],[16.127,67.423],[16.438,67.2],[16.416,67.053],[15.426,66.491],[15.482,66.275],[14.541,66.125],[14.644,65.843],[14.514,65.318],[13.643,64.584],[14.116,64.441],[14.161,64.205],[13.982,64.019],[13.234,64.091],[12.682,63.956],[12.17,63.598],[12.205,63.455],[11.992,63.289],[12.223,63.002],[12.104,62.923],[12.091,62.586],[12.318,62.234],[12.162,61.725],[12.877,61.371],[12.683,61.04],[12.256,60.981],[12.594,60.395],[12.447,60.051],[11.85,59.872],[11.904,59.77],[11.677,59.559],[11.812,59.25],[11.664,58.92],[11.452,58.896],[11.355,59.092],[11.108,58.954],[11.232,58.8],[11.225,58.371],[11.567,58.249],[11.807,58.327],[11.876,58.199],[11.706,57.722],[12.059,57.459],[12.375,56.912],[12.934,56.547],[12.622,56.419],[12.834,56.266],[12.505,56.275],[13.061,55.675],[12.929,55.579],[13,55.4],[14.181,55.391],[14.363,55.524],[14.209,55.821],[14.567,56.056],[14.768,56.031],[14.686,56.147],[15.573,56.206],[15.852,56.086],[16.379,56.676],[16.553,57.11],[16.485,57.295],[16.689,57.472],[16.676,57.765],[16.46,57.895],[16.774,57.923],[16.679,58.005],[16.821,58.207],[16.721,58.437],[16.866,58.483],[16.234,58.669],[17.093,58.661],[17.761,59.037],[17.749,58.924],[17.931,58.91],[18.482,59.348],[18.043,59.397],[19.085,59.772],[18.862,59.803],[19.072,59.896],[18.42,60.194],[18.428,60.349],[17.919,60.6],[17.638,60.515],[17.575,60.648],[17.238,60.698],[17.082,61.571],[17.399,61.722],[17.344,61.924],[17.57,62.205],[17.342,62.498],[17.862,62.501],[18.043,62.592],[17.926,62.822],[18.4,62.842],[18.611,63.179],[19.033,63.182],[19.276,63.443],[20.688,63.799],[20.967,64.149],[21.607,64.452],[21.245,64.622],[21.312,64.699],[21.181,64.836],[21.702,65.286],[21.489,65.393],[21.942,65.412],[22.032,65.467],[21.9,65.501],[22.385,65.628],[22.258,65.665],[22.326,65.837],[23.087,65.728],[24.163,65.823],[23.724,66.207],[23.642,66.436],[23.882,66.564],[24.001,66.812],[23.581,67.153],[23.765,67.42],[23.431,67.486],[23.554,67.587],[23.499,67.882],[23.661,67.933],[23.152,68.13],[23.052,68.298],[22.072,68.477],[20.623,69.036]]],[[[17.125,57.319],[16.967,57.305],[16.399,56.545],[16.413,56.229],[17.125,57.319]]],[[[19.04,57.868],[18.658,57.902],[18.162,57.578],[18.099,57.259],[18.228,57.134],[18.204,56.915],[18.93,57.405],[18.761,57.508],[18.81,57.71],[19.04,57.868]]],[[[11.739,58.059],[11.525,58.051],[11.528,57.954],[11.739,58.059]]],[[[11.807,58.23],[11.429,58.161],[11.708,58.098],[11.807,58.23]]]]}},{"type":"Feature","properties":{"name":"Finland","iso_a2":"FI","iso_a3":"FIN","continent":"Europe"},"geometry":{"type":"MultiPolygon","coordinates":[[[[28.954,69.027],[28.827,69.107],[28.865,69.217],[29.345,69.464],[29.131,69.674],[28.405,69.802],[27.867,70.075],[27.1,69.902],[26.501,69.918],[26.032,69.697],[25.734,69.191],[25.801,69.013],[24.861,68.563],[23.929,68.816],[23.198,68.618],[22.429,68.71],[21.663,69.263],[21.314,69.291],[21.098,69.24],[21.034,69.181],[21.156,69.088],[21.033,69.041],[20.623,69.036],[22.072,68.477],[23.052,68.298],[23.152,68.13],[23.661,67.933],[23.499,67.882],[23.554,67.587],[23.431,67.486],[23.765,67.42],[23.581,67.153],[24.001,66.812],[23.882,66.564],[23.642,66.436],[23.724,66.207],[24.163,65.823],[25.352,65.484],[25.283,65.191],[25.444,64.967],[25.221,64.991],[25.369,64.899],[25.26,64.817],[25.074,64.916],[24.544,64.765],[23.605,64.028],[23.382,64.048],[22.829,63.646],[22.675,63.702],[22.428,63.489],[22.271,63.514],[22.196,63.431],[22.374,63.321],[22.203,63.239],[21.615,63.204],[21.383,62.875],[21.114,62.781],[21.116,62.496],[21.39,62.208],[21.237,61.985],[21.623,61.546],[21.51,61.52],[21.544,61.225],[21.336,61.005],[21.47,60.608],[21.612,60.489],[21.774,60.604],[22.065,60.436],[22.628,60.375],[22.45,60.245],[22.941,60.317],[22.867,60.184],[23.205,60.05],[23.237,59.898],[24.296,60.072],[24.468,59.996],[25.526,60.327],[25.921,60.265],[26.095,60.423],[26.687,60.418],[27.054,60.547],[27.705,60.485],[29.203,61.246],[31.222,62.492],[31.57,62.906],[31.226,63.196],[29.981,63.742],[30.509,63.991],[30.559,64.22],[30.093,64.361],[29.966,64.579],[30.171,64.682],[29.698,64.839],[29.588,64.991],[29.821,65.094],[29.833,65.205],[29.58,65.235],[29.839,65.565],[29.703,65.629],[30.112,65.712],[29.9,66.108],[29.052,66.908],[30.009,67.686],[29.299,68.082],[28.664,68.204],[28.447,68.515],[28.802,68.836],[28.456,68.9],[28.954,69.027]]],[[[22.844,60.242],[22.467,60.184],[22.47,59.998],[22.847,60.111],[22.844,60.242]]],[[[21.998,60.334],[21.932,60.423],[21.794,60.374],[21.998,60.334]]],[[[21.422,63.247],[21.21,63.221],[21.243,63.151],[21.422,63.247]]],[[[24.993,65.055],[24.835,65.095],[24.654,65.08],[24.563,65.037],[24.632,64.968],[24.82,65.043],[24.993,65.055]]]]}},{"type":"Feature","properties":{"name":"Vietnam","iso_a2":"VN","iso_a3":"VNM","continent":"Asia"},"geometry":{"type":"MultiPolygon","coordinates":[[[[107.52,14.705],[107.32,14.12],[107.597,13.535],[107.46,13.022],[107.514,12.344],[107.153,12.277],[106.702,11.971],[106.394,11.97],[106.399,11.746],[106.287,11.675],[106.015,11.771],[105.805,11.625],[105.843,11.304],[106.16,11.054],[106.155,10.785],[105.861,10.839],[105.753,11.016],[105.328,10.848],[105.029,10.914],[105.043,10.691],[104.451,10.42],[104.616,10.146],[104.805,10.207],[105.088,9.997],[104.857,9.738],[104.853,8.729],[104.752,8.591],[105.102,8.634],[105.539,9.129],[106.193,9.369],[106.197,9.541],[105.838,9.979],[106.485,9.547],[106.575,9.739],[106.145,10.229],[106.611,9.817],[106.798,10.157],[106.48,10.281],[106.776,10.275],[106.742,10.669],[107.272,10.379],[109.018,11.356],[109.243,11.736],[109.126,11.864],[109.287,11.967],[109.207,12.387],[109.337,12.41],[109.205,12.646],[109.465,12.913],[109.232,13.393],[109.307,13.876],[108.883,15.336],[108.629,15.456],[108.151,16.217],[107.812,16.313],[106.38,17.699],[106.525,17.95],[105.977,18.402],[105.613,18.986],[105.809,19.28],[105.956,19.926],[106.57,20.232],[106.568,20.525],[106.789,20.731],[106.731,21.03],[106.868,20.883],[107.161,20.932],[107.334,21.006],[107.392,21.28],[107.599,21.299],[107.78,21.503],[107.991,21.486],[107.745,21.658],[107.348,21.599],[107.021,21.892],[106.648,21.996],[106.527,22.428],[106.736,22.695],[106.668,22.868],[106.234,22.864],[106.078,22.981],[105.854,22.905],[105.332,23.318],[104.87,23.164],[104.663,22.811],[104.34,22.686],[104.213,22.825],[104.073,22.783],[103.985,22.527],[103.647,22.799],[103.473,22.592],[103.31,22.788],[102.989,22.438],[102.443,22.765],[102.119,22.398],[102.591,21.901],[102.651,21.658],[102.948,21.737],[102.888,21.227],[103.115,20.868],[103.665,20.658],[103.776,20.835],[104.194,20.93],[104.601,20.661],[104.36,20.44],[104.908,20.175],[104.953,20.009],[104.623,19.618],[104.089,19.652],[104.09,19.484],[103.857,19.317],[104.722,18.792],[105.113,18.698],[105.157,18.32],[105.451,18.193],[105.735,17.664],[106.533,16.973],[106.655,16.471],[106.823,16.531],[106.967,16.3],[107.436,16.069],[107.16,15.759],[107.658,15.282],[107.578,15.047],[107.446,15.025],[107.52,14.705]]],[[[107.172,10.465],[107.079,10.391],[107.087,10.323],[107.203,10.438],[107.172,10.465]]],[[[104.082,10.371],[104.005,10.451],[103.857,10.321],[104.011,10.031],[104.082,10.371]]],[[[106.874,10.46],[106.752,10.666],[106.759,10.488],[106.874,10.46]]],[[[107.08,20.8],[106.91,20.819],[107.055,20.722],[107.08,20.8]]],[[[107.581,21.212],[107.467,21.277],[107.373,21.06],[107.581,21.212]]]]}},{"type":"Feature","properties":{"name":"Cambodia","iso_a2":"KH","iso_a3":"KHM","continent":"Asia"},"geometry":{"type":"Polygon","coordinates":[[[107.52,14.705],[106.946,14.324],[106.793,14.323],[106.513,14.59],[106.419,14.467],[106.236,14.484],[105.969,14.332],[106.145,14.072],[106.049,13.916],[105.533,14.164],[105.348,14.106],[105.184,14.346],[105.047,14.214],[104.974,14.381],[104.772,14.44],[104.001,14.345],[103.55,14.422],[102.919,14.186],[102.699,13.762],[102.513,13.567],[102.332,13.565],[102.328,13.275],[102.486,12.661],[102.765,12.416],[102.7,12.139],[102.975,11.529],[103.115,11.458],[103.096,10.934],[103.402,10.884],[103.533,11.163],[103.722,10.895],[103.507,10.635],[103.624,10.501],[103.877,10.658],[104.451,10.42],[105.043,10.691],[105.029,10.914],[105.328,10.848],[105.753,11.016],[105.861,10.839],[106.155,10.785],[106.16,11.054],[105.843,11.304],[105.805,11.625],[106.015,11.771],[106.287,11.675],[106.399,11.746],[106.394,11.97],[106.702,11.971],[107.153,12.277],[107.514,12.344],[107.46,13.022],[107.597,13.535],[107.32,14.12],[107.52,14.705]]]}},{"type":"Feature","properties":{"name":"Luxembourg","iso_a2":"LU","iso_a3":"LUX","continent":"Europe"},"geometry":{"type":"Polygon","coordinates":[[[6.118,50.121],[5.962,50.166],[5.715,49.882],[5.886,49.644],[5.791,49.538],[6.345,49.455],[6.5,49.795],[6.223,49.887],[6.118,50.121]]]}},{"type":"Feature","properties":{"name":"United Arab Emirates","iso_a2":"AE","iso_a3":"ARE","continent":"Asia"},"geometry":{"type":"MultiPolygon","coordinates":[[[[56.279,25.627],[56.145,25.671],[56.184,26.015],[56.077,26.061],[55.843,25.714],[54.707,24.804],[54.446,24.316],[54.123,24.145],[53.581,24.049],[52.634,24.19],[52.067,23.963],[51.809,24.001],[51.772,24.176],[51.569,24.256],[51.594,24.078],[52.583,22.931],[55.105,22.621],[55.538,23.77],[55.462,23.931],[55.998,24.081],[55.754,24.246],[55.789,24.855],[56.006,24.956],[56.118,24.735],[56.383,24.978],[56.279,25.627]],[[56.261,25.331],[56.344,25.267],[56.236,25.211],[56.261,25.331]]],[[[53.657,24.158],[53.742,24.134],[53.92,24.14],[53.955,24.201],[53.84,24.264],[53.723,24.23],[53.657,24.158]]],[[[53.323,24.263],[53.362,24.351],[53.232,24.296],[53.323,24.263]]]]}},{"type":"Feature","properties":{"name":"Belgium","iso_a2":"BE","iso_a3":"BEL","continent":"Europe"},"geometry":{"type":"Polygon","coordinates":[[[2.522,51.088],[2.787,50.723],[3.146,50.769],[3.271,50.527],[3.644,50.446],[3.662,50.319],[4.023,50.338],[4.21,50.06],[4.14,49.975],[4.657,49.989],[4.789,50.153],[4.849,49.794],[5.259,49.691],[5.478,49.495],[5.791,49.538],[5.886,49.644],[5.715,49.882],[6.338,50.368],[6.081,50.714],[5.641,50.815],[5.841,51.139],[5.215,51.259],[5.012,51.474],[4.377,51.443],[4.392,51.35],[3.927,51.206],[3.392,51.247],[3.349,51.375],[2.522,51.088]]]}},{"type":"Feature","properties":{"name":"Georgia","iso_a2":"GE","iso_a3":"GEO","continent":"Asia"},"geometry":{"type":"Polygon","coordinates":[[[39.986,43.389],[41.457,42.714],[41.774,41.822],[41.521,41.514],[41.801,41.426],[42.438,41.431],[42.801,41.579],[42.767,41.504],[43.44,41.107],[44.822,41.206],[45.25,41.445],[46.497,41.045],[46.695,41.27],[46.193,41.61],[46.208,41.756],[46.431,41.89],[45.621,42.225],[45.699,42.508],[45.356,42.52],[45.184,42.675],[44.859,42.76],[44.761,42.619],[44.558,42.753],[43.94,42.552],[43.751,42.599],[43.801,42.747],[42.83,43.169],[41.551,43.226],[40.233,43.576],[39.986,43.389]]]}},{"type":"Feature","properties":{"name":"North Macedonia","iso_a2":"MK","iso_a3":"MKD","continent":"Europe"},"geometry":{"type":"Polygon","coordinates":[[[20.567,41.873],[20.478,41.32],[20.703,40.936],[20.965,40.849],[21.582,40.866],[22.029,41.139],[22.727,41.166],[22.751,41.315],[22.917,41.336],[23.01,41.716],[22.844,42.015],[22.233,42.349],[21.354,42.216],[21.238,42.097],[21.099,42.196],[20.765,42.064],[20.682,41.844],[20.567,41.873]]]}},{"type":"Feature","properties":{"name":"Albania","iso_a2":"AL","iso_a3":"ALB","continent":"Europe"},"geometry":{"type":"Polygon","coordinates":[[[20.567,41.873],[20.501,42.211],[20.065,42.547],[19.82,42.467],[19.738,42.624],[19.605,42.585],[19.272,42.181],[19.365,41.852],[19.585,41.819],[19.414,41.383],[19.525,40.945],[19.31,40.644],[19.479,40.454],[19.381,40.295],[19.855,40.05],[20,39.694],[20.2,39.64],[20.433,40.064],[20.64,40.09],[21.037,40.64],[20.94,40.907],[20.703,40.936],[20.478,41.32],[20.567,41.873]]]}},{"type":"Feature","properties":{"name":"Azerbaijan","iso_a2":"AZ","iso_a3":"AZE","continent":"Asia"},"geometry":{"type":"MultiPolygon","coordinates":[[[[45.002,41.291],[45.222,41.014],[45.599,40.863],[45.374,40.675],[45.526,40.441],[45.979,40.224],[45.874,40.01],[45.611,39.959],[46.207,39.588],[46.527,39.538],[46.375,39.379],[46.598,39.225],[46.396,39.164],[46.514,38.882],[47.957,39.707],[48.339,39.379],[48.125,39.298],[48.307,39.045],[48.013,38.822],[48.608,38.396],[48.874,38.434],[48.839,38.804],[48.968,39.184],[49.194,39.016],[49.237,39.279],[49.391,39.306],[49.296,39.477],[49.493,40.154],[49.893,40.369],[50.371,40.283],[50.052,40.584],[49.511,40.688],[49.043,41.414],[48.579,41.845],[47.871,41.208],[47.268,41.303],[46.745,41.84],[46.431,41.89],[46.18,41.706],[46.695,41.27],[46.497,41.045],[46.211,41.2],[45.821,41.209],[45.465,41.43],[45.002,41.291]]],[[[46.136,38.864],[45.959,39.272],[45.767,39.354],[45.788,39.549],[45.458,39.489],[45.168,39.566],[45.034,39.77],[44.775,39.703],[45.439,39.004],[46.136,38.864]]]]}},{"type":"Feature","properties":{"name":"Republic of Serbia","iso_a2":"RS","iso_a3":"SRB","continent":"Europe"},"geometry":{"type":"Polygon","coordinates":[[[20.065,42.547],[20.501,42.211],[20.567,41.873],[20.682,41.844],[20.765,42.064],[21.099,42.196],[21.238,42.097],[21.942,42.333],[22.424,42.326],[22.525,42.508],[22.427,42.814],[22.727,42.887],[22.981,43.199],[22.519,43.474],[22.35,43.808],[22.692,44.228],[22.484,44.5],[22.765,44.583],[22.426,44.734],[22.104,44.51],[22.004,44.652],[21.412,44.785],[21.369,44.865],[21.522,44.881],[21.408,44.958],[21.493,45.145],[20.761,45.493],[20.786,45.753],[20.189,46.14],[19.55,46.164],[18.845,45.816],[19.018,45.567],[18.976,45.391],[19.391,45.169],[19.082,45.085],[19.132,44.953],[19.016,44.866],[19.369,44.887],[19.107,44.383],[19.619,44.036],[19.275,43.933],[19.506,43.674],[19.482,43.561],[19.253,43.589],[19.218,43.438],[20.337,42.907],[20.025,42.723],[20.065,42.547]]]}},{"type":"Feature","properties":{"name":"Turkey","iso_a2":"TR","iso_a3":"TUR","continent":"Asia"},"geometry":{"type":"MultiPolygon","coordinates":[[[[43.44,41.107],[42.661,41.588],[42.438,41.431],[41.521,41.514],[40.143,40.923],[39.43,41.113],[38.331,40.918],[37.896,40.982],[37.784,41.123],[37.505,41.043],[37.136,41.147],[36.837,41.351],[36.62,41.375],[36.451,41.24],[36.135,41.462],[36.045,41.702],[35.298,41.715],[35.024,42.093],[34.694,41.946],[33.325,42.019],[32.263,41.72],[31.404,41.317],[31.249,41.106],[29.13,41.212],[29.028,40.982],[29.357,40.762],[29.753,40.725],[28.793,40.553],[29.112,40.466],[29.066,40.376],[27.945,40.366],[27.97,40.503],[27.76,40.537],[27.684,40.502],[27.867,40.369],[27.79,40.321],[27.452,40.322],[27.303,40.458],[26.736,40.404],[26.198,40.009],[26.07,39.496],[26.893,39.584],[26.926,39.486],[26.67,39.306],[26.883,39.072],[26.807,38.95],[27.013,38.871],[26.719,38.721],[26.925,38.378],[26.612,38.416],[26.414,38.679],[26.349,38.621],[26.513,38.433],[26.265,38.287],[27.239,37.988],[27.25,37.744],[27.127,37.689],[27.191,37.357],[27.616,37.275],[27.555,37.13],[27.229,37.062],[27.263,36.963],[28.305,37.051],[28.042,36.939],[28.031,36.792],[27.645,36.807],[27.427,36.736],[27.468,36.653],[27.736,36.761],[28.112,36.604],[28.237,36.813],[28.425,36.829],[28.956,36.728],[29.096,36.665],[29.021,36.59],[29.175,36.34],[29.795,36.145],[30.159,36.299],[30.441,36.239],[30.687,36.891],[31.341,36.809],[32.026,36.543],[32.365,36.178],[32.804,36.027],[34.078,36.329],[34.693,36.814],[35.348,36.544],[35.631,36.607],[35.607,36.74],[36.02,36.926],[36.216,36.658],[35.789,36.32],[35.975,36.019],[35.911,35.918],[36.139,35.82],[36.361,36.182],[36.664,36.229],[36.536,36.494],[36.659,36.828],[37.015,36.642],[37.446,36.634],[38.29,36.902],[38.664,36.72],[39.24,36.661],[40.709,37.101],[41.48,37.076],[42.179,37.306],[42.357,37.11],[42.561,37.147],[42.772,37.375],[43.48,37.243],[44.088,37.311],[44.223,37.254],[44.234,36.984],[44.766,37.142],[44.802,37.293],[44.566,37.447],[44.596,37.716],[44.22,37.875],[44.459,38.322],[44.29,38.382],[44.275,38.844],[44.047,39.338],[44.405,39.434],[44.566,39.766],[44.807,39.64],[44.464,39.972],[43.665,40.11],[43.564,40.465],[43.711,40.782],[43.44,41.107]]],[[[28.017,41.973],[27.533,41.908],[27.273,42.092],[27.023,42.074],[26.376,41.817],[26.333,41.713],[26.596,41.598],[26.637,41.379],[26.332,41.254],[26.359,40.965],[26.044,40.739],[26.077,40.612],[26.829,40.602],[26.219,40.331],[26.231,40.065],[26.683,40.456],[27.288,40.704],[27.524,40.989],[28.237,41.085],[28.982,41.002],[29.109,41.235],[28.233,41.519],[27.972,41.822],[28.017,41.973]]],[[[26.012,40.167],[25.913,40.241],[25.663,40.126],[26.012,40.167]]],[[[27.658,40.653],[27.526,40.639],[27.605,40.577],[27.658,40.653]]]]}},{"type":"Feature","properties":{"name":"Spain","iso_a2":"ES","iso_a3":"ESP","continent":"Europe"},"geometry":{"type":"MultiPolygon","coordinates":[[[[-1.794,43.386],[-2.367,43.316],[-2.756,43.45],[-3.112,43.354],[-3.554,43.517],[-4.386,43.384],[-5.852,43.663],[-7.23,43.569],[-7.774,43.743],[-8.308,43.546],[-8.213,43.425],[-9.218,43.155],[-9.113,42.766],[-8.977,42.792],[-9.071,42.596],[-8.823,42.57],[-8.935,42.479],[-8.796,42.258],[-8.879,41.907],[-8.222,42.154],[-8.108,42.011],[-8.18,41.811],[-7.405,41.835],[-7.145,41.988],[-6.657,41.933],[-6.524,41.867],[-6.555,41.675],[-6.206,41.57],[-6.942,41.016],[-6.794,40.356],[-7.043,40.181],[-6.88,40.009],[-7.036,39.689],[-7.557,39.68],[-7.313,39.457],[-7.244,39.196],[-6.973,39.014],[-7.27,38.738],[-7.359,38.446],[-7.127,38.191],[-6.947,38.197],[-7.53,37.567],[-7.414,37.193],[-7.029,37.206],[-6.5,36.96],[-6.159,36.304],[-5.612,36.007],[-5.339,36.141],[-5.187,36.411],[-4.723,36.493],[-4.433,36.711],[-2.071,36.775],[-1.671,37.363],[-1.324,37.562],[-0.705,37.62],[-0.853,37.724],[-0.519,38.299],[0.234,38.758],[-0.121,38.951],[-0.323,39.516],[0.549,40.572],[0.872,40.707],[0.714,40.815],[1.056,41.065],[2.131,41.304],[3.236,41.966],[3.123,42.141],[3.318,42.323],[3.181,42.432],[2.465,42.341],[1.707,42.503],[1.448,42.435],[1.319,42.713],[0.813,42.832],[0.275,42.669],[-0.307,42.832],[-0.561,42.774],[-0.76,42.947],[-1.435,43.036],[-1.403,43.243],[-1.794,43.386]]],[[[-17.934,27.852],[-18.16,27.722],[-17.994,27.642],[-17.934,27.852]]],[[[-15.392,28.03],[-15.416,28.142],[-15.706,28.167],[-15.786,27.844],[-15.453,27.791],[-15.392,28.03]]],[[[-17.31,28.207],[-17.233,28.019],[-17.098,28.101],[-17.31,28.207]]],[[[-16.428,28.15],[-16.355,28.381],[-16.127,28.544],[-16.916,28.355],[-16.676,27.997],[-16.428,28.15]]],[[[-13.973,28.736],[-14.213,28.235],[-14.436,28.101],[-14.369,28.051],[-13.911,28.277],[-13.835,28.716],[-13.973,28.736]]],[[[-17.756,28.819],[-18.002,28.75],[-17.831,28.455],[-17.756,28.819]]],[[[-13.483,29.24],[-13.86,28.859],[-13.482,29],[-13.483,29.24]]],[[[1.526,38.678],[1.438,38.749],[1.384,38.68],[1.526,38.678]]],[[[1.606,39.091],[1.357,39.078],[1.212,38.903],[1.51,38.93],[1.606,39.091]]],[[[3.355,39.784],[2.933,39.915],[2.358,39.612],[2.493,39.47],[2.655,39.565],[3.061,39.269],[3.406,39.592],[3.469,39.739],[3.355,39.784]]],[[[4.303,39.926],[4.108,40.068],[3.803,40.013],[4.248,39.817],[4.303,39.926]]]]}},{"type":"Feature","properties":{"name":"Morocco","iso_a2":"MA","iso_a3":"MAR","continent":"Africa"},"geometry":{"type":"Polygon","coordinates":[[[-5.399,35.925],[-5.927,35.781],[-6.292,34.881],[-6.927,33.944],[-8.529,33.269],[-9.26,32.577],[-9.366,32.026],[-9.847,31.402],[-9.887,30.687],[-9.612,30.404],[-9.655,30.127],[-10.264,29.284],[-11.486,28.326],[-12.061,28.089],[-12.839,27.97],[-13.178,27.663],[-8.682,27.661],[-8.649,28.726],[-7.619,29.389],[-5.756,29.614],[-5.539,29.523],[-5.176,29.978],[-4.372,30.509],[-3.645,30.711],[-3.555,30.956],[-3.819,31.319],[-3.673,31.389],[-3.659,31.648],[-2.828,31.795],[-2.881,32.076],[-1.25,32.082],[-1.257,32.321],[-1.047,32.517],[-1.423,32.742],[-1.674,33.238],[-1.675,34.106],[-1.81,34.373],[-1.703,34.48],[-1.871,34.597],[-1.788,34.757],[-2.223,35.089],[-2.821,35.122],[-2.948,35.33],[-3.319,35.202],[-4.77,35.241],[-5.249,35.585],[-5.399,35.925]]]}},{"type":"Feature","properties":{"name":"Laos","iso_a2":"LA","iso_a3":"LAO","continent":"Asia"},"geometry":{"type":"Polygon","coordinates":[[[102.119,22.398],[101.713,22.492],[101.518,22.228],[101.752,21.806],[101.756,21.143],[101.495,21.243],[101.275,21.174],[101.159,21.553],[100.725,21.312],[100.537,20.808],[100.29,20.775],[100.149,20.548],[100.117,20.248],[100.307,20.4],[100.529,20.15],[100.384,19.764],[100.462,19.537],[101.246,19.57],[101.318,19.05],[101.24,18.674],[101.03,18.428],[101.165,18.053],[100.902,17.562],[101.132,17.462],[102.079,18.214],[102.661,17.813],[103.038,17.991],[103.261,18.4],[104,18.318],[104.422,17.7],[104.816,17.373],[104.755,16.529],[105.079,16.105],[105.405,16.019],[105.373,15.882],[105.651,15.635],[105.444,15.134],[105.584,14.978],[105.496,14.537],[105.184,14.346],[105.257,14.182],[106.049,13.916],[106.145,14.072],[105.969,14.332],[106.236,14.484],[106.419,14.467],[106.513,14.59],[106.793,14.323],[106.946,14.324],[107.287,14.599],[107.415,14.543],[107.555,14.876],[107.446,15.025],[107.578,15.047],[107.658,15.282],[107.16,15.759],[107.436,16.069],[106.967,16.3],[106.823,16.531],[106.655,16.471],[106.533,16.973],[105.735,17.664],[105.451,18.193],[105.157,18.32],[105.113,18.698],[104.722,18.792],[103.857,19.317],[104.09,19.484],[104.089,19.652],[104.623,19.618],[104.953,20.009],[104.908,20.175],[104.657,20.213],[104.681,20.341],[104.36,20.44],[104.601,20.661],[104.057,20.959],[103.665,20.658],[103.115,20.868],[102.888,21.227],[102.948,21.737],[102.651,21.658],[102.591,21.901],[102.119,22.398]]]}},{"type":"Feature","properties":{"name":"Kyrgyzstan","iso_a2":"KG","iso_a3":"KGZ","continent":"Asia"},"geometry":{"type":"Polygon","coordinates":[[[80.21,42.19],[79.918,42.424],[79.398,42.497],[79.148,42.791],[76.957,42.989],[75.859,42.94],[75.646,42.806],[75.179,42.85],[74.259,43.216],[73.965,43.217],[73.56,43.017],[73.41,42.59],[73.477,42.399],[72.292,42.761],[71.405,42.795],[71.003,42.564],[70.858,42.291],[71.238,42.16],[70.846,42.03],[70.203,41.506],[70.704,41.446],[70.756,41.27],[71.276,41.113],[71.684,41.534],[71.872,41.195],[73.118,40.783],[72.586,40.509],[72.448,40.561],[72.371,40.386],[72.099,40.426],[71.969,40.244],[71.673,40.148],[71.365,40.294],[71.053,40.274],[70.513,39.945],[70.526,40.034],[69.97,40.212],[69.506,40.097],[69.502,39.923],[69.314,39.987],[69.226,39.751],[69.286,39.54],[70.46,39.6],[70.74,39.386],[71.46,39.612],[71.492,39.494],[71.74,39.448],[71.733,39.285],[72.05,39.369],[72.203,39.241],[72.651,39.394],[73.821,39.468],[73.927,39.593],[73.823,39.806],[74.004,40.061],[74.831,40.32],[74.835,40.512],[75.194,40.441],[75.56,40.633],[75.682,40.292],[76.244,40.441],[76.33,40.348],[76.861,41.013],[78.075,41.04],[78.36,41.378],[79.843,42.002],[80.182,42.021],[80.21,42.19]],[[71.786,39.99],[71.742,39.901],[71.666,39.94],[71.786,39.99]],[[71.177,40.042],[71.221,39.932],[71.114,39.875],[70.953,40.079],[71.177,40.042]],[[70.499,39.882],[70.695,39.815],[70.582,39.767],[70.499,39.882]]]}},{"type":"Feature","properties":{"name":"Armenia","iso_a2":"AM","iso_a3":"ARM","continent":"Asia"},"geometry":{"type":"Polygon","coordinates":[[[45.002,41.291],[43.44,41.107],[43.711,40.782],[43.564,40.465],[43.665,40.11],[44.464,39.972],[44.775,39.703],[45.034,39.77],[45.168,39.566],[45.788,39.549],[45.767,39.354],[45.959,39.272],[46.136,38.864],[46.514,38.882],[46.396,39.164],[46.598,39.225],[46.375,39.379],[46.527,39.538],[46.207,39.588],[45.611,39.959],[45.874,40.01],[45.979,40.224],[45.526,40.441],[45.374,40.675],[45.599,40.863],[45.222,41.014],[45.002,41.291]]]}},{"type":"Feature","properties":{"name":"Denmark","iso_a2":"DK","iso_a3":"DNK","continent":"Europe"},"geometry":{"type":"MultiPolygon","coordinates":[[[[8.661,54.896],[9.745,54.866],[9.494,55.161],[9.71,55.249],[9.587,55.427],[10.245,55.915],[10.22,56.148],[10.912,56.334],[10.964,56.448],[10.789,56.536],[10.361,56.562],[10.266,56.908],[10.539,57.237],[10.43,57.571],[10.543,57.699],[9.967,57.591],[9.412,57.165],[8.586,57.106],[8.27,56.843],[8.539,56.593],[8.492,56.731],[8.68,56.953],[9.675,57.079],[9.163,56.894],[9.326,56.669],[9.149,56.639],[9.106,56.8],[8.956,56.803],[8.727,56.483],[8.202,56.64],[8.122,56.552],[8.107,56.12],[8.387,55.927],[8.094,55.564],[8.618,55.438],[8.661,54.896]]],[[[11.845,54.732],[11.726,54.873],[11.019,54.903],[11.031,54.761],[11.452,54.628],[11.845,54.732]]],[[[12.417,55.03],[12.129,54.954],[12.503,54.948],[12.417,55.03]]],[[[10.011,54.976],[9.799,55.017],[9.781,54.917],[9.968,54.86],[10.011,54.976]]],[[[10.855,55.044],[10.641,54.843],[10.741,54.752],[10.855,55.044]]],[[[15.151,55.133],[14.752,55.299],[14.706,55.226],[14.781,55.051],[15.073,54.992],[15.151,55.133]]],[[[10.666,55.064],[10.815,55.214],[10.738,55.509],[10.503,55.464],[10.308,55.618],[9.684,55.506],[10.039,55.181],[10.666,55.064]]],[[[12.616,55.688],[12.556,55.551],[12.674,55.606],[12.616,55.688]]],[[[12.04,54.893],[11.958,54.948],[12.149,54.994],[12.047,55.14],[12.445,55.349],[12.225,55.435],[12.248,55.546],[12.602,55.709],[12.513,55.921],[12.622,56.044],[12.245,56.129],[11.866,55.973],[12.026,55.941],[11.763,55.75],[11.641,55.943],[11.071,55.677],[11.245,55.215],[11.805,55.074],[11.883,54.976],[11.75,54.873],[11.961,54.694],[12.17,54.838],[12.04,54.893]]],[[[8.826,56.744],[8.836,56.869],[8.648,56.891],[8.553,56.768],[8.826,56.744]]],[[[11.142,57.332],[10.855,57.265],[11.029,57.202],[11.142,57.332]]]]}},{"type":"Feature","properties":{"name":"Libya","iso_a2":"LY","iso_a3":"LBY","continent":"Africa"},"geometry":{"type":"Polygon","coordinates":[[[11.505,33.181],[11.45,32.638],[11.564,32.466],[10.264,31.681],[10.108,31.412],[10.27,30.916],[10.192,30.731],[9.871,30.355],[9.287,30.117],[9.668,29.608],[9.826,29.129],[9.777,28.268],[9.936,27.867],[9.721,27.292],[9.896,26.653],[9.378,26.169],[9.97,25.395],[10.032,24.856],[10.26,24.577],[11.509,24.314],[11.969,23.517],[13.482,23.18],[14.202,22.623],[15.985,23.445],[23.981,19.496],[23.981,19.995],[24.981,20.002],[24.981,29.181],[24.688,30.144],[24.995,30.785],[24.861,31.38],[25.151,31.657],[24.982,31.968],[24.091,32.006],[23.244,32.221],[23.096,32.324],[23.086,32.647],[22.15,32.948],[21.609,32.931],[20.563,32.558],[20.072,32.176],[19.921,31.718],[20.147,31.217],[20.037,30.819],[19.616,30.421],[19.057,30.266],[17.849,30.924],[15.762,31.388],[15.49,31.665],[15.196,32.39],[13.352,32.904],[12.348,32.833],[11.505,33.181]]]}},{"type":"Feature","properties":{"name":"Tunisia","iso_a2":"TN","iso_a3":"TUN","continent":"Africa"},"geometry":{"type":"MultiPolygon","coordinates":[[[[11.505,33.181],[11.18,33.211],[10.978,33.643],[10.717,33.484],[10.717,33.707],[10.33,33.703],[10.005,34.171],[10.597,34.545],[11.112,35.206],[11.012,35.658],[10.694,35.788],[10.48,36.079],[10.519,36.338],[10.8,36.452],[11.117,36.838],[11.013,37.085],[10.32,36.749],[10.146,37.237],[9.816,37.152],[9.859,37.329],[9.666,37.335],[8.603,36.94],[8.624,36.826],[8.17,36.526],[8.349,36.449],[8.241,35.828],[8.317,35.29],[8.431,35.242],[8.237,34.648],[7.832,34.414],[7.518,34.095],[7.48,33.894],[7.751,33.208],[8.087,33.094],[8.36,32.501],[9.045,32.072],[9.52,30.229],[9.871,30.355],[10.192,30.731],[10.27,30.916],[10.108,31.412],[10.264,31.681],[11.564,32.466],[11.45,32.638],[11.505,33.181]]],[[[10.992,33.842],[10.736,33.885],[10.74,33.716],[10.894,33.658],[10.992,33.842]]]]}},{"type":"Feature","properties":{"name":"Romania","iso_a2":"RO","iso_a3":"ROU","continent":"Europe"},"geometry":{"type":"Polygon","coordinates":[[[22.878,47.947],[21.989,47.493],[21.052,46.236],[20.243,46.108],[20.786,45.753],[20.761,45.493],[21.493,45.145],[21.408,44.958],[21.522,44.881],[21.369,44.865],[21.412,44.785],[22.004,44.652],[22.104,44.51],[22.426,44.734],[22.765,44.583],[22.484,44.5],[22.692,44.228],[23.031,44.093],[22.886,43.995],[22.92,43.834],[23.485,43.881],[25.557,43.67],[26.151,44.012],[27.028,44.177],[28.578,43.741],[28.641,44.329],[28.844,44.494],[28.789,44.706],[28.952,44.827],[28.88,44.955],[29.045,45.005],[29.098,44.775],[29.611,44.849],[29.677,45.145],[29.57,45.395],[29.322,45.444],[28.71,45.227],[28.2,45.462],[28.086,46.001],[28.234,46.662],[26.938,48.205],[26.304,48.212],[26.173,47.993],[25.262,47.899],[24.897,47.71],[24.562,47.941],[23.461,47.971],[23.119,48.092],[22.878,47.947]]]}},{"type":"Feature","properties":{"name":"Hungary","iso_a2":"HU","iso_a3":"HUN","continent":"Europe"},"geometry":{"type":"Polygon","coordinates":[[[22.878,47.947],[22.272,48.404],[21.728,48.341],[21.425,48.561],[20.784,48.569],[20.482,48.526],[20.272,48.253],[19.884,48.13],[19.623,48.227],[19.428,48.086],[18.839,48.04],[18.693,47.778],[17.826,47.75],[17.148,48.005],[17.055,47.702],[16.531,47.743],[16.482,47.639],[16.688,47.523],[16.425,47.351],[16.51,47.138],[16.094,46.863],[16.272,46.864],[16.515,46.502],[17.345,45.956],[18.412,45.743],[19.55,46.164],[20.243,46.108],[21.052,46.236],[21.989,47.493],[22.878,47.947]]]}},{"type":"Feature","properties":{"name":"Slovakia","iso_a2":"SK","iso_a3":"SVK","continent":"Europe"},"geometry":{"type":"Polygon","coordinates":[[[22.54,49.072],[21.82,49.377],[21.274,49.447],[20.942,49.296],[20.33,49.392],[20.07,49.183],[19.832,49.186],[19.769,49.393],[19.443,49.602],[19.173,49.402],[18.536,49.482],[17.727,48.863],[17.168,48.86],[16.845,48.366],[17.07,48.036],[17.677,47.789],[18.693,47.778],[18.839,48.04],[19.428,48.086],[19.623,48.227],[19.884,48.13],[20.272,48.253],[20.482,48.526],[21.425,48.561],[21.728,48.341],[22.078,48.376],[22.54,49.072]]]}},{"type":"Feature","properties":{"name":"Poland","iso_a2":"PL","iso_a3":"POL","continent":"Europe"},"geometry":{"type":"Polygon","coordinates":[[[18.833,49.51],[19.173,49.402],[19.443,49.602],[19.769,49.393],[19.832,49.186],[20.07,49.183],[20.33,49.392],[20.942,49.296],[21.274,49.447],[21.82,49.377],[22.39,49.093],[22.853,49.085],[22.706,49.169],[22.641,49.529],[23.436,50.194],[24.107,50.539],[23.97,50.825],[24.13,50.869],[23.634,51.339],[23.698,51.404],[23.54,51.607],[23.638,52.085],[23.166,52.289],[23.923,52.743],[23.894,53.152],[23.591,53.611],[23.433,54.169],[22.859,54.399],[18.717,54.382],[18.317,54.838],[17.337,54.749],[16.501,54.532],[16.22,54.277],[14.21,53.939],[14.275,53.831],[14.576,53.855],[14.545,53.704],[14.264,53.7],[14.39,53.132],[14.145,52.96],[14.645,52.577],[14.54,52.422],[14.761,52.077],[14.586,51.804],[15.02,51.272],[14.81,50.858],[14.982,50.859],[14.997,51.008],[15.227,50.977],[15.35,50.784],[16.332,50.644],[16.383,50.514],[16.19,50.424],[16.701,50.095],[16.96,50.232],[16.916,50.431],[17.335,50.27],[17.735,50.29],[17.584,50.146],[17.839,49.974],[18.559,49.907],[18.833,49.51]]]}},{"type":"Feature","properties":{"name":"Ireland","iso_a2":"IE","iso_a3":"IRL","continent":"Europe"},"geometry":{"type":"Polygon","coordinates":[[[-7.247,55.069],[-6.94,55.239],[-7.332,55.373],[-7.514,55.274],[-7.469,55.044],[-7.814,55.202],[-8.263,55.161],[-8.491,54.852],[-8.795,54.698],[-8.121,54.647],[-8.613,54.376],[-8.486,54.289],[-9.051,54.29],[-9.162,54.192],[-9.785,54.338],[-9.988,54.213],[-9.838,53.964],[-9.911,53.859],[-9.615,53.899],[-9.566,53.796],[-9.908,53.762],[-9.931,53.6],[-10.153,53.544],[-10.026,53.385],[-8.933,53.215],[-9.272,53.147],[-9.499,52.753],[-9.824,52.595],[-9.286,52.591],[-8.969,52.771],[-8.933,52.687],[-9.672,52.553],[-9.848,52.428],[-9.837,52.254],[-10.45,52.189],[-9.93,52.072],[-10.266,51.989],[-10.341,51.788],[-9.981,51.732],[-10.029,51.597],[-9.459,51.684],[-9.77,51.592],[-9.807,51.446],[-9.425,51.558],[-9.349,51.474],[-8.539,51.648],[-8.302,51.758],[-8.347,51.892],[-8.134,51.805],[-7.435,52.126],[-6.37,52.18],[-6.448,52.356],[-5.997,52.965],[-6.215,53.358],[-6.092,53.577],[-6.379,53.917],[-6.111,54.001],[-6.27,54.098],[-6.616,54.037],[-6.64,54.168],[-7.049,54.412],[-7.31,54.115],[-7.837,54.204],[-8.156,54.439],[-7.749,54.596],[-7.907,54.661],[-7.552,54.755],[-7.247,55.069]]]}},{"type":"Feature","properties":{"name":"United Kingdom","iso_a2":"GB","iso_a3":"GBR","continent":"Europe"},"geometry":{"type":"MultiPolygon","coordinates":[[[[-7.247,55.069],[-7.552,54.755],[-7.907,54.661],[-7.749,54.596],[-8.156,54.439],[-7.609,54.14],[-7.31,54.115],[-7.049,54.412],[-6.64,54.168],[-6.616,54.037],[-6.04,54.036],[-5.862,54.231],[-5.613,54.256],[-5.64,54.496],[-5.577,54.403],[-5.433,54.466],[-5.537,54.658],[-5.748,54.68],[-5.702,54.825],[-5.988,54.989],[-6.101,55.212],[-6.947,55.195],[-7.017,55.071],[-7.247,55.069]]],[[[-2.665,51.617],[-3.057,51.208],[-4.152,51.212],[-4.338,50.997],[-4.526,51.015],[-4.55,50.81],[-4.792,50.595],[-5.685,50.162],[-5.705,50.052],[-5.475,50.13],[-5.21,49.967],[-4.752,50.33],[-4.216,50.416],[-3.646,50.226],[-3.467,50.586],[-2.865,50.734],[-2.483,50.59],[-1.984,50.597],[-1.949,50.713],[-0.939,50.843],[-0.813,50.735],[-0.173,50.829],[0.271,50.747],[0.945,50.909],[1.357,51.131],[1.424,51.392],[0.555,51.412],[0.925,51.588],[0.887,51.782],[1.135,51.782],[1.582,52.082],[1.747,52.625],[1.275,52.929],[0.57,52.969],[0.379,52.791],[0.022,52.913],[0.33,53.087],[0.342,53.226],[0.22,53.42],[-0.189,53.62],[0.134,53.643],[-0.219,54.023],[-0.111,54.132],[-0.563,54.477],[-1.275,54.748],[-1.631,55.585],[-2.147,55.917],[-2.635,56.058],[-3.421,56.025],[-2.577,56.284],[-2.822,56.376],[-2.22,56.873],[-1.98,57.319],[-1.759,57.474],[-1.829,57.614],[-3.285,57.72],[-4.035,57.557],[-4.078,57.73],[-3.915,57.808],[-4.139,57.847],[-3.22,58.306],[-3.019,58.64],[-4.382,58.525],[-4.988,58.628],[-5.173,58.354],[-5.096,58.277],[-5.311,58.243],[-5.293,57.981],[-5.807,57.844],[-5.763,57.634],[-5.87,57.501],[-5.599,57.279],[-5.832,56.997],[-5.735,56.894],[-6.223,56.696],[-5.956,56.689],[-6.003,56.619],[-5.667,56.499],[-5.34,56.693],[-5.598,56.259],[-5.522,56.166],[-5.696,55.916],[-5.581,55.758],[-5.772,55.301],[-5.515,55.374],[-5.49,55.645],[-5.318,55.783],[-5.448,56.009],[-5.314,56.012],[-5.335,55.897],[-4.786,55.957],[-4.92,55.709],[-4.618,55.496],[-5.171,55.009],[-5.128,54.849],[-4.348,54.702],[-4.24,54.843],[-3.964,54.772],[-3.584,54.968],[-3.276,54.943],[-3.634,54.513],[-3.241,54.112],[-2.796,54.125],[-3.018,53.932],[-2.952,53.708],[-3.185,53.377],[-3.122,53.262],[-3.33,53.352],[-4.151,53.228],[-4.755,52.809],[-4.13,52.889],[-4.096,52.388],[-4.514,52.136],[-5.289,51.917],[-5.126,51.856],[-5.23,51.73],[-4.941,51.597],[-4.379,51.727],[-4.272,51.555],[-3.855,51.624],[-3.539,51.399],[-3.289,51.384],[-2.665,51.617]]],[[[-1.083,50.713],[-1.506,50.708],[-1.315,50.589],[-1.083,50.713]]],[[[-4.098,53.31],[-4.425,53.427],[-4.571,53.276],[-4.344,53.132],[-4.098,53.31]]],[[[-5.071,55.509],[-5.16,55.676],[-5.355,55.69],[-5.346,55.483],[-5.071,55.509]]],[[[-6.03,55.729],[-6.12,55.929],[-6.493,55.739],[-6.215,55.627],[-6.03,55.729]]],[[[-5.798,56.113],[-5.924,56.056],[-5.997,55.952],[-6.075,55.916],[-6.062,55.81],[-5.962,55.805],[-5.74,56.077],[-5.798,56.113]]],[[[-5.688,56.435],[-6.191,56.645],[-6.288,56.532],[-6.127,56.474],[-6.327,56.277],[-5.688,56.435]]],[[[-6.325,57.059],[-6.455,57.004],[-6.304,56.944],[-6.325,57.059]]],[[[-7.244,57.326],[-7.353,57.408],[-7.391,57.129],[-7.271,57.148],[-7.244,57.326]]],[[[-7.129,57.653],[-7.545,57.593],[-7.287,57.509],[-7.134,57.538],[-7.129,57.653]]],[[[-6.564,57.347],[-6.318,57.161],[-6.023,57.196],[-5.919,57.05],[-5.647,57.265],[-6.107,57.324],[-6.154,57.59],[-6.314,57.699],[-6.373,57.532],[-6.706,57.511],[-6.715,57.377],[-6.564,57.347]]],[[[-6.955,57.744],[-6.352,58.039],[-6.167,58.42],[-6.267,58.512],[-6.819,58.285],[-6.798,58.202],[-7.056,58.226],[-7.126,58.124],[-6.897,57.936],[-7.079,57.813],[-6.955,57.744]]],[[[-3.248,58.792],[-3.246,58.896],[-3.43,58.875],[-3.248,58.792]]],[[[-2.728,58.971],[-3.084,59.128],[-3.324,59.127],[-3.367,59.016],[-2.839,58.883],[-2.728,58.971]]],[[[-1.097,60.417],[-1.336,60.533],[-1.291,60.623],[-1.548,60.539],[-1.396,60.322],[-1.67,60.24],[-1.455,60.156],[-1.358,60.244],[-1.263,60.115],[-1.376,59.909],[-1.275,59.882],[-1.097,60.417]]],[[[-0.987,60.698],[-1.092,60.735],[-1.168,60.531],[-0.987,60.698]]]]}},{"type":"Feature","properties":{"name":"Greece","iso_a2":"GR","iso_a3":"GRC","continent":"Europe"},"geometry":{"type":"MultiPolygon","coordinates":[[[[20.965,40.849],[21.019,40.559],[20.827,40.465],[20.64,40.09],[20.433,40.064],[20.2,39.64],[20,39.694],[20.182,39.625],[20.293,39.333],[20.735,38.95],[20.792,39.081],[21.16,38.998],[21.085,38.864],[20.817,38.921],[20.729,38.804],[20.979,38.673],[21.156,38.304],[21.37,38.408],[21.535,38.314],[22.463,38.426],[22.546,38.303],[22.647,38.39],[23.217,38.103],[22.943,38.084],[22.867,37.94],[21.85,38.341],[21.603,38.152],[21.376,38.204],[21.122,37.837],[21.675,37.396],[21.568,37.156],[21.707,36.818],[21.874,36.727],[21.937,36.98],[22.153,37.021],[22.355,36.512],[22.47,36.452],[22.534,36.707],[22.765,36.804],[23.095,36.443],[23.096,36.807],[22.723,37.542],[23.132,37.449],[23.073,37.355],[23.204,37.303],[23.526,37.46],[23.169,37.614],[23.182,37.809],[23.013,37.848],[23.45,38.021],[24.033,37.652],[24.069,38.205],[23.321,38.643],[22.563,38.836],[23.023,39.009],[22.843,39.289],[23.342,39.193],[22.571,40.054],[22.603,40.481],[22.911,40.645],[22.983,40.553],[22.831,40.486],[23.299,40.235],[23.378,40.011],[23.67,39.986],[23.338,40.208],[23.398,40.278],[23.676,40.218],[23.973,39.962],[23.991,40.119],[23.7,40.326],[23.923,40.369],[24.383,40.179],[23.868,40.414],[23.878,40.56],[23.692,40.695],[23.809,40.78],[24.11,40.728],[24.416,40.946],[24.802,40.854],[25.057,41.01],[26.044,40.739],[26.359,40.965],[26.332,41.254],[26.637,41.379],[26.596,41.598],[26.235,41.746],[26.048,41.689],[26.121,41.358],[25.882,41.304],[25.286,41.239],[24.596,41.43],[24.531,41.548],[24.047,41.526],[23.612,41.371],[22.751,41.315],[22.59,41.125],[22.029,41.139],[21.582,40.866],[20.965,40.849]]],[[[26.321,35.315],[25.729,35.133],[25.766,35.336],[24.721,35.427],[24.34,35.348],[24.183,35.586],[23.817,35.535],[23.768,35.654],[23.518,35.308],[24.402,35.191],[24.708,35.096],[24.739,34.932],[26.147,35.002],[26.321,35.315]]],[[[27.212,35.521],[27.162,35.747],[27.12,35.493],[27.212,35.521]]],[[[23.012,36.308],[22.956,36.384],[22.909,36.206],[23.052,36.145],[23.012,36.308]]],[[[28.24,36.433],[27.808,36.274],[27.712,35.953],[27.864,35.941],[28.24,36.433]]],[[[24.474,36.747],[24.354,36.754],[24.323,36.665],[24.485,36.665],[24.474,36.747]]],[[[25.273,36.72],[25.338,36.668],[25.399,36.728],[25.307,36.795],[25.273,36.72]]],[[[27.281,36.908],[27.164,36.891],[27.061,36.839],[27.048,36.775],[27.13,36.761],[27.214,36.824],[27.323,36.849],[27.281,36.908]]],[[[26.912,36.946],[26.983,36.93],[27.041,37.008],[26.951,37.021],[26.912,36.946]]],[[[25.28,37.049],[25.15,37.111],[25.103,37.013],[25.28,37.049]]],[[[25.526,37.196],[25.342,37.077],[25.448,36.925],[25.595,37.1],[25.526,37.196]]],[[[24.368,37.412],[24.412,37.324],[24.478,37.391],[24.431,37.446],[24.368,37.412]]],[[[25.395,37.418],[25.463,37.47],[25.348,37.508],[25.307,37.412],[25.395,37.418]]],[[[25.091,37.583],[25.216,37.533],[25.246,37.624],[24.998,37.682],[25.091,37.583]]],[[[24.375,37.686],[24.278,37.623],[24.313,37.538],[24.396,37.625],[24.375,37.686]]],[[[26.362,37.686],[26.197,37.632],[26.074,37.638],[25.98,37.549],[26.058,37.519],[26.231,37.571],[26.362,37.686]]],[[[23.546,37.774],[23.426,37.768],[23.457,37.693],[23.526,37.693],[23.546,37.774]]],[[[27.048,37.727],[26.58,37.741],[26.861,37.643],[27.048,37.727]]],[[[20.901,37.792],[20.62,37.864],[20.815,37.652],[20.901,37.792]]],[[[24.992,37.768],[24.954,37.906],[24.696,37.925],[24.992,37.768]]],[[[23.408,37.899],[23.544,37.929],[23.478,37.999],[23.408,37.899]]],[[[20.734,38.062],[20.798,38.131],[20.626,38.352],[20.398,38.333],[20.38,38.152],[20.734,38.062]]],[[[26.164,38.543],[25.849,38.58],[25.975,38.166],[26.164,38.303],[26.164,38.543]]],[[[20.586,38.618],[20.721,38.638],[20.718,38.823],[20.586,38.618]]],[[[24.677,38.81],[24.584,38.871],[24.574,38.933],[24.461,38.968],[24.455,38.885],[24.564,38.839],[24.614,38.773],[24.677,38.81]]],[[[24.588,38.159],[24.245,38.241],[24.216,38.54],[24.073,38.679],[23.62,38.766],[23.299,39.043],[22.969,38.889],[23.446,38.677],[23.639,38.416],[24.049,38.395],[24.372,37.972],[24.552,37.978],[24.588,38.159]]],[[[26.612,39.049],[26.343,39.383],[25.859,39.259],[26.043,39.093],[26.294,39.177],[26.166,39.022],[26.612,39.049]]],[[[20.092,39.434],[19.859,39.659],[19.948,39.79],[19.636,39.756],[19.866,39.469],[20.092,39.434]]],[[[25.45,40.036],[25.045,39.985],[25.067,39.858],[25.239,39.92],[25.295,39.808],[25.45,40.036]]],[[[25.691,40.448],[25.576,40.515],[25.466,40.456],[25.589,40.398],[25.691,40.448]]],[[[24.786,40.735],[24.642,40.804],[24.512,40.667],[24.642,40.571],[24.786,40.735]]]]}},{"type":"Feature","properties":{"name":"Zambia","iso_a2":"ZM","iso_a3":"ZMB","continent":"Africa"},"geometry":{"type":"Polygon","coordinates":[[[32.921,-9.408],[31.673,-8.913],[31.353,-8.587],[31.034,-8.6],[30.752,-8.194],[28.915,-8.473],[28.893,-8.766],[28.372,-9.235],[28.669,-9.822],[28.57,-10.22],[28.7,-10.643],[28.356,-11.518],[28.497,-11.857],[29.03,-12.376],[29.5,-12.453],[29.474,-12.243],[29.799,-12.154],[29.798,-13.424],[29.703,-13.458],[29.574,-13.225],[29.169,-13.434],[28.994,-13.396],[28.423,-12.521],[27.831,-12.26],[27.638,-12.294],[27.234,-11.809],[27.18,-11.57],[27.01,-11.61],[26.967,-11.87],[26.697,-12.017],[25.994,-11.905],[25.352,-11.646],[25.279,-11.2],[24.565,-11.445],[24.31,-11.407],[24.382,-11.121],[23.968,-10.872],[24.031,-12.385],[23.866,-12.79],[24.001,-13.001],[21.98,-13.001],[21.984,-16.166],[22.152,-16.598],[23.382,-17.641],[24.684,-17.492],[25.336,-17.841],[25.681,-17.811],[25.979,-17.999],[26.203,-17.887],[26.712,-18.066],[27.049,-17.944],[27.869,-16.93],[28.733,-16.558],[28.932,-15.964],[29.587,-15.656],[30.396,-15.636],[30.215,-14.981],[33.203,-14.014],[32.763,-13.777],[32.723,-13.573],[32.995,-13.191],[33.025,-12.613],[33.518,-12.372],[33.253,-12.139],[33.303,-11.61],[33.213,-11.564],[33.391,-11.165],[33.319,-10.818],[33.674,-10.577],[33.533,-10.231],[33.318,-10.082],[33.337,-9.824],[33.175,-9.602],[32.975,-9.601],[32.921,-9.408]]]}},{"type":"Feature","properties":{"name":"Sierra Leone","iso_a2":"SL","iso_a3":"SLE","continent":"Africa"},"geometry":{"type":"MultiPolygon","coordinates":[[[[-10.282,8.485],[-10.583,8.307],[-10.669,8.399],[-10.482,8.673],[-10.606,9.064],[-10.746,9.084],[-10.675,9.307],[-11.273,9.996],[-12.508,9.86],[-12.702,9.42],[-13.029,9.096],[-13.301,9.042],[-13.143,8.917],[-13.24,8.826],[-13.168,8.525],[-13.013,8.562],[-13.274,8.421],[-13.162,8.187],[-12.979,8.242],[-12.959,7.911],[-12.531,7.687],[-12.428,7.534],[-12.507,7.39],[-11.476,6.919],[-11.317,7.214],[-10.615,7.769],[-10.618,8.011],[-10.321,8.183],[-10.282,8.485]]],[[[-12.493,7.568],[-12.952,7.568],[-12.554,7.41],[-12.493,7.568]]]]}},{"type":"Feature","properties":{"name":"Guinea","iso_a2":"GN","iso_a3":"GIN","continent":"Africa"},"geometry":{"type":"Polygon","coordinates":[[[-13.301,9.042],[-13.116,9.044],[-12.836,9.282],[-12.427,9.898],[-11.2,9.982],[-10.675,9.307],[-10.746,9.084],[-10.606,9.064],[-10.482,8.673],[-10.669,8.399],[-10.583,8.307],[-10.39,8.489],[-9.683,8.487],[-9.355,7.742],[-9.438,7.422],[-9.12,7.238],[-8.858,7.273],[-8.687,7.694],[-8.229,7.544],[-8.069,8.029],[-7.968,8.037],[-8.266,8.246],[-8.2,8.492],[-7.662,8.375],[-7.692,8.606],[-7.959,8.782],[-7.917,9.012],[-7.759,9.092],[-7.93,9.184],[-7.865,9.41],[-8.032,9.385],[-8.153,9.513],[-8.174,9.942],[-7.965,10.259],[-8.295,10.537],[-8.311,11.001],[-8.681,10.952],[-8.428,11.4],[-8.847,11.658],[-8.797,11.913],[-8.994,12.388],[-9.321,12.497],[-9.413,12.455],[-9.36,12.247],[-9.723,12.025],[-10.267,12.218],[-10.711,11.89],[-10.91,12.2],[-11.351,12.04],[-11.508,12.192],[-11.388,12.404],[-12.361,12.306],[-12.913,12.536],[-13.052,12.472],[-13.076,12.636],[-13.728,12.673],[-13.712,12.268],[-13.965,12.148],[-13.724,12.003],[-13.73,11.71],[-14.687,11.511],[-15.081,10.878],[-15.032,10.793],[-14.843,10.968],[-14.463,10.225],[-13.624,9.72],[-13.706,9.528],[-13.588,9.569],[-13.408,9.287],[-13.322,9.345],[-13.301,9.042]]]}},{"type":"Feature","properties":{"name":"Liberia","iso_a2":"LR","iso_a3":"LBR","continent":"Africa"},"geometry":{"type":"Polygon","coordinates":[[[-11.476,6.919],[-11.353,6.701],[-10.824,6.438],[-10.788,6.293],[-10.396,6.177],[-10.046,5.896],[-9.279,5.146],[-8.257,4.58],[-7.541,4.353],[-7.605,4.897],[-7.397,5.366],[-7.446,5.846],[-7.717,5.901],[-7.935,6.271],[-8.568,6.49],[-8.284,7.018],[-8.567,7.688],[-8.687,7.694],[-8.925,7.249],[-9.438,7.422],[-9.355,7.742],[-9.683,8.487],[-10.282,8.485],[-10.321,8.183],[-10.618,8.011],[-10.615,7.769],[-11.317,7.214],[-11.476,6.919]]]}},{"type":"Feature","properties":{"name":"Central African Republic","iso_a2":"CF","iso_a3":"CAF","continent":"Africa"},"geometry":{"type":"Polygon","coordinates":[[[22.861,10.919],[22.461,11.001],[21.723,10.637],[21.719,10.297],[20.435,9.138],[19.101,9.015],[18.893,8.898],[19.124,8.675],[18.589,8.048],[17.68,7.985],[16.769,7.55],[16.549,7.87],[15.925,7.488],[15.481,7.523],[15.224,7.248],[14.782,6.337],[14.398,6.019],[14.617,5.865],[14.524,5.28],[14.663,5.142],[14.717,4.622],[15.192,4.052],[15.026,4.026],[15.085,3.886],[16.092,2.863],[16.197,2.237],[16.639,3.529],[17.459,3.708],[18.182,3.477],[18.513,3.592],[18.626,3.477],[18.537,4.306],[19.409,5.13],[19.825,5.097],[20.339,4.772],[20.603,4.41],[20.872,4.453],[22.303,4.129],[22.493,4.174],[22.898,4.824],[23.388,4.587],[24.46,5.107],[24.664,4.924],[25.308,5.032],[25.364,5.311],[25.581,5.375],[26.52,5.046],[26.867,5.038],[27.116,5.2],[27.441,5.071],[27.238,5.323],[27.17,5.72],[26.528,6.043],[26.29,6.387],[26.378,6.653],[25.19,7.501],[25.217,7.864],[24.832,8.166],[24.131,8.343],[24.244,8.57],[24.17,8.689],[23.505,8.711],[23.568,8.975],[23.436,9.019],[23.632,9.278],[23.624,9.908],[22.861,10.919]]]}},{"type":"Feature","properties":{"name":"Sudan","iso_a2":"SD","iso_a3":"SDN","continent":"Africa"},"geometry":{"type":"Polygon","coordinates":[[[22.861,10.919],[23.624,9.908],[23.632,9.278],[23.436,9.019],[23.568,8.975],[23.505,8.711],[24.114,8.682],[24.558,8.887],[24.793,9.798],[25.084,10.293],[25.629,10.387],[25.843,10.418],[25.901,10.191],[26.694,9.477],[27.08,9.607],[27.895,9.595],[28.045,9.331],[28.844,9.325],[28.914,9.529],[29.483,9.762],[29.615,10.058],[30.013,10.271],[30.749,9.736],[31.164,9.764],[32.414,11.051],[32.345,11.709],[32.082,12],[32.747,12.003],[32.732,12.216],[33.209,12.21],[33.083,11.585],[33.151,10.731],[33.902,10.192],[33.969,9.838],[33.878,9.543],[34.071,9.455],[34.304,10.114],[34.28,10.566],[34.587,10.879],[34.839,10.729],[35.088,11.838],[35.728,12.674],[36.124,12.721],[36.526,14.264],[36.424,15.112],[36.944,16.253],[36.877,16.527],[37.001,17.073],[37.403,17.03],[37.507,17.319],[38.25,17.542],[38.602,18.005],[37.434,18.862],[37.087,21.057],[37.149,21.171],[37.234,21.02],[37.305,21.074],[36.984,21.466],[36.884,21.996],[34.084,21.996],[33.999,21.767],[33.558,21.711],[33.181,21.995],[31.436,21.995],[31.404,22.224],[31.248,21.994],[24.981,21.995],[24.981,20.002],[23.981,19.995],[23.984,15.721],[23.095,15.704],[22.926,15.564],[22.906,15.113],[22.739,14.98],[22.666,14.682],[22.364,14.544],[22.532,14.123],[22.074,13.771],[22.268,13.335],[21.809,12.794],[21.936,12.64],[22.205,12.743],[22.446,12.611],[22.373,12.463],[22.481,12.044],[22.586,12.071],[22.562,11.586],[22.915,11.396],[22.861,10.919]]]}},{"type":"Feature","properties":{"name":"Djibouti","iso_a2":"DJ","iso_a3":"DJI","continent":"Africa"},"geometry":{"type":"Polygon","coordinates":[[[43.241,11.488],[42.527,11.583],[43.377,12.005],[43.313,12.478],[43.118,12.708],[42.852,12.612],[42.678,12.36],[42.431,12.52],[41.808,11.736],[41.799,10.971],[42.616,11.09],[42.873,10.978],[43.241,11.488]]]}},{"type":"Feature","properties":{"name":"Eritrea","iso_a2":"ER","iso_a3":"ERI","continent":"Africa"},"geometry":{"type":"MultiPolygon","coordinates":[[[[43.118,12.708],[43.001,12.9],[42.963,12.811],[42.774,12.862],[42.521,13.236],[42.379,13.223],[42.288,13.575],[41.677,13.94],[41.156,14.642],[40.808,14.703],[40.554,14.99],[40.159,14.982],[40.072,15.351],[39.875,15.504],[39.773,15.391],[39.811,15.079],[39.698,15.124],[39.236,16.109],[38.929,17.397],[38.602,18.005],[38.25,17.542],[37.507,17.319],[37.403,17.03],[37.001,17.073],[36.877,16.527],[36.944,16.253],[36.424,15.112],[36.526,14.264],[37.006,14.263],[37.294,14.457],[37.565,14.117],[37.892,14.88],[38.427,14.417],[38.866,14.494],[39.011,14.648],[39.208,14.44],[39.515,14.568],[40.105,14.466],[40.833,14.106],[42.38,12.466],[42.678,12.36],[42.852,12.612],[43.118,12.708]]],[[[40.386,15.641],[40.164,15.644],[40.092,15.85],[39.925,15.777],[40.061,15.592],[40.386,15.641]]]]}},{"type":"Feature","properties":{"name":"Austria","iso_a2":"AT","iso_a3":"AUT","continent":"Europe"},"geometry":{"type":"Polygon","coordinates":[[[16.945,48.604],[16.643,48.778],[16.032,48.758],[14.982,49.008],[14.919,48.762],[14.8,48.777],[14.696,48.59],[14.075,48.592],[13.816,48.766],[13.714,48.523],[13.521,48.585],[13.406,48.377],[12.745,48.121],[12.991,47.847],[12.892,47.724],[13.045,47.697],[13.037,47.493],[12.745,47.665],[12.202,47.678],[11.259,47.401],[10.431,47.542],[10.452,47.439],[10.186,47.295],[9.949,47.524],[9.548,47.535],[9.65,47.41],[9.521,47.263],[9.581,47.057],[10.111,46.847],[10.368,46.996],[10.454,46.864],[10.997,46.769],[11.157,46.957],[12.181,47.085],[12.111,46.993],[12.405,46.69],[14.502,46.418],[15.062,46.65],[15.971,46.743],[16.437,47.032],[16.425,47.351],[16.688,47.523],[16.482,47.639],[16.531,47.743],[17.055,47.702],[17.148,48.005],[16.845,48.366],[16.945,48.604]]]}},{"type":"Feature","properties":{"name":"Iraq","iso_a2":"IQ","iso_a3":"IRQ","continent":"Asia"},"geometry":{"type":"Polygon","coordinates":[[[44.766,37.142],[44.234,36.984],[44.223,37.254],[44.088,37.311],[43.48,37.243],[42.772,37.375],[41.844,36.618],[41.415,36.527],[41.277,36.355],[41.364,35.655],[41.192,35.182],[41.207,34.819],[40.988,34.429],[38.775,33.372],[39.046,32.309],[39.236,32.353],[39.292,32.245],[39.146,32.118],[40.424,31.921],[42.075,31.08],[44.692,29.202],[46.532,29.096],[47.197,30.034],[47.674,30.098],[48.531,29.961],[48.397,30.221],[48.014,30.464],[48.002,30.995],[47.673,30.995],[47.831,31.762],[47.418,32.376],[46.479,32.892],[46.097,32.954],[46.155,33.26],[45.42,33.994],[45.534,34.128],[45.558,34.312],[45.417,34.444],[45.501,34.592],[45.702,34.551],[45.677,34.818],[46.166,35.19],[45.964,35.494],[45.996,35.658],[46.313,35.772],[45.719,35.828],[45.314,36.01],[45.239,36.403],[44.991,36.534],[45.044,36.649],[44.831,36.792],[44.881,37.025],[44.766,37.142]]]}},{"type":"Feature","properties":{"name":"Italy","iso_a2":"IT","iso_a3":"ITA","continent":"Europe"},"geometry":{"type":"MultiPolygon","coordinates":[[[[7.022,45.925],[6.796,45.718],[7.161,45.411],[7.062,45.219],[6.603,45.104],[6.983,44.847],[6.839,44.503],[6.996,44.238],[7.692,44.085],[7.502,43.792],[7.96,43.853],[8.762,44.432],[10.106,44.017],[10.517,43.267],[10.5,42.941],[10.778,42.895],[10.731,42.804],[10.99,42.71],[11.164,42.44],[11.658,42.279],[11.828,42.034],[13.045,41.228],[13.722,41.252],[14.052,40.838],[14.474,40.73],[14.38,40.634],[14.752,40.677],[14.998,40.398],[14.911,40.242],[15.283,40.03],[15.61,40.073],[16.22,38.899],[16.121,38.721],[15.845,38.66],[15.905,38.474],[15.651,38.241],[15.666,37.967],[16.09,37.949],[16.169,38.143],[16.57,38.43],[16.611,38.817],[17.172,39.005],[17.159,39.406],[16.516,39.69],[16.492,39.806],[16.912,40.445],[17.247,40.503],[17.213,40.406],[17.848,40.29],[18.072,39.912],[18.384,39.814],[18.517,40.114],[18.007,40.651],[16.022,41.428],[15.891,41.577],[16.193,41.791],[16.141,41.92],[15.123,41.934],[14.741,42.085],[14.075,42.599],[13.617,43.531],[12.369,44.251],[12.254,44.751],[12.527,44.943],[12.169,45.262],[12.273,45.464],[13.085,45.642],[13.131,45.769],[13.551,45.792],[13.848,45.585],[13.581,45.809],[13.623,45.966],[13.509,45.967],[13.637,46.18],[13.365,46.29],[13.701,46.52],[12.405,46.69],[12.111,46.993],[12.181,47.085],[11.157,46.957],[10.997,46.769],[10.454,46.864],[10.426,46.535],[10.192,46.627],[10.033,46.533],[10.159,46.262],[10.043,46.221],[9.964,46.356],[9.56,46.293],[9.438,46.492],[9.263,46.485],[9.225,46.231],[9.002,46.039],[9.059,45.882],[8.94,45.835],[8.768,45.983],[8.834,46.066],[8.427,46.251],[8.442,46.435],[8.077,46.262],[8.111,46.127],[7.831,45.915],[7.022,45.925]],[[12.429,43.892],[12.386,43.925],[12.421,43.967],[12.49,43.939],[12.429,43.892]],[[12.453,41.903],[12.453,41.904],[12.454,41.904],[12.454,41.903],[12.453,41.903]]],[[[15.529,38.303],[15.088,38.128],[14.907,38.188],[13.791,37.974],[13.31,38.22],[13.101,38.19],[12.901,38.028],[12.576,38.072],[12.427,37.797],[12.698,37.563],[13.174,37.487],[13.894,37.101],[14.279,37.044],[14.487,36.793],[15.074,36.659],[15.329,37.028],[15.097,37.495],[15.529,38.303]]],[[[8.456,39.074],[8.349,39.062],[8.437,38.967],[8.456,39.074]]],[[[9.792,40.557],[9.546,41.121],[9.231,41.263],[8.521,40.827],[8.233,40.91],[8.141,40.625],[8.312,40.578],[8.463,40.315],[8.398,39.905],[8.555,39.853],[8.372,39.231],[8.643,38.89],[9.018,38.995],[9.079,39.212],[9.558,39.14],[9.732,40.084],[9.626,40.263],[9.792,40.557]]],[[[10.443,42.845],[10.4,42.869],[10.266,42.804],[10.112,42.801],[10.147,42.737],[10.338,42.765],[10.443,42.845]]]]}},{"type":"Feature","properties":{"name":"Switzerland","iso_a2":"CH","iso_a3":"CHE","continent":"Europe"},"geometry":{"type":"Polygon","coordinates":[[[10.454,46.864],[10.368,46.996],[10.111,46.847],[9.581,47.057],[9.485,47.176],[9.65,47.41],[9.548,47.535],[8.558,47.801],[8.354,47.581],[7.586,47.585],[7.379,47.431],[7.104,47.496],[6.899,47.396],[7.044,47.341],[6.443,46.944],[6.429,46.761],[6.064,46.471],[6.09,46.246],[5.959,46.212],[6.14,46.15],[6.302,46.395],[6.614,46.456],[6.763,46.429],[6.774,46.135],[7.022,45.925],[7.831,45.915],[8.111,46.127],[8.077,46.262],[8.442,46.435],[8.427,46.251],[8.834,46.066],[8.768,45.983],[8.94,45.835],[9.059,45.882],[9.002,46.039],[9.225,46.231],[9.263,46.485],[9.438,46.492],[9.56,46.293],[9.964,46.356],[10.043,46.221],[10.159,46.262],[10.033,46.533],[10.192,46.627],[10.426,46.535],[10.454,46.864]]]}},{"type":"Feature","properties":{"name":"Iran","iso_a2":"IR","iso_a3":"IRN","continent":"Asia"},"geometry":{"type":"MultiPolygon","coordinates":[[[[44.807,39.64],[44.566,39.766],[44.405,39.434],[44.061,39.4],[44.275,38.844],[44.29,38.382],[44.459,38.322],[44.22,37.875],[44.596,37.716],[44.566,37.447],[44.802,37.293],[44.767,37.079],[44.881,37.025],[44.831,36.792],[44.996,36.742],[45.111,36.403],[45.239,36.403],[45.314,36.01],[45.719,35.828],[46.313,35.772],[45.996,35.658],[45.964,35.494],[46.166,35.19],[45.677,34.818],[45.702,34.551],[45.501,34.592],[45.417,34.444],[45.558,34.312],[45.534,34.128],[45.42,33.994],[46.155,33.26],[46.097,32.954],[46.479,32.892],[47.418,32.376],[47.831,31.762],[47.673,30.995],[48.002,30.995],[48.014,30.464],[48.397,30.221],[48.453,30.001],[48.935,30.08],[48.862,30.346],[49.017,30.415],[48.982,30.516],[49.257,30.422],[48.949,30.401],[49.004,30.309],[49.48,30.156],[49.532,30.023],[50.073,30.196],[50.145,29.938],[50.655,29.449],[50.644,29.144],[50.92,29.069],[50.813,28.915],[51.059,28.736],[51.38,27.991],[52.423,27.647],[52.601,27.353],[53.412,26.994],[53.716,26.709],[54.308,26.715],[54.802,26.498],[56.124,27.161],[56.809,27.14],[57.025,26.851],[57.326,25.777],[57.771,25.731],[57.787,25.635],[57.963,25.693],[58.073,25.564],[58.814,25.564],[58.994,25.42],[59.454,25.462],[59.904,25.33],[60.363,25.331],[60.55,25.447],[60.634,25.275],[61.412,25.059],[61.62,25.286],[61.857,26.242],[62.243,26.351],[62.428,26.565],[63.141,26.625],[63.252,27.219],[62.801,27.225],[62.739,28.258],[61.893,28.543],[61.567,28.871],[61.337,29.374],[60.844,29.858],[61.785,30.831],[61.826,31.035],[61.661,31.382],[60.822,31.495],[60.83,32.249],[60.568,33.151],[60.88,33.549],[60.487,33.711],[60.521,34.186],[60.891,34.319],[60.714,34.537],[61.066,34.815],[61.108,35.278],[61.29,35.548],[61.166,36.636],[60.342,36.637],[60.019,37.026],[59.51,37.19],[59.289,37.535],[58.861,37.668],[58.372,37.63],[57.352,37.968],[57.164,38.277],[57.038,38.187],[56.437,38.255],[56.3,38.08],[55.709,38.119],[55.13,37.952],[54.617,37.433],[53.914,37.343],[54.014,36.821],[53.492,36.888],[51.909,36.583],[51.089,36.737],[50.479,37.035],[50.149,37.404],[49.133,37.623],[48.874,38.434],[48.608,38.396],[48.013,38.822],[48.307,39.045],[48.125,39.298],[48.339,39.379],[47.957,39.707],[46.514,38.882],[46.136,38.864],[45.439,39.004],[44.807,39.64]]],[[[54.037,26.488],[54.033,26.55],[53.946,26.565],[53.955,26.493],[54.037,26.488]]],[[[56.212,27.003],[55.758,26.954],[55.737,26.782],[55.285,26.66],[55.298,26.544],[55.947,26.696],[56.212,27.003]]]]}},{"type":"Feature","properties":{"name":"Netherlands","iso_a2":"NL","iso_a3":"NLD","continent":"Europe"},"geometry":{"type":"MultiPolygon","coordinates":[[[[7.195,53.245],[6.73,53.461],[5.981,53.406],[5.592,53.303],[5.078,52.954],[4.746,52.968],[4.508,52.336],[4.01,51.98],[4.118,51.631],[3.988,51.59],[4.283,51.448],[3.829,51.613],[3.458,51.555],[3.827,51.391],[4.392,51.35],[4.525,51.476],[4.91,51.392],[5.012,51.474],[5.215,51.259],[5.841,51.139],[5.641,50.815],[5.995,50.75],[6.064,50.908],[5.875,50.965],[6.132,51.14],[6.065,51.232],[6.193,51.509],[5.928,51.807],[6.717,51.899],[6.804,51.984],[6.675,52.035],[7.026,52.231],[7.048,52.365],[6.695,52.476],[6.702,52.619],[7.037,52.647],[7.195,53.245]]],[[[3.349,51.375],[3.392,51.247],[3.809,51.205],[4.222,51.368],[3.349,51.375]]],[[[-68.211,12.228],[-68.417,12.257],[-68.26,12.028],[-68.211,12.228]]],[[[4.037,51.686],[3.94,51.741],[3.81,51.747],[3.796,51.7],[3.978,51.623],[4.037,51.686]]],[[[4.893,53.111],[4.854,53.188],[4.714,53.055],[4.893,53.111]]],[[[5.424,53.43],[5.179,53.385],[5.208,53.353],[5.424,53.43]]]]}},{"type":"Feature","properties":{"name":"Liechtenstein","iso_a2":"LI","iso_a3":"LIE","continent":"Europe"},"geometry":{"type":"Polygon","coordinates":[[[9.521,47.263],[9.485,47.176],[9.581,47.057],[9.616,47.107],[9.521,47.263]]]}},{"type":"Feature","properties":{"name":"Ivory Coast","iso_a2":"CI","iso_a3":"CIV","continent":"Africa"},"geometry":{"type":"MultiPolygon","coordinates":[[[[-7.99,10.162],[-8.174,9.942],[-8.153,9.513],[-8.032,9.385],[-7.865,9.41],[-7.93,9.184],[-7.759,9.092],[-7.917,9.012],[-7.959,8.782],[-7.692,8.606],[-7.662,8.375],[-7.97,8.497],[-8.249,8.454],[-8.266,8.246],[-7.968,8.037],[-8.069,8.029],[-8.229,7.544],[-8.485,7.558],[-8.284,7.018],[-8.568,6.49],[-7.935,6.271],[-7.717,5.901],[-7.446,5.846],[-7.397,5.366],[-7.578,5.055],[-7.574,4.375],[-5.851,5.03],[-3.996,5.232],[-4.478,5.291],[-3.312,5.12],[-3.134,5.367],[-3.139,5.142],[-2.781,5.151],[-2.782,5.579],[-3.03,5.704],[-3.262,6.617],[-2.84,7.82],[-2.506,8.209],[-2.619,8.924],[-2.775,9.055],[-2.689,9.489],[-2.81,9.411],[-3.137,9.83],[-3.662,9.949],[-4.133,9.82],[-4.322,9.609],[-4.705,9.702],[-4.966,9.901],[-5.112,10.279],[-5.594,10.454],[-6.016,10.19],[-6.181,10.216],[-6.28,10.723],[-6.434,10.668],[-6.421,10.557],[-6.668,10.651],[-6.7,10.342],[-6.973,10.332],[-7.04,10.14],[-7.644,10.441],[-7.99,10.162]]],[[[-3.115,5.108],[-3.234,5.164],[-3.262,5.111],[-3.12,5.091],[-3.115,5.108]]]]}},{"type":"Feature","properties":{"name":"Mali","iso_a2":"ML","iso_a3":"MLI","continent":"Africa"},"geometry":{"type":"Polygon","coordinates":[[[-12.264,14.775],[-12.166,14.625],[-12.222,14.391],[-11.998,14.166],[-11.963,13.83],[-12.098,13.704],[-11.828,13.307],[-11.613,13.361],[-11.384,12.933],[-11.388,12.404],[-11.508,12.192],[-11.351,12.04],[-10.91,12.2],[-10.711,11.89],[-10.267,12.218],[-9.723,12.025],[-9.36,12.247],[-9.413,12.455],[-9.147,12.466],[-8.82,12.013],[-8.847,11.658],[-8.428,11.4],[-8.681,10.952],[-8.311,11.001],[-8.295,10.537],[-8.016,10.339],[-7.99,10.162],[-7.644,10.441],[-7.04,10.14],[-6.973,10.332],[-6.7,10.342],[-6.668,10.651],[-6.421,10.557],[-6.434,10.668],[-6.28,10.723],[-6.243,10.289],[-6.016,10.19],[-5.806,10.414],[-5.523,10.426],[-5.49,11.082],[-5.322,11.136],[-5.218,11.422],[-5.371,11.791],[-4.654,12.069],[-4.406,12.308],[-4.485,12.715],[-4.212,12.819],[-4.327,13.169],[-3.972,13.47],[-3.462,13.166],[-3.249,13.293],[-3.26,13.658],[-2.895,13.652],[-2.841,14.043],[-2.597,14.222],[-2.104,14.151],[-1.967,14.484],[-1.697,14.496],[-0.753,15.07],[0.67,14.94],[0.974,14.991],[1.332,15.284],[3,15.339],[3.073,15.427],[3.507,15.354],[3.527,15.496],[3.871,15.715],[4.184,16.416],[4.229,19.142],[3.308,18.982],[3.103,19.154],[3.258,19.41],[3.217,19.794],[2.4,20.057],[2.182,20.279],[1.778,20.304],[1.52,20.617],[1.169,20.734],[1.147,21.102],[-4.822,24.995],[-6.593,24.994],[-5.623,16.528],[-5.353,16.312],[-5.511,15.496],[-9.349,15.496],[-9.376,15.686],[-9.424,15.441],[-10.736,15.423],[-10.915,15.103],[-11.515,15.644],[-11.727,15.541],[-11.837,14.893],[-12.264,14.775]]]}},{"type":"Feature","properties":{"name":"Senegal","iso_a2":"SN","iso_a3":"SEN","continent":"Africa"},"geometry":{"type":"Polygon","coordinates":[[[-12.264,14.775],[-12.857,15.222],[-12.964,15.509],[-13.238,15.623],[-13.485,16.155],[-13.811,16.122],[-14.407,16.661],[-14.974,16.691],[-15.672,16.481],[-16.327,16.475],[-16.539,15.774],[-16.878,15.233],[-17.139,14.928],[-17.536,14.757],[-17.178,14.653],[-16.561,13.587],[-15.518,13.583],[-15.394,13.772],[-15.098,13.82],[-14.729,13.619],[-14.585,13.661],[-14.39,13.466],[-13.967,13.576],[-13.819,13.429],[-14.395,13.243],[-15.138,13.59],[-15.277,13.38],[-15.823,13.319],[-15.833,13.157],[-16.673,13.164],[-16.773,12.583],[-16.566,12.674],[-16.485,12.594],[-16.803,12.485],[-16.728,12.333],[-15.677,12.439],[-15.195,12.679],[-13.076,12.636],[-13.052,12.472],[-12.913,12.536],[-12.361,12.306],[-11.388,12.404],[-11.45,13.075],[-11.613,13.361],[-11.828,13.307],[-12.098,13.704],[-11.963,13.83],[-11.998,14.166],[-12.222,14.391],[-12.166,14.625],[-12.264,14.775]]]}},{"type":"Feature","properties":{"name":"Nigeria","iso_a2":"NG","iso_a3":"NGA","continent":"Africa"},"geometry":{"type":"MultiPolygon","coordinates":[[[[3.596,11.696],[3.467,11.443],[3.722,11.112],[3.837,10.6],[3.572,10.286],[3.6,9.969],[3.317,9.782],[3.129,9.43],[3.091,9.126],[2.769,9.057],[2.704,6.368],[3.385,6.398],[3.452,6.582],[3.541,6.455],[3.444,6.41],[4.509,6.314],[5.18,5.583],[5.318,5.637],[5.198,5.502],[5.376,5.399],[5.595,4.637],[5.946,4.335],[6.062,4.295],[6.089,4.411],[6.097,4.278],[6.695,4.347],[6.654,4.512],[6.716,4.355],[6.97,4.375],[7.17,4.606],[7.736,4.499],[8.298,4.553],[8.358,4.797],[8.469,4.712],[8.799,5.16],[8.856,5.848],[10.12,6.994],[10.238,6.871],[10.496,6.875],[10.603,7.058],[11.003,6.767],[11.097,6.449],[11.389,6.474],[11.538,6.824],[11.881,7.102],[11.783,7.305],[12.198,7.975],[12.25,8.419],[12.773,8.759],[12.862,9.383],[13.196,9.542],[13.248,10.079],[13.435,10.153],[13.755,11.017],[13.982,11.276],[14.166,11.238],[14.594,11.496],[14.67,12.167],[14.18,12.386],[14.065,13.078],[13.607,13.704],[12.884,13.496],[12.473,13.064],[11.44,13.364],[10.675,13.375],[9.93,13.146],[9.59,12.801],[8.679,12.924],[8.078,13.31],[7.824,13.345],[6.907,13.007],[6.369,13.626],[5.554,13.873],[4.507,13.695],[4.126,13.473],[4.089,12.996],[3.646,12.529],[3.596,11.696]]],[[[7.274,4.492],[7.243,4.524],[7.148,4.416],[7.182,4.382],[7.308,4.425],[7.274,4.492]]]]}},{"type":"Feature","properties":{"name":"Benin","iso_a2":"BJ","iso_a3":"BEN","continent":"Africa"},"geometry":{"type":"Polygon","coordinates":[[[3.596,11.696],[2.844,12.399],[2.488,12.28],[2.361,12.219],[2.455,12.009],[2.291,11.675],[2.011,11.427],[1.434,11.459],[0.902,10.993],[0.781,10.693],[0.769,10.367],[1.331,9.997],[1.326,9.522],[1.601,9.05],[1.626,6.997],[1.532,6.992],[1.782,6.277],[1.62,6.214],[2.704,6.368],[2.769,9.057],[3.091,9.126],[3.129,9.43],[3.317,9.782],[3.6,9.969],[3.572,10.286],[3.837,10.6],[3.722,11.112],[3.467,11.443],[3.596,11.696]]]}},{"type":"Feature","properties":{"name":"Angola","iso_a2":"AO","iso_a3":"AGO","continent":"Africa"},"geometry":{"type":"MultiPolygon","coordinates":[[[[13.074,-4.635],[12.762,-4.391],[12.188,-4.768],[12.01,-5.02],[12.133,-5.006],[12.023,-5.046],[12.232,-5.48],[12.211,-5.763],[12.509,-5.726],[12.444,-5.055],[13.074,-4.635]]],[[[23.968,-10.872],[23.834,-11.028],[22.538,-11.037],[22.282,-11.237],[22.166,-10.852],[22.322,-10.742],[22.313,-10.369],[21.793,-9.393],[21.936,-8.413],[21.759,-8.015],[21.861,-7.47],[21.785,-7.283],[20.521,-7.286],[20.612,-6.916],[19.522,-7.002],[19.356,-8.002],[18.517,-7.932],[18.098,-8.109],[17.628,-8.098],[16.946,-7.205],[16.727,-6.189],[16.515,-5.887],[13.184,-5.856],[12.325,-6.122],[12.815,-6.947],[12.85,-7.266],[13.369,-8.323],[13.38,-8.755],[12.996,-9.094],[13.317,-9.976],[13.753,-10.646],[13.847,-11.114],[13.64,-12.249],[13.364,-12.593],[12.94,-12.817],[12.945,-12.982],[12.513,-13.442],[12.273,-14.751],[11.992,-15.617],[11.752,-15.799],[11.753,-17.229],[12.095,-17.14],[12.555,-17.236],[13.166,-16.951],[13.495,-17.024],[14.085,-17.424],[18.454,-17.39],[18.89,-17.799],[20.336,-17.855],[20.806,-18.031],[23.382,-17.641],[22.152,-16.598],[21.984,-16.166],[21.98,-13.001],[24.001,-13.001],[23.866,-12.79],[24.031,-12.385],[23.968,-10.872]]]]}},{"type":"Feature","properties":{"name":"Croatia","iso_a2":"HR","iso_a3":"HRV","continent":"Europe"},"geometry":{"type":"MultiPolygon","coordinates":[[[[16.515,46.502],[16.344,46.547],[16.192,46.37],[15.661,46.215],[15.666,45.832],[15.249,45.712],[15.353,45.64],[15.314,45.451],[14.882,45.47],[14.556,45.657],[14.373,45.478],[13.59,45.489],[13.596,45.145],[13.973,44.827],[14.33,45.354],[14.511,45.3],[14.827,45.114],[14.901,44.69],[15.308,44.354],[15.145,44.196],[15.931,43.677],[15.984,43.521],[16.434,43.55],[16.881,43.406],[17.663,42.966],[17.24,43.478],[16.327,44.082],[16.116,44.522],[15.717,44.787],[15.78,45.16],[15.998,45.219],[16.341,45.006],[16.482,45.2],[16.933,45.279],[17.836,45.064],[18.238,45.158],[18.689,45.08],[18.89,44.861],[19.132,44.953],[19.142,45.162],[19.378,45.23],[18.976,45.391],[18.901,45.931],[18.412,45.743],[17.657,45.845],[16.515,46.502]]],[[[18.437,42.559],[17.826,42.889],[17.202,42.984],[17.807,42.812],[18.496,42.416],[18.437,42.559]]],[[[17.132,42.97],[17.032,42.983],[16.824,42.962],[16.721,42.99],[16.638,42.935],[16.851,42.901],[16.973,42.927],[17.107,42.914],[17.132,42.97]]],[[[16.241,43.072],[16.093,43.083],[16.087,43.012],[16.21,43.033],[16.241,43.072]]],[[[16.693,43.127],[16.66,43.216],[16.445,43.171],[16.693,43.127]]],[[[16.501,43.284],[16.846,43.273],[16.688,43.377],[16.494,43.382],[16.501,43.284]]],[[[14.877,44.56],[15.097,44.34],[15.254,44.34],[15.083,44.462],[14.877,44.56]]],[[[14.514,44.662],[14.472,44.708],[14.452,44.851],[14.302,44.943],[14.33,44.834],[14.428,44.657],[14.514,44.662]]],[[[14.723,44.943],[14.815,44.978],[14.563,45.25],[14.425,45.087],[14.723,44.943]]]]}},{"type":"Feature","properties":{"name":"Slovenia","iso_a2":"SI","iso_a3":"SVN","continent":"Europe"},"geometry":{"type":"Polygon","coordinates":[[[13.59,45.489],[14.373,45.478],[14.556,45.657],[14.882,45.47],[15.314,45.451],[15.353,45.64],[15.249,45.712],[15.666,45.832],[15.661,46.215],[16.501,46.545],[16.272,46.864],[16.094,46.863],[15.463,46.615],[14.85,46.601],[14.502,46.418],[13.701,46.52],[13.365,46.29],[13.637,46.18],[13.509,45.967],[13.858,45.649],[13.59,45.489]]]}},{"type":"Feature","properties":{"name":"Qatar","iso_a2":"QA","iso_a3":"QAT","continent":"Asia"},"geometry":{"type":"Polygon","coordinates":[[[50.808,24.747],[50.979,24.568],[51.382,24.635],[51.587,24.953],[51.472,25.521],[51.578,25.881],[51.251,26.16],[51.047,26.053],[50.778,25.527],[50.808,24.747]]]}},{"type":"Feature","properties":{"name":"Saudi Arabia","iso_a2":"SA","iso_a3":"SAU","continent":"Asia"},"geometry":{"type":"MultiPolygon","coordinates":[[[[50.808,24.747],[49.976,26.14],[50.158,26.103],[50.216,26.215],[50.192,26.404],[50.031,26.495],[49.984,26.708],[50.069,26.729],[49.516,27.188],[49.338,27.19],[49.161,27.427],[49.313,27.449],[49.24,27.545],[48.873,27.613],[48.785,27.745],[48.878,27.837],[48.607,28.127],[48.495,28.5],[47.668,28.534],[47.434,28.995],[44.692,29.202],[42.075,31.08],[40.37,31.939],[39.158,32.121],[36.96,31.491],[37.981,30.5],[37.635,30.313],[37.47,29.995],[36.705,29.831],[36.07,29.2],[34.949,29.352],[34.627,28.161],[35.216,28.054],[36.537,26.082],[36.696,26.022],[36.725,25.754],[36.936,25.646],[37.231,25.194],[37.28,24.964],[37.149,24.851],[37.429,24.367],[38.453,23.784],[39.143,22.391],[38.931,22.006],[39.159,21.508],[39.081,21.315],[39.174,21.109],[39.76,20.351],[40.068,20.287],[40.791,19.714],[41.177,19.067],[41.267,18.601],[41.719,17.909],[42.302,17.454],[42.339,17.174],[42.706,16.741],[42.79,16.371],[43.163,16.662],[43.118,17.086],[43.249,17.252],[43.165,17.326],[43.391,17.512],[43.751,17.346],[45.165,17.428],[45.43,17.312],[46.71,17.275],[46.97,16.957],[47.129,16.943],[47.428,17.092],[48.162,18.149],[49.036,18.58],[51.979,18.996],[54.978,19.995],[55.638,21.979],[55.187,22.704],[55.105,22.621],[52.583,22.931],[51.594,24.078],[51.569,24.256],[51.282,24.303],[51.455,24.594],[50.979,24.568],[50.808,24.747]]],[[[42.186,16.706],[41.843,16.747],[42.156,16.585],[42.186,16.706]]],[[[41.919,16.791],[41.945,16.942],[41.835,16.892],[41.919,16.791]]]]}},{"type":"Feature","properties":{"name":"Botswana","iso_a2":"BW","iso_a3":"BWA","continent":"Africa"},"geometry":{"type":"Polygon","coordinates":[[[25.26,-17.794],[24.821,-17.839],[24.506,-18.06],[24.365,-17.951],[23.645,-18.466],[23.255,-17.997],[20.975,-18.319],[20.985,-21.964],[19.978,-22.001],[19.981,-24.752],[20.365,-25.033],[20.794,-25.894],[20.841,-26.131],[20.605,-26.548],[20.694,-26.889],[21.687,-26.855],[21.768,-26.704],[22.058,-26.618],[22.719,-25.984],[22.845,-25.481],[23.007,-25.311],[23.459,-25.282],[23.925,-25.629],[24.665,-25.823],[25.387,-25.743],[25.587,-25.619],[25.868,-24.748],[26.404,-24.633],[26.85,-24.248],[27.127,-23.525],[27.549,-23.361],[28.339,-22.585],[28.913,-22.454],[29.048,-22.22],[29.35,-22.187],[29.071,-22.051],[29.039,-21.798],[27.99,-21.552],[27.675,-21.09],[27.698,-20.509],[27.268,-20.496],[27.215,-20.11],[26.731,-19.936],[26.13,-19.501],[25.941,-18.921],[25.296,-18.069],[25.26,-17.794]]]}},{"type":"Feature","properties":{"name":"Zimbabwe","iso_a2":"ZW","iso_a3":"ZWE","continent":"Africa"},"geometry":{"type":"Polygon","coordinates":[[[25.26,-17.794],[25.296,-18.069],[25.941,-18.921],[26.13,-19.501],[26.731,-19.936],[27.215,-20.11],[27.268,-20.496],[27.698,-20.509],[27.675,-21.09],[27.99,-21.552],[29.039,-21.798],[29.071,-22.051],[29.35,-22.187],[29.759,-22.131],[30.301,-22.337],[30.838,-22.282],[31.289,-22.397],[32.408,-21.29],[32.34,-21.134],[32.497,-20.898],[32.513,-20.565],[32.647,-20.558],[33.007,-20.032],[33.033,-19.784],[32.816,-19.652],[32.763,-19.464],[32.862,-19.118],[32.691,-19.014],[32.691,-18.834],[32.885,-18.788],[32.871,-18.536],[33.035,-18.333],[32.937,-18.047],[33.023,-17.361],[32.829,-16.935],[32.969,-16.682],[31.91,-16.429],[31.26,-16.023],[30.403,-16.001],[30.396,-15.636],[29.587,-15.656],[28.932,-15.964],[28.823,-16.471],[27.777,-17.001],[27.049,-17.944],[26.712,-18.066],[26.203,-17.887],[25.979,-17.999],[25.681,-17.811],[25.26,-17.794]]]}},{"type":"Feature","properties":{"name":"Pakistan","iso_a2":"PK","iso_a3":"PAK","continent":"Asia"},"geometry":{"type":"Polygon","coordinates":[[[76.777,35.646],[76.565,35.866],[76.166,35.806],[75.894,36.097],[76.014,36.23],[75.875,36.62],[75.411,36.747],[75.351,36.916],[75.1,36.994],[74.663,37.055],[74.094,36.831],[73.192,36.877],[72.214,36.726],[71.736,36.396],[71.629,36.46],[71.171,36.027],[71.52,35.684],[71.634,35.203],[70.957,34.532],[71.122,34.357],[71.047,34.042],[70.522,33.939],[69.889,34.031],[69.841,33.942],[70.108,33.727],[70.294,33.319],[69.469,32.994],[69.429,32.667],[69.228,32.421],[69.299,31.938],[68.844,31.607],[68.528,31.823],[68.126,31.812],[67.955,31.633],[67.569,31.53],[67.749,31.328],[67.346,31.208],[66.943,31.315],[66.697,31.196],[66.366,30.923],[66.225,30.044],[66.341,29.957],[66.196,29.835],[65.036,29.54],[64.478,29.57],[64.086,29.387],[63.569,29.498],[62.478,29.408],[60.844,29.858],[61.337,29.374],[61.567,28.871],[61.893,28.543],[62.739,28.258],[62.801,27.225],[63.252,27.219],[63.141,26.625],[62.428,26.565],[62.243,26.351],[61.857,26.242],[61.588,25.202],[61.835,25.038],[62.477,25.259],[63.501,25.194],[63.67,25.384],[64.663,25.229],[65.395,25.392],[66.484,25.401],[66.336,25.553],[66.121,25.475],[66.437,25.598],[66.737,25.181],[66.68,24.831],[67.176,24.758],[67.354,24.071],[67.632,23.804],[67.865,23.866],[68.102,23.734],[68.252,23.905],[68.725,23.965],[68.799,24.329],[69.769,24.163],[70.416,24.402],[70.563,24.424],[70.622,24.241],[70.997,24.357],[71.075,24.436],[70.955,24.585],[71.064,24.683],[70.647,25.431],[70.658,25.634],[70.265,25.697],[70.115,25.882],[70.158,26.53],[69.504,26.735],[69.576,27.188],[70.342,28.012],[70.56,27.998],[70.832,27.702],[71.861,27.95],[72.382,28.784],[72.902,29.023],[73.37,29.927],[73.944,30.188],[73.852,30.373],[74.601,31.057],[74.506,31.175],[74.612,31.44],[74.489,31.711],[74.566,31.841],[75.295,32.149],[75.327,32.313],[74.663,32.498],[74.682,32.787],[74.419,32.785],[74.002,33.178],[74.158,33.494],[73.977,33.759],[74.272,33.962],[73.884,34.084],[73.998,34.197],[73.775,34.371],[73.962,34.668],[74.412,34.765],[75.612,34.498],[76.653,34.747],[77.049,35.11],[76.777,35.646]]]}},{"type":"Feature","properties":{"name":"Bulgaria","iso_a2":"BG","iso_a3":"BGR","continent":"Europe"},"geometry":{"type":"Polygon","coordinates":[[[26.333,41.713],[26.624,41.969],[27.023,42.074],[27.273,42.092],[27.533,41.908],[28.017,41.973],[27.692,42.428],[27.473,42.462],[27.743,42.716],[27.892,42.711],[27.904,43.202],[28.157,43.408],[28.56,43.454],[28.578,43.741],[27.028,44.177],[26.151,44.012],[25.781,43.732],[25.36,43.654],[23.485,43.881],[22.92,43.834],[22.886,43.995],[23.031,44.093],[22.692,44.228],[22.4,43.993],[22.35,43.808],[22.519,43.474],[22.981,43.199],[22.727,42.887],[22.427,42.814],[22.509,42.405],[22.345,42.313],[22.844,42.015],[23.01,41.716],[22.917,41.336],[24.531,41.548],[24.596,41.43],[25.286,41.239],[25.882,41.304],[26.174,41.446],[26.048,41.689],[26.333,41.713]]]}},{"type":"Feature","properties":{"name":"Thailand","iso_a2":"TH","iso_a3":"THA","continent":"Asia"},"geometry":{"type":"MultiPolygon","coordinates":[[[[102.914,11.646],[102.7,12.139],[102.765,12.416],[102.486,12.661],[102.332,13.565],[102.513,13.567],[103.085,14.296],[103.55,14.422],[104.001,14.345],[104.772,14.44],[104.974,14.381],[105.047,14.214],[105.496,14.537],[105.584,14.978],[105.444,15.134],[105.651,15.635],[105.373,15.882],[105.405,16.019],[105.079,16.105],[104.755,16.529],[104.816,17.373],[104.422,17.7],[104,18.318],[103.397,18.441],[103.261,18.4],[103.038,17.991],[102.661,17.813],[102.079,18.214],[101.132,17.462],[100.902,17.562],[101.165,18.053],[101.03,18.428],[101.24,18.674],[101.318,19.05],[101.246,19.57],[100.462,19.537],[100.384,19.764],[100.529,20.15],[100.307,20.4],[100.117,20.248],[99.942,20.444],[99.503,20.345],[99.441,20.102],[99.118,20.118],[98.884,19.746],[98.533,19.676],[98.018,19.789],[97.767,19.398],[97.811,19.112],[97.658,18.926],[97.752,18.583],[97.438,18.488],[97.453,18.334],[97.638,18.306],[97.769,17.679],[98.436,17.012],[98.657,16.302],[98.81,16.44],[98.903,16.363],[98.807,16.11],[98.659,16.116],[98.584,15.977],[98.56,15.355],[98.403,15.36],[98.165,15.126],[98.548,14.378],[99.092,13.864],[99.19,13.23],[99.093,13.038],[99.394,12.59],[99.63,11.816],[99.213,11.108],[98.767,10.689],[98.2,8.534],[98.278,8.241],[98.425,8.148],[98.446,8.325],[98.703,8.299],[98.747,8.068],[98.918,8.051],[99.033,7.723],[99.293,7.621],[99.366,7.336],[99.693,7.116],[99.686,6.877],[100.127,6.442],[100.167,6.695],[100.281,6.689],[100.387,6.522],[100.713,6.493],[100.822,6.26],[101.082,6.247],[100.967,5.781],[101.105,5.638],[101.535,5.906],[101.801,5.74],[102.073,6.258],[101.566,6.832],[100.998,6.857],[100.611,7.193],[100.396,7.211],[100.185,7.514],[100.211,7.781],[100.567,7.23],[100.221,8.449],[100.104,8.418],[99.959,8.638],[99.854,9.295],[99.255,9.233],[99.324,9.392],[99.145,9.788],[99.152,10.357],[99.512,10.902],[99.642,11.523],[100.02,12.193],[100.039,13.403],[100.59,13.562],[100.951,13.468],[100.837,12.708],[100.926,12.619],[101.766,12.706],[102.296,12.19],[102.632,12.152],[102.914,11.646]]],[[[99.672,6.517],[99.704,6.558],[99.681,6.673],[99.624,6.657],[99.6,6.583],[99.672,6.517]]],[[[98.419,7.904],[98.439,8.066],[98.281,8.192],[98.287,7.792],[98.419,7.904]]],[[[100.07,9.586],[99.926,9.566],[99.956,9.422],[100.07,9.586]]],[[[100.035,9.796],[99.971,9.765],[99.999,9.71],[100.09,9.665],[100.067,9.776],[100.035,9.796]]],[[[102.564,11.708],[102.53,11.605],[102.585,11.569],[102.606,11.685],[102.564,11.708]]],[[[102.4,12.043],[102.256,12.132],[102.294,11.995],[102.4,12.043]]]]}},{"type":"Feature","properties":{"name":"San Marino","iso_a2":"SM","iso_a3":"SMR","continent":"Europe"},"geometry":{"type":"Polygon","coordinates":[[[12.429,43.892],[12.49,43.939],[12.421,43.967],[12.386,43.925],[12.429,43.892]]]}},{"type":"Feature","properties":{"name":"Haiti","iso_a2":"HT","iso_a3":"HTI","continent":"North America"},"geometry":{"type":"MultiPolygon","coordinates":[[[[-71.757,19.71],[-72.33,19.752],[-72.776,19.944],[-73.144,19.92],[-73.468,19.725],[-72.728,19.426],[-72.803,19.232],[-72.716,19.104],[-72.813,19.053],[-72.325,18.671],[-72.354,18.53],[-72.628,18.554],[-72.755,18.429],[-74.256,18.67],[-74.489,18.429],[-73.873,18.026],[-73.654,18.253],[-73.377,18.258],[-72.886,18.141],[-72.072,18.238],[-71.776,18.039],[-71.709,18.313],[-72.001,18.583],[-71.719,18.784],[-71.784,18.996],[-71.639,19.212],[-71.776,19.328],[-71.757,19.71]]],[[[-72.851,20.089],[-72.844,20.035],[-72.74,20.002],[-72.668,20.032],[-72.851,20.089]]],[[[-73.259,18.879],[-72.809,18.72],[-73.201,18.969],[-73.259,18.879]]]]}},{"type":"Feature","properties":{"name":"Dominican Republic","iso_a2":"DO","iso_a3":"DOM","continent":"North America"},"geometry":{"type":"Polygon","coordinates":[[[-71.757,19.71],[-71.776,19.328],[-71.639,19.212],[-71.784,18.996],[-71.719,18.784],[-72.001,18.583],[-71.709,18.313],[-71.776,18.039],[-71.417,17.605],[-71.048,18.31],[-70.932,18.262],[-70.704,18.43],[-70.553,18.204],[-70.158,18.243],[-69.884,18.471],[-68.922,18.412],[-68.743,18.205],[-68.456,18.358],[-68.334,18.577],[-68.74,18.964],[-69.608,19.094],[-69.603,19.229],[-69.254,19.184],[-69.158,19.285],[-69.733,19.287],[-69.947,19.679],[-70.301,19.658],[-71.001,19.938],[-71.212,19.837],[-71.649,19.897],[-71.757,19.71]]]}},{"type":"Feature","properties":{"name":"Chad","iso_a2":"TD","iso_a3":"TCD","continent":"Africa"},"geometry":{"type":"Polygon","coordinates":[[[14.065,13.078],[14.418,13.081],[14.831,12.618],[14.903,12.146],[15.111,11.783],[15.021,11.183],[15.138,10.522],[15.681,9.991],[14.182,9.978],[13.948,9.638],[15.184,8.479],[15.441,7.839],[15.563,7.792],[15.481,7.523],[15.925,7.488],[16.549,7.87],[16.769,7.55],[17.68,7.985],[18.589,8.048],[19.124,8.675],[18.893,8.898],[19.101,9.015],[20.435,9.138],[21.719,10.297],[21.723,10.637],[22.461,11.001],[22.861,10.919],[22.915,11.396],[22.562,11.586],[22.586,12.071],[22.481,12.044],[22.373,12.463],[22.446,12.611],[22.205,12.743],[21.936,12.64],[21.809,12.794],[22.268,13.335],[22.074,13.771],[22.532,14.123],[22.364,14.544],[22.666,14.682],[22.739,14.98],[22.906,15.113],[22.926,15.564],[23.095,15.704],[23.984,15.721],[23.981,19.496],[15.985,23.445],[14.98,22.996],[15.18,21.507],[15.609,20.951],[15.544,20.799],[15.963,20.319],[15.736,19.904],[15.472,16.917],[14.369,15.75],[13.449,14.38],[13.607,13.704],[14.065,13.078]]]}},{"type":"Feature","properties":{"name":"Kuwait","iso_a2":"KW","iso_a3":"KWT","continent":"Asia"},"geometry":{"type":"MultiPolygon","coordinates":[[[[47.948,29.994],[47.674,30.098],[47.197,30.034],[46.532,29.096],[47.434,28.995],[47.668,28.534],[48.433,28.541],[48.1,29.35],[47.727,29.362],[47.966,29.576],[48.181,29.562],[47.948,29.994]]],[[[48.353,29.71],[48.189,29.984],[48.046,29.801],[48.229,29.6],[48.353,29.71]]]]}},{"type":"Feature","properties":{"name":"El Salvador","iso_a2":"SV","iso_a3":"SLV","continent":"North America"},"geometry":{"type":"Polygon","coordinates":[[[-90.098,13.731],[-89.808,13.527],[-89.251,13.472],[-88.786,13.245],[-87.928,13.159],[-87.738,13.442],[-87.713,13.801],[-88.235,13.993],[-88.488,13.865],[-89.027,14.311],[-89.408,14.442],[-89.57,14.412],[-89.531,14.226],[-90.023,13.937],[-90.098,13.731]]]}},{"type":"Feature","properties":{"name":"Guatemala","iso_a2":"GT","iso_a3":"GTM","continent":"North America"},"geometry":{"type":"Polygon","coordinates":[[[-89.362,14.416],[-89.16,14.581],[-89.173,15.042],[-88.221,15.726],[-88.448,15.859],[-88.626,15.754],[-89.236,15.894],[-89.16,17.814],[-90.962,17.816],[-90.992,17.252],[-91.431,17.255],[-90.395,16.419],[-90.433,16.173],[-90.486,16.071],[-91.752,16.046],[-92.205,15.29],[-92.074,15.074],[-92.246,14.546],[-91.316,13.956],[-90.58,13.913],[-90.098,13.731],[-90.023,13.937],[-89.531,14.226],[-89.57,14.412],[-89.362,14.416]]]}},{"type":"Feature","properties":{"name":"East Timor","iso_a2":"TL","iso_a3":"TLS","continent":"Asia"},"geometry":{"type":"MultiPolygon","coordinates":[[[[124.451,-9.18],[124.03,-9.342],[124.31,-9.489],[124.451,-9.18]]],[[[124.92,-8.962],[124.948,-9.078],[125.087,-8.986],[125.162,-9.061],[125.143,-9.189],[124.975,-9.192],[125.062,-9.486],[125.609,-9.186],[126.43,-8.955],[127.303,-8.432],[126.967,-8.309],[126.549,-8.487],[125.381,-8.571],[125.144,-8.631],[124.92,-8.962]]],[[[125.569,-8.196],[125.518,-8.292],[125.592,-8.307],[125.642,-8.175],[125.569,-8.196]]]]}},{"type":"Feature","properties":{"name":"Brunei","iso_a2":"BN","iso_a3":"BRN","continent":"Asia"},"geometry":{"type":"MultiPolygon","coordinates":[[[[115.146,4.909],[115.036,4.621],[115.113,4.382],[115.324,4.315],[115.146,4.909]]],[[[114.982,4.889],[115.058,5.054],[114.327,4.607],[113.999,4.601],[114.675,4.044],[114.836,4.357],[114.752,4.739],[114.982,4.889]]]]}},{"type":"Feature","properties":{"name":"Monaco","iso_a2":"MC","iso_a3":"MCO","continent":"Europe"},"geometry":{"type":"Polygon","coordinates":[[[7.438,43.743],[7.407,43.764],[7.366,43.723],[7.438,43.743]]]}},{"type":"Feature","properties":{"name":"Algeria","iso_a2":"DZ","iso_a3":"DZA","continent":"Africa"},"geometry":{"type":"Polygon","coordinates":[[[-4.822,24.995],[1.147,21.102],[1.169,20.734],[1.52,20.617],[1.778,20.304],[2.182,20.279],[2.4,20.057],[3.217,19.794],[3.258,19.41],[3.103,19.154],[3.308,18.982],[5.838,19.479],[7.483,20.873],[11.969,23.517],[11.509,24.314],[10.26,24.577],[10.032,24.856],[9.97,25.395],[9.378,26.169],[9.896,26.653],[9.721,27.292],[9.936,27.867],[9.777,28.268],[9.826,29.129],[9.668,29.608],[9.287,30.117],[9.52,30.229],[9.045,32.072],[8.36,32.501],[8.087,33.094],[7.751,33.208],[7.48,33.894],[7.518,34.095],[7.832,34.414],[8.237,34.648],[8.431,35.242],[8.317,35.29],[8.241,35.828],[8.349,36.449],[8.17,36.526],[8.624,36.826],[8.603,36.94],[7.909,36.85],[7.384,37.083],[6.909,36.893],[6.462,37.094],[6.197,36.902],[5.304,36.643],[4.787,36.895],[3.828,36.913],[3.461,36.775],[2.933,36.809],[2.633,36.605],[1.347,36.545],[0.342,36.206],[-0.124,35.787],[-0.348,35.907],[-0.683,35.717],[-0.825,35.769],[-1.761,35.13],[-2.223,35.089],[-1.788,34.757],[-1.871,34.597],[-1.703,34.48],[-1.81,34.373],[-1.675,34.106],[-1.741,33.687],[-1.613,33.522],[-1.674,33.238],[-1.499,33.06],[-1.559,32.934],[-1.047,32.517],[-1.257,32.321],[-1.25,32.082],[-2.881,32.076],[-2.828,31.795],[-3.659,31.648],[-3.673,31.389],[-3.819,31.319],[-3.555,30.956],[-3.645,30.711],[-4.372,30.509],[-5.176,29.978],[-5.539,29.523],[-5.756,29.614],[-7.619,29.389],[-8.682,28.666],[-8.682,27.285],[-4.822,24.995]]]}},{"type":"Feature","properties":{"name":"Mozambique","iso_a2":"MZ","iso_a3":"MOZ","continent":"Africa"},"geometry":{"type":"MultiPolygon","coordinates":[[[[32.114,-26.84],[32.893,-26.846],[32.955,-26.106],[32.812,-26.268],[32.592,-25.969],[32.873,-25.544],[35.107,-24.598],[35.494,-24.11],[35.543,-23.863],[35.366,-23.717],[35.601,-22.944],[35.497,-22.141],[35.428,-22.406],[35.312,-22.413],[35.271,-21.644],[35.072,-21.268],[35.12,-20.966],[34.665,-20.428],[34.758,-19.869],[35.127,-19.705],[36.109,-18.806],[36.147,-18.9],[36.416,-18.775],[36.977,-18.047],[36.888,-17.932],[37.014,-17.985],[37.212,-17.745],[37.909,-17.355],[39.091,-16.984],[39.856,-16.43],[39.813,-16.277],[39.992,-16.222],[40.573,-15.505],[40.682,-15.233],[40.533,-15.121],[40.712,-15.073],[40.848,-14.705],[40.843,-14.464],[40.623,-14.491],[40.746,-14.271],[40.622,-14.221],[40.527,-13.511],[40.539,-12.893],[40.647,-12.755],[40.48,-12.484],[40.537,-11.997],[40.471,-11.417],[40.349,-11.317],[40.552,-11.074],[40.532,-10.509],[39.287,-11.154],[38.896,-11.168],[38.492,-11.413],[37.938,-11.284],[37.784,-11.559],[37.428,-11.723],[36.82,-11.574],[36.667,-11.713],[36.2,-11.701],[35.826,-11.413],[35.576,-11.605],[34.607,-11.591],[34.354,-12.199],[34.545,-13.326],[34.641,-13.492],[35.084,-13.704],[35.853,-14.667],[35.904,-14.887],[35.785,-15.195],[35.796,-16.005],[35.375,-16.141],[35.132,-16.538],[35.278,-16.701],[35.235,-17.135],[35.081,-17.124],[35.096,-16.817],[34.446,-16.293],[34.233,-15.89],[34.569,-15.271],[34.502,-14.576],[34.344,-14.387],[33.625,-14.578],[33.203,-14.014],[30.215,-14.981],[30.369,-15.375],[30.403,-16.001],[31.26,-16.023],[31.91,-16.429],[32.969,-16.682],[32.829,-16.935],[33.023,-17.361],[32.937,-18.047],[33.035,-18.333],[32.871,-18.536],[32.885,-18.788],[32.691,-18.834],[32.691,-19.014],[32.862,-19.118],[32.763,-19.464],[32.816,-19.652],[33.033,-19.784],[33.007,-20.032],[32.647,-20.558],[32.513,-20.565],[32.497,-20.898],[32.34,-21.134],[32.408,-21.29],[31.279,-22.415],[31.546,-23.492],[31.856,-23.946],[31.987,-24.423],[31.912,-25.785],[32.081,-26.149],[32.114,-26.84]],[[34.694,-12],[34.754,-12.02],[34.733,-12.109],[34.656,-12.097],[34.694,-12]]],[[[39.91,-16.276],[39.821,-16.317],[39.833,-16.39],[39.903,-16.41],[39.942,-16.323],[39.91,-16.276]]]]}},{"type":"Feature","properties":{"name":"eSwatini","iso_a2":"SZ","iso_a3":"SWZ","continent":"Africa"},"geometry":{"type":"Polygon","coordinates":[[[31.949,-25.958],[31.309,-25.757],[30.805,-26.397],[30.802,-26.809],[30.88,-26.772],[31.157,-27.206],[31.968,-27.316],[32.117,-26.582],[32.057,-26.041],[31.949,-25.958]]]}},{"type":"Feature","properties":{"name":"Burundi","iso_a2":"BI","iso_a3":"BDI","continent":"Africa"},"geometry":{"type":"Polygon","coordinates":[[[30.555,-2.401],[30.379,-2.303],[30.139,-2.431],[29.932,-2.317],[29.903,-2.649],[29.698,-2.808],[29.34,-2.826],[29.307,-2.66],[29.033,-2.621],[28.995,-2.814],[29.235,-3.047],[29.215,-3.9],[29.404,-4.45],[29.728,-4.462],[30.003,-4.272],[30.469,-3.513],[30.8,-3.275],[30.802,-2.978],[30.416,-2.852],[30.555,-2.401]]]}},{"type":"Feature","properties":{"name":"Rwanda","iso_a2":"RW","iso_a3":"RWA","continent":"Africa"},"geometry":{"type":"Polygon","coordinates":[[[29.015,-2.721],[29.13,-2.597],[29.307,-2.66],[29.34,-2.826],[29.698,-2.808],[29.903,-2.649],[29.932,-2.317],[30.139,-2.431],[30.379,-2.303],[30.555,-2.401],[30.834,-2.345],[30.831,-1.594],[30.472,-1.067],[29.96,-1.465],[29.836,-1.329],[29.359,-1.51],[29.149,-1.799],[29.11,-2.237],[28.859,-2.418],[29.015,-2.721]]]}},{"type":"Feature","properties":{"name":"Myanmar","iso_a2":"MM","iso_a3":"MMR","continent":"Asia"},"geometry":{"type":"MultiPolygon","coordinates":[[[[92.576,21.978],[92.643,21.298],[92.323,21.462],[92.184,21.317],[92.381,20.7],[92.697,20.308],[92.832,20.479],[92.901,20.308],[92.772,20.202],[92.86,20.125],[93.001,20.239],[93.049,19.995],[93.375,20.089],[93.414,19.978],[93.708,19.917],[93.623,19.734],[93.987,19.387],[93.797,19.235],[93.553,19.431],[93.498,19.314],[93.93,18.859],[94.033,19.205],[94.053,18.841],[94.212,18.742],[94.481,18.094],[94.573,17.311],[94.273,16.538],[94.24,15.976],[94.516,16.287],[94.644,16.284],[94.562,15.962],[94.659,15.855],[94.84,15.962],[94.859,15.783],[95.115,15.894],[95.397,15.716],[95.756,16.145],[96.285,16.366],[96.266,16.597],[96.436,16.478],[96.68,16.575],[96.911,17.025],[96.864,17.403],[97.069,17.251],[97.403,16.517],[97.652,16.507],[97.582,16.009],[97.727,15.843],[97.795,14.88],[98.109,14.133],[98.103,13.701],[98.2,13.869],[98.579,13.187],[98.691,12.71],[98.605,12.429],[98.7,12.364],[98.552,12.28],[98.71,12.204],[98.61,11.731],[98.768,11.762],[98.759,11.269],[98.712,10.924],[98.459,10.715],[98.59,10.042],[98.767,10.689],[99.213,11.108],[99.63,11.816],[99.394,12.59],[99.093,13.038],[99.19,13.23],[99.092,13.864],[98.548,14.378],[98.165,15.126],[98.403,15.36],[98.56,15.355],[98.584,15.977],[98.659,16.116],[98.807,16.11],[98.903,16.363],[98.81,16.44],[98.657,16.302],[98.436,17.012],[97.769,17.679],[97.638,18.306],[97.453,18.334],[97.438,18.488],[97.752,18.583],[97.658,18.926],[97.811,19.112],[97.767,19.398],[98.018,19.789],[98.533,19.676],[98.884,19.746],[99.118,20.118],[99.441,20.102],[99.503,20.345],[99.942,20.444],[100.099,20.318],[100.211,20.697],[100.537,20.808],[100.725,21.312],[101.174,21.612],[101.069,21.762],[100.622,21.469],[100.327,21.524],[100.187,21.428],[99.95,21.721],[99.942,22.046],[99.166,22.132],[99.358,22.496],[99.308,22.72],[99.535,22.949],[99.351,23.119],[98.859,23.179],[98.857,23.604],[98.664,23.797],[98.663,23.97],[98.867,24.143],[98.182,24.119],[97.637,23.864],[97.517,23.943],[97.708,24.125],[97.64,24.439],[97.52,24.431],[97.536,24.745],[97.749,24.827],[97.704,25.074],[97.824,25.262],[98.045,25.312],[98.15,25.613],[98.333,25.567],[98.51,25.838],[98.692,25.879],[98.546,26.106],[98.706,26.175],[98.756,26.625],[98.679,27.577],[98.4,27.676],[98.295,27.537],[98.119,28.141],[97.898,28.355],[97.528,28.53],[97.299,28.129],[97.334,27.894],[96.87,27.619],[97.135,27.127],[96.865,27.172],[96.759,27.342],[96.143,27.258],[95.119,26.604],[95.046,26.248],[95.14,26.03],[95.001,25.922],[95.009,25.737],[94.608,25.395],[94.55,25.245],[94.709,25.026],[94.19,23.995],[94.1,23.843],[93.303,24.041],[93.432,23.647],[93.375,23.13],[93.138,23.005],[93.08,22.773],[93.169,22.247],[93.025,22.202],[92.979,21.995],[92.708,22.148],[92.576,21.978]]],[[[98.296,10.049],[98.254,10.063],[98.128,9.96],[98.121,9.861],[98.244,9.96],[98.296,10.049]]],[[[98.278,11.8],[98.239,11.687],[98.241,11.625],[98.188,11.535],[98.202,11.466],[98.275,11.481],[98.302,11.673],[98.323,11.731],[98.278,11.8]]],[[[98.535,11.804],[98.382,11.776],[98.442,11.564],[98.535,11.804]]],[[[98.604,11.967],[98.44,12.015],[98.478,11.891],[98.604,11.967]]],[[[98.096,12.187],[98.124,12.26],[98.073,12.29],[98.039,12.207],[98.096,12.187]]],[[[98.065,12.365],[98.007,12.402],[97.94,12.366],[98.011,12.31],[98.065,12.365]]],[[[98.466,12.584],[98.333,12.671],[98.302,12.338],[98.466,12.584]]],[[[94.828,15.932],[94.725,15.812],[94.804,15.797],[94.842,15.877],[94.828,15.932]]],[[[94.662,16.222],[94.612,16.222],[94.485,16.059],[94.39,16.001],[94.409,15.908],[94.478,15.966],[94.58,16.013],[94.63,16.075],[94.662,16.222]]],[[[97.589,16.415],[97.452,16.449],[97.571,16.223],[97.589,16.415]]],[[[93.745,18.8],[93.622,18.91],[93.498,18.841],[93.645,18.679],[93.745,18.8]]],[[[93.971,19.417],[93.731,19.554],[93.642,19.492],[93.857,19.279],[93.971,19.417]]],[[[93.505,19.807],[93.505,19.872],[93.407,19.921],[93.441,19.811],[93.505,19.807]]]]}},{"type":"Feature","properties":{"name":"Bangladesh","iso_a2":"BD","iso_a3":"BGD","continent":"Asia"},"geometry":{"type":"MultiPolygon","coordinates":[[[[92.576,21.978],[92.259,23.707],[91.914,23.688],[91.941,23.495],[91.744,23.272],[91.796,23.09],[91.695,22.988],[91.537,22.982],[91.372,23.262],[91.301,23.142],[91.141,23.612],[91.363,24.1],[91.865,24.151],[91.896,24.32],[92.108,24.406],[92.218,24.875],[92.478,24.864],[92.458,24.953],[92.002,25.183],[90.365,25.15],[89.835,25.282],[89.83,25.908],[89.658,26.208],[89.603,26.055],[89.352,25.997],[88.95,26.437],[88.892,26.369],[89.034,26.266],[88.808,26.233],[88.353,26.579],[88.496,26.378],[88.164,26.141],[88.128,25.775],[88.975,25.303],[88.899,25.169],[88.432,25.173],[88.323,24.875],[88.115,24.916],[88.022,24.646],[88.475,24.316],[88.738,24.287],[88.714,23.925],[88.54,23.65],[88.768,23.467],[88.71,23.241],[88.955,23.184],[88.843,22.965],[89.105,21.816],[89.274,21.699],[89.366,21.829],[89.395,21.716],[89.513,21.909],[89.537,21.754],[89.668,21.751],[89.887,21.9],[89.88,22.288],[89.934,21.998],[90.185,21.801],[90.558,22.203],[90.607,22.466],[90.406,22.763],[90.607,23.247],[90.259,23.445],[90.599,23.391],[90.627,23.087],[90.955,22.576],[91.203,22.543],[91.243,22.702],[91.456,22.785],[91.548,22.7],[91.744,22.411],[92.022,21.599],[91.96,21.424],[92.193,20.996],[92.236,21.417],[92.643,21.298],[92.576,21.978]]],[[[91.936,21.76],[91.848,21.689],[91.961,21.506],[91.936,21.76]]],[[[91.149,22.357],[91.075,22.389],[91.063,22.09],[91.149,22.357]]],[[[91.468,22.586],[91.424,22.525],[91.447,22.453],[91.508,22.397],[91.556,22.478],[91.468,22.586]]],[[[90.791,22.495],[90.579,22.757],[90.658,21.993],[90.836,22.178],[90.791,22.495]]],[[[90.645,22.849],[90.592,22.882],[90.466,22.852],[90.456,22.767],[90.532,22.769],[90.645,22.849]]],[[[90.667,22.953],[90.586,23.035],[90.524,22.953],[90.667,22.953]]]]}},{"type":"Feature","properties":{"name":"Andorra","iso_a2":"AD","iso_a3":"AND","continent":"Europe"},"geometry":{"type":"Polygon","coordinates":[[[1.707,42.503],[1.722,42.61],[1.467,42.642],[1.408,42.487],[1.707,42.503]]]}},{"type":"Feature","properties":{"name":"Afghanistan","iso_a2":"AF","iso_a3":"AFG","continent":"Asia"},"geometry":{"type":"Polygon","coordinates":[[[74.542,37.022],[74.366,37.148],[74.722,37.298],[74.892,37.231],[74.66,37.394],[74.224,37.403],[73.618,37.233],[73.754,37.428],[73.276,37.46],[72.658,37.029],[71.611,36.705],[71.431,37.067],[71.598,37.898],[71.256,37.95],[71.334,38.281],[70.974,38.474],[70.596,38.338],[70.165,37.89],[70.283,37.705],[70.158,37.541],[69.529,37.586],[69.324,37.121],[68.897,37.336],[68.011,36.931],[67.764,37.221],[67.237,37.192],[67.006,37.384],[66.294,37.331],[65.804,37.565],[65.501,37.242],[64.76,37.093],[64.445,36.25],[64.123,36.146],[64.045,35.999],[63.125,35.86],[63.08,35.437],[62.621,35.223],[62.459,35.282],[62.302,35.148],[62.034,35.424],[61.605,35.431],[61.27,35.619],[61.066,34.815],[60.714,34.537],[60.891,34.319],[60.521,34.186],[60.487,33.711],[60.88,33.549],[60.568,33.151],[60.83,32.249],[60.822,31.495],[61.661,31.382],[61.826,31.035],[61.785,30.831],[60.844,29.858],[62.478,29.408],[63.569,29.498],[64.086,29.387],[64.478,29.57],[65.036,29.54],[66.196,29.835],[66.341,29.957],[66.225,30.044],[66.366,30.923],[66.697,31.196],[66.943,31.315],[67.346,31.208],[67.749,31.328],[67.569,31.53],[67.955,31.633],[68.126,31.812],[68.528,31.823],[68.844,31.607],[69.299,31.938],[69.228,32.421],[69.429,32.667],[69.469,32.994],[70.294,33.319],[70.108,33.727],[69.841,33.942],[69.889,34.031],[70.522,33.939],[71.047,34.042],[71.122,34.357],[70.957,34.532],[71.634,35.203],[71.53,35.301],[71.594,35.549],[71.171,36.027],[71.223,36.125],[72.214,36.726],[73.192,36.877],[74.094,36.831],[74.542,37.022]]]}},{"type":"Feature","properties":{"name":"Montenegro","iso_a2":"ME","iso_a3":"MNE","continent":"Europe"},"geometry":{"type":"Polygon","coordinates":[[[18.496,42.416],[18.684,42.459],[19.365,41.852],[19.272,42.181],[19.605,42.585],[19.738,42.624],[19.82,42.467],[20.065,42.547],[20.025,42.723],[20.337,42.907],[19.619,43.168],[19.195,43.533],[18.911,43.507],[19.07,43.309],[18.68,43.25],[18.639,43.02],[18.453,42.993],[18.496,42.416]]]}},{"type":"Feature","properties":{"name":"Bosnia and Herzegovina","iso_a2":"BA","iso_a3":"BIH","continent":"Europe"},"geometry":{"type":"Polygon","coordinates":[[[17.653,42.891],[18.437,42.559],[18.538,42.618],[18.453,42.993],[18.639,43.02],[18.68,43.25],[19.07,43.309],[18.911,43.507],[19.482,43.561],[19.462,43.762],[19.275,43.933],[19.619,44.036],[19.107,44.383],[19.369,44.887],[18.89,44.861],[18.617,45.098],[17.836,45.064],[16.933,45.279],[16.482,45.2],[16.341,45.006],[15.825,45.211],[15.717,44.787],[16.116,44.522],[16.327,44.082],[17.286,43.437],[17.653,42.891]]]}},{"type":"Feature","properties":{"name":"Uganda","iso_a2":"UG","iso_a3":"UGA","continent":"Africa"},"geometry":{"type":"Polygon","coordinates":[[[30.472,-1.067],[33.904,-1.003],[33.894,0.11],[34.508,1.103],[34.798,1.232],[35.001,1.928],[34.876,2.591],[34.434,3.182],[34.44,3.668],[34.086,3.895],[34.029,4.188],[33.533,3.774],[32.98,3.879],[32.372,3.731],[32.175,3.521],[31.944,3.591],[31.781,3.816],[31.505,3.66],[31.142,3.785],[30.944,3.679],[30.745,3.036],[30.855,2.893],[30.725,2.441],[31.178,2.303],[31.243,2.051],[29.947,0.825],[29.941,0.498],[29.712,0.1],[29.578,-1.388],[29.836,-1.329],[29.96,-1.465],[30.472,-1.067]]]}},{"type":"Feature","properties":{"name":"Cuba","iso_a2":"CU","iso_a3":"CUB","continent":"North America"},"geometry":{"type":"MultiPolygon","coordinates":[[[[-75.095,19.897],[-74.813,20.037],[-74.267,20.068],[-74.14,20.242],[-74.998,20.701],[-75.709,20.691],[-75.77,20.836],[-75.578,21.013],[-75.636,21.076],[-76.117,21.092],[-77.07,21.596],[-77.258,21.476],[-77.142,21.646],[-77.508,21.863],[-77.761,21.813],[-78.065,22.087],[-78.782,22.391],[-79.342,22.413],[-79.652,22.759],[-80.622,23.09],[-81.121,23.039],[-82.033,23.201],[-83.208,23.003],[-84.292,22.486],[-84.429,22.202],[-84.322,22.048],[-84.947,21.86],[-84.536,21.94],[-84.466,21.771],[-84.042,21.918],[-83.925,22.172],[-83.415,22.186],[-82.781,22.696],[-81.877,22.68],[-81.643,22.573],[-81.683,22.464],[-82.164,22.397],[-81.824,22.189],[-81.291,22.098],[-81.198,22.213],[-80.992,22.054],[-80.514,22.056],[-80.484,22.192],[-80.003,21.721],[-79.249,21.552],[-78.766,21.64],[-78.495,21.048],[-78.065,20.712],[-77.195,20.637],[-77.113,20.369],[-77.737,19.856],[-76.248,19.991],[-75.383,19.883],[-75.113,20.058],[-75.095,19.897]]],[[[-82.568,21.637],[-82.69,21.882],[-82.989,21.948],[-83.073,21.761],[-82.969,21.591],[-83.171,21.568],[-82.836,21.445],[-82.568,21.637]]],[[[-77.634,22.054],[-77.947,22.073],[-77.695,21.948],[-77.634,22.054]]],[[[-77.997,22.147],[-77.913,22.143],[-77.895,22.221],[-77.979,22.233],[-78.046,22.199],[-77.997,22.147]]],[[[-78.196,22.329],[-78.076,22.354],[-78.244,22.425],[-78.196,22.329]]],[[[-78.426,22.463],[-78.282,22.458],[-78.573,22.531],[-78.426,22.463]]]]}},{"type":"Feature","properties":{"name":"Honduras","iso_a2":"HN","iso_a3":"HND","continent":"North America"},"geometry":{"type":"Polygon","coordinates":[[[-89.362,14.416],[-89.027,14.311],[-88.488,13.865],[-88.235,13.993],[-87.833,13.915],[-87.713,13.801],[-87.817,13.407],[-87.622,13.423],[-87.314,12.982],[-87.047,12.981],[-86.911,13.24],[-86.702,13.314],[-86.766,13.745],[-86.314,13.777],[-86.097,14.044],[-85.747,13.888],[-85.19,14.31],[-84.904,14.817],[-84.483,14.62],[-83.39,15.031],[-83.13,14.997],[-83.408,15.266],[-83.769,15.219],[-83.905,15.384],[-83.988,15.352],[-83.822,15.271],[-84.082,15.36],[-83.946,15.518],[-84.295,15.811],[-84.66,15.775],[-85,15.988],[-85.489,15.87],[-85.813,16.005],[-86.338,15.781],[-86.879,15.764],[-87.51,15.799],[-87.722,15.923],[-88.317,15.675],[-89.173,15.042],[-89.16,14.581],[-89.362,14.416]]]}},{"type":"Feature","properties":{"name":"Ecuador","iso_a2":"EC","iso_a3":"ECU","continent":"South America"},"geometry":{"type":"MultiPolygon","coordinates":[[[[-78.829,1.434],[-78.958,1.163],[-80.076,0.816],[-80.066,0.052],[-80.496,-0.381],[-80.422,-0.6],[-80.547,-0.888],[-80.916,-1.065],[-80.744,-1.344],[-80.849,-1.616],[-80.733,-1.904],[-80.914,-2.319],[-80.32,-2.711],[-80.076,-2.458],[-79.923,-2.574],[-79.839,-2.377],[-79.725,-2.57],[-79.953,-3.197],[-80.341,-3.393],[-80.165,-3.89],[-80.481,-3.999],[-80.47,-4.213],[-80.356,-4.221],[-80.488,-4.396],[-80.408,-4.477],[-80.205,-4.298],[-79.658,-4.439],[-79.303,-4.961],[-79.064,-5.011],[-78.673,-4.551],[-78.362,-3.408],[-78.164,-3.477],[-78.196,-3.364],[-77.849,-2.981],[-76.685,-2.574],[-76.091,-2.129],[-75.56,-1.503],[-75.413,-0.924],[-75.227,-0.97],[-75.272,-0.526],[-75.579,-0.183],[-75.283,-0.107],[-76.312,0.459],[-76.408,0.255],[-76.584,0.223],[-77.362,0.375],[-77.673,0.82],[-78.12,0.921],[-78.829,1.434]]],[[[-80.06,-2.663],[-80.211,-2.725],[-80.266,-3.018],[-80.131,-3.021],[-79.978,-2.776],[-80.06,-2.663]]],[[[-90.381,-1.254],[-90.472,-1.217],[-90.524,-1.306],[-90.475,-1.342],[-90.399,-1.326],[-90.381,-1.254]]],[[[-89.308,-0.686],[-89.631,-0.917],[-89.435,-0.929],[-89.308,-0.686]]],[[[-90.192,-0.538],[-90.488,-0.525],[-90.544,-0.682],[-90.337,-0.777],[-90.192,-0.538]]],[[[-91.401,-0.453],[-91.474,-0.249],[-91.669,-0.285],[-91.613,-0.442],[-91.401,-0.453]]],[[[-90.565,-0.285],[-90.81,-0.151],[-90.849,-0.276],[-90.565,-0.285]]],[[[-90.811,-0.731],[-91.324,0.139],[-91.604,0.002],[-91.423,-0.029],[-91.352,-0.307],[-91.094,-0.569],[-91.436,-0.778],[-91.502,-0.896],[-91.4,-1.018],[-90.929,-0.97],[-90.811,-0.731]]],[[[-90.514,0.284],[-90.476,0.263],[-90.417,0.331],[-90.483,0.366],[-90.514,0.284]]],[[[-78.902,1.374],[-78.981,1.308],[-78.957,1.236],[-78.936,1.257],[-78.912,1.245],[-78.902,1.374]]]]}},{"type":"Feature","properties":{"name":"Colombia","iso_a2":"CO","iso_a3":"COL","continent":"South America"},"geometry":{"type":"MultiPolygon","coordinates":[[[[-78.829,1.434],[-78.12,0.921],[-77.673,0.82],[-77.362,0.375],[-76.584,0.223],[-76.408,0.255],[-76.312,0.459],[-75.79,0.084],[-74.825,-0.17],[-74.413,-0.573],[-74.289,-0.943],[-73.637,-1.255],[-73.497,-1.478],[-73.531,-1.674],[-73.186,-1.8],[-73.159,-2.293],[-72.943,-2.419],[-72.161,-2.406],[-71.768,-2.142],[-71.387,-2.369],[-70.993,-2.197],[-70.095,-2.633],[-70.734,-3.782],[-70.311,-3.829],[-69.965,-4.236],[-69.399,-1.183],[-69.632,-0.507],[-70.056,-0.181],[-70.054,0.588],[-69.504,0.73],[-69.137,0.65],[-69.289,1.038],[-69.852,1.059],[-69.849,1.669],[-69.58,1.77],[-68.163,1.721],[-68.201,2.008],[-67.998,1.75],[-67.86,1.762],[-67.44,2.14],[-67.117,1.71],[-67.065,1.173],[-66.875,1.223],[-66.882,1.326],[-67.198,2.402],[-67.839,2.886],[-67.305,3.426],[-67.632,3.762],[-67.865,4.512],[-67.844,5.297],[-67.435,5.968],[-67.476,6.178],[-67.839,6.308],[-68.635,6.136],[-69.061,6.218],[-69.246,6.081],[-69.444,6.122],[-70.158,6.98],[-70.703,7.1],[-71.184,6.963],[-71.994,7.013],[-72.206,7.382],[-72.482,7.508],[-72.488,7.949],[-72.336,8.104],[-72.827,9.142],[-72.936,9.099],[-73.01,9.295],[-73.391,9.195],[-72.978,9.838],[-72.908,10.453],[-72.706,10.811],[-72.481,11.133],[-72.257,11.168],[-71.971,11.662],[-71.449,11.796],[-71.138,12.016],[-71.242,12.328],[-71.656,12.465],[-71.967,12.153],[-72.005,12.263],[-72.17,12.234],[-72.263,11.886],[-72.76,11.697],[-73.292,11.294],[-74.187,11.317],[-74.362,10.776],[-74.457,10.748],[-74.503,10.974],[-74.844,11.11],[-75.267,10.795],[-75.51,10.586],[-75.516,10.319],[-75.646,10.194],[-75.621,9.453],[-76.078,9.344],[-76.324,8.941],[-76.947,8.546],[-76.77,8.398],[-76.757,7.924],[-76.934,7.965],[-76.832,8.137],[-76.942,8.129],[-77.373,8.665],[-77.48,8.526],[-77.201,7.982],[-77.58,7.528],[-77.77,7.669],[-77.896,7.235],[-77.343,6.544],[-77.484,6.189],[-77.261,5.701],[-77.552,5.492],[-77.408,5.465],[-77.359,5.297],[-77.425,4.005],[-77.346,3.93],[-77.189,4.067],[-77.312,3.908],[-77.151,3.8],[-77.648,3.074],[-77.778,2.578],[-77.95,2.675],[-78.184,2.515],[-78.334,2.647],[-78.586,2.403],[-78.703,2.19],[-78.571,1.782],[-78.846,1.822],[-78.998,1.608],[-78.829,1.434]]],[[[-78.131,2.627],[-78.216,2.597],[-78.158,2.518],[-78.097,2.572],[-78.131,2.627]]],[[[-77.353,4.265],[-77.415,4.321],[-77.544,4.232],[-77.382,4.232],[-77.353,4.265]]]]}},{"type":"Feature","properties":{"name":"Paraguay","iso_a2":"PY","iso_a3":"PRY","continent":"South America"},"geometry":{"type":"Polygon","coordinates":[[[-62.65,-22.234],[-62.287,-22.484],[-61.956,-23.034],[-61.11,-23.607],[-61.006,-23.805],[-60.034,-24.007],[-58.809,-24.777],[-57.754,-25.181],[-57.57,-25.547],[-57.754,-25.673],[-57.873,-26.01],[-58.086,-26.127],[-58.165,-26.592],[-58.653,-27.156],[-58.602,-27.246],[-58.022,-27.26],[-57.18,-27.487],[-56.546,-27.455],[-56.367,-27.581],[-56.125,-27.299],[-55.755,-27.444],[-55.414,-26.98],[-55.138,-26.954],[-54.793,-26.645],[-54.245,-24.051],[-54.613,-23.811],[-54.944,-23.969],[-55.398,-23.977],[-55.631,-22.627],[-55.861,-22.289],[-56.197,-22.279],[-56.422,-22.074],[-56.843,-22.289],[-57.94,-22.118],[-57.825,-20.999],[-58.159,-20.165],[-58.175,-19.821],[-59.089,-19.287],[-60.006,-19.298],[-61.761,-19.658],[-62.277,-20.58],[-62.276,-21.067],[-62.65,-22.234]]]}},{"type":"Feature","properties":{"name":"Brazilian Island","iso_a2":"-99","iso_a3":"-99","continent":"South America"},"geometry":{"type":"Polygon","coordinates":[[[-57.642,-30.193],[-57.603,-30.19],[-57.612,-30.183],[-57.642,-30.193]]]}},{"type":"Feature","properties":{"name":"Portugal","iso_a2":"PT","iso_a3":"PRT","continent":"Europe"},"geometry":{"type":"MultiPolygon","coordinates":[[[[-7.414,37.193],[-7.53,37.567],[-6.947,38.197],[-7.127,38.191],[-7.359,38.446],[-7.27,38.738],[-6.973,39.014],[-7.244,39.196],[-7.313,39.457],[-7.557,39.68],[-7.036,39.689],[-6.88,40.009],[-7.043,40.181],[-6.794,40.356],[-6.942,41.016],[-6.206,41.57],[-6.555,41.675],[-6.524,41.867],[-6.657,41.933],[-7.145,41.988],[-7.405,41.835],[-8.18,41.811],[-8.108,42.011],[-8.222,42.154],[-8.867,41.859],[-8.642,40.694],[-9.09,39.579],[-9.353,39.368],[-9.492,38.708],[-9.112,38.714],[-9.011,38.913],[-8.943,38.782],[-9.253,38.666],[-9.2,38.413],[-8.906,38.512],[-8.795,38.359],[-8.798,37.49],[-8.986,37.063],[-7.981,37.002],[-7.414,37.193]]],[[[-16.789,32.687],[-16.92,32.841],[-17.252,32.815],[-16.977,32.647],[-16.789,32.687]]],[[[-25.067,37.022],[-25.169,36.946],[-25.027,36.934],[-25.067,37.022]]],[[[-25.198,37.864],[-25.841,37.906],[-25.506,37.707],[-25.195,37.741],[-25.198,37.864]]],[[[-28.109,38.447],[-28.374,38.551],[-28.549,38.484],[-28.242,38.378],[-28.109,38.447]]],[[[-28.61,38.597],[-28.72,38.645],[-28.842,38.599],[-28.75,38.524],[-28.596,38.553],[-28.61,38.597]]],[[[-27.891,38.604],[-28.034,38.666],[-28.232,38.726],[-28.178,38.645],[-27.977,38.593],[-27.891,38.604]]],[[[-27.02,38.694],[-27.392,38.759],[-27.228,38.641],[-27.02,38.694]]],[[[-31.208,39.509],[-31.285,39.398],[-31.177,39.356],[-31.208,39.509]]]]}},{"type":"Feature","properties":{"name":"Moldova","iso_a2":"MD","iso_a3":"MDA","continent":"Europe"},"geometry":{"type":"Polygon","coordinates":[[[26.618,48.259],[27.048,48.122],[27.572,47.375],[28.102,46.935],[28.234,46.662],[28.086,46.001],[28.2,45.462],[28.481,45.502],[28.474,45.658],[28.932,45.993],[28.946,46.455],[29.163,46.538],[29.201,46.357],[29.727,46.456],[29.848,46.342],[30.081,46.374],[29.916,46.519],[29.931,46.803],[29.559,46.946],[29.557,47.324],[29.164,47.439],[29.239,47.756],[29.124,47.976],[28.95,47.935],[28.799,48.112],[28.2,48.212],[27.752,48.452],[26.843,48.394],[26.618,48.259]]]}},{"type":"Feature","properties":{"name":"Turkmenistan","iso_a2":"TM","iso_a3":"TKM","continent":"Asia"},"geometry":{"type":"Polygon","coordinates":[[[61.27,35.619],[61.605,35.431],[62.034,35.424],[62.302,35.148],[62.459,35.282],[62.621,35.223],[63.08,35.437],[63.125,35.86],[64.045,35.999],[64.123,36.146],[64.445,36.25],[64.808,37.136],[65.501,37.242],[65.804,37.565],[66.462,37.324],[66.646,37.946],[65.877,38.273],[65.604,38.237],[64.337,38.971],[64.121,38.962],[63.709,39.191],[62.453,40.009],[62.353,40.43],[62.192,40.499],[61.878,41.125],[61.47,41.297],[61.281,41.157],[60.415,41.235],[60.094,41.39],[60.156,41.603],[60.049,41.754],[60.241,41.808],[59.984,41.949],[60.028,42.2],[59.245,42.365],[58.612,42.781],[58.493,42.646],[58.131,42.639],[58.325,42.432],[57.998,42.493],[57.851,42.191],[57.382,42.164],[56.95,41.866],[57.02,41.466],[57.154,41.372],[57.01,41.254],[55.509,41.259],[54.907,41.932],[54.047,42.345],[52.979,42.127],[52.438,41.749],[52.595,41.634],[52.562,41.52],[52.816,41.389],[52.904,41.69],[52.822,41.765],[52.96,41.984],[53.819,42.124],[54.089,41.475],[54.6,41.192],[54.76,40.965],[54.475,40.81],[54.273,40.893],[54.311,40.731],[53.721,40.626],[53.657,40.865],[53.483,40.737],[53.107,40.774],[52.958,41.016],[52.737,40.485],[52.739,40.054],[52.884,39.945],[53.567,39.95],[53.444,39.701],[53.712,39.543],[53.178,39.516],[53.089,39.383],[53.17,39.272],[53.219,39.364],[53.581,39.331],[53.978,38.902],[53.827,38.526],[53.914,37.343],[54.617,37.433],[54.784,37.518],[54.857,37.761],[55.423,38.076],[56.3,38.08],[56.437,38.255],[57.218,38.265],[57.352,37.968],[58.372,37.63],[58.861,37.668],[59.289,37.535],[59.51,37.19],[60.019,37.026],[60.342,36.637],[61.166,36.636],[61.27,35.619]]]}},{"type":"Feature","properties":{"name":"Jordan","iso_a2":"JO","iso_a3":"JOR","continent":"Asia"},"geometry":{"type":"Polygon","coordinates":[[[35.612,32.682],[35.439,31.104],[35.14,30.43],[34.949,29.352],[36.016,29.19],[36.477,29.495],[36.756,29.866],[37.47,29.995],[37.635,30.313],[37.981,30.5],[36.96,31.491],[38.963,31.994],[39.292,32.245],[39.236,32.353],[39.046,32.309],[38.775,33.372],[36.819,32.317],[36.373,32.386],[35.896,32.713],[35.612,32.682]]]}},{"type":"Feature","properties":{"name":"Nepal","iso_a2":"NP","iso_a3":"NPL","continent":"Asia"},"geometry":{"type":"Polygon","coordinates":[[[88.118,27.861],[87.156,27.826],[86.662,28.107],[86.439,27.911],[86.203,28.003],[86.156,28.157],[86.113,27.927],[85.98,27.885],[85.675,28.306],[85.08,28.319],[85.168,28.583],[84.799,28.547],[84.451,28.734],[84.207,28.941],[84.099,29.247],[83.517,29.192],[83.162,29.625],[82.837,29.66],[82.145,30.069],[82.089,30.33],[81.592,30.414],[81.388,30.374],[81.195,30.005],[80.996,30.197],[80.836,30.17],[80.369,29.758],[80.233,29.139],[80.034,28.916],[80.35,28.62],[80.498,28.67],[81.146,28.372],[81.307,28.124],[81.856,27.851],[82.052,27.905],[82.402,27.677],[82.652,27.704],[82.752,27.495],[83.305,27.332],[83.361,27.462],[83.848,27.351],[84.08,27.51],[84.577,27.329],[84.64,27.028],[85.195,26.759],[85.599,26.854],[85.822,26.572],[86.284,26.612],[86.714,26.415],[87.041,26.58],[87.135,26.394],[87.871,26.461],[88.007,26.37],[88.169,26.744],[87.971,27.103],[88.118,27.861]]]}},{"type":"Feature","properties":{"name":"Lesotho","iso_a2":"LS","iso_a3":"LSO","continent":"Africa"},"geometry":{"type":"Polygon","coordinates":[[[28.981,-28.909],[28.667,-28.597],[27.747,-28.909],[27.345,-29.484],[27.002,-29.666],[27.366,-30.311],[27.744,-30.6],[28.055,-30.65],[28.364,-30.159],[29.144,-29.92],[29.114,-29.75],[29.436,-29.342],[29.312,-29.09],[28.981,-28.909]]]}},{"type":"Feature","properties":{"name":"Cameroon","iso_a2":"CM","iso_a3":"CMR","continent":"Africa"},"geometry":{"type":"Polygon","coordinates":[[[11.322,2.166],[11.352,2.301],[11.671,2.321],[13.133,2.285],[13.295,2.161],[14.562,2.209],[14.963,2.01],[15.765,1.909],[16.07,1.655],[16.159,1.735],[16.092,2.863],[15.085,3.886],[15.026,4.026],[15.192,4.052],[14.717,4.622],[14.663,5.142],[14.524,5.28],[14.617,5.865],[14.398,6.019],[14.782,6.337],[15.563,7.792],[15.031,8.659],[13.948,9.638],[14.182,9.978],[15.681,9.991],[15.138,10.522],[15.041,12.056],[14.903,12.146],[14.831,12.618],[14.418,13.081],[14.065,13.078],[14.18,12.386],[14.67,12.167],[14.594,11.496],[14.166,11.238],[13.982,11.276],[13.755,11.017],[13.435,10.153],[13.248,10.079],[13.196,9.542],[12.862,9.383],[12.773,8.759],[12.25,8.419],[12.198,7.975],[11.783,7.305],[11.881,7.102],[11.538,6.824],[11.51,6.612],[11.14,6.43],[10.832,6.945],[10.603,7.058],[10.496,6.875],[10.238,6.871],[10.12,6.994],[8.856,5.848],[8.799,5.16],[8.505,4.551],[8.872,4.603],[8.971,4.101],[9.412,3.902],[9.579,4.013],[9.665,3.94],[9.642,3.539],[9.958,3.082],[9.811,2.265],[9.991,2.166],[11.322,2.166]]]}},{"type":"Feature","properties":{"name":"Gabon","iso_a2":"GA","iso_a3":"GAB","continent":"Africa"},"geometry":{"type":"MultiPolygon","coordinates":[[[[13.295,2.161],[13.133,2.285],[11.352,2.301],[11.336,0.999],[9.592,1.014],[9.625,0.639],[9.306,0.544],[9.498,0.291],[9.792,0.181],[9.38,0.205],[9.307,0.319],[9.267,-0.412],[9.005,-0.805],[8.719,-0.66],[9.03,-1.299],[9.285,-1.416],[9.3,-1.577],[9.484,-1.484],[9.274,-1.66],[9.017,-1.316],[9.244,-1.786],[9.518,-1.926],[9.368,-1.995],[9.597,-2.352],[10.138,-2.527],[10.04,-2.613],[9.725,-2.481],[10.635,-3.314],[11.114,-3.937],[11.213,-3.697],[11.483,-3.509],[11.649,-3.673],[11.898,-3.666],[11.828,-3.548],[11.944,-3.303],[11.688,-3.171],[11.764,-2.983],[11.548,-2.864],[11.558,-2.349],[12.459,-2.33],[12.423,-1.898],[12.583,-1.826],[12.805,-1.919],[12.991,-2.332],[13.445,-2.427],[13.771,-2.119],[13.885,-2.488],[14.081,-2.5],[14.397,-1.849],[14.499,-0.631],[13.831,-0.205],[13.945,0.35],[14.329,0.621],[14.468,0.913],[14.184,1.381],[13.795,1.434],[13.185,1.223],[13.162,1.9],[13.295,2.161]]],[[[8.997,-0.628],[8.952,-0.643],[8.969,-0.737],[9.039,-0.744],[9.034,-0.635],[8.997,-0.628]]]]}},{"type":"Feature","properties":{"name":"Niger","iso_a2":"NE","iso_a3":"NER","continent":"Africa"},"geometry":{"type":"Polygon","coordinates":[[[3.596,11.696],[3.646,12.529],[4.089,12.996],[4.126,13.473],[4.857,13.774],[5.274,13.753],[5.554,13.873],[6.23,13.679],[6.971,12.992],[7.824,13.345],[8.078,13.31],[8.679,12.924],[9.59,12.801],[9.93,13.146],[10.675,13.375],[11.44,13.364],[12.473,13.064],[12.884,13.496],[13.607,13.704],[13.482,14.484],[13.764,14.719],[13.834,15.02],[14.369,15.75],[15.472,16.917],[15.736,19.904],[15.963,20.319],[15.544,20.799],[15.609,20.951],[15.18,21.507],[14.98,22.996],[14.232,22.618],[13.482,23.18],[11.969,23.517],[7.483,20.873],[5.838,19.479],[4.229,19.142],[4.184,16.416],[3.871,15.715],[3.527,15.496],[3.507,15.354],[3.073,15.427],[3,15.339],[1.332,15.284],[0.974,14.991],[0.221,14.996],[0.153,14.547],[0.621,13.68],[1.188,13.364],[0.984,13.368],[1.012,13.017],[1.597,12.624],[2.109,12.706],[2.245,12.424],[2.071,12.307],[2.39,11.897],[2.361,12.219],[2.844,12.399],[3.596,11.696]]]}},{"type":"Feature","properties":{"name":"Burkina Faso","iso_a2":"BF","iso_a3":"BFA","continent":"Africa"},"geometry":{"type":"Polygon","coordinates":[[[2.39,11.897],[2.071,12.307],[2.245,12.424],[2.109,12.706],[1.597,12.624],[0.972,13.067],[0.984,13.368],[1.188,13.364],[0.621,13.68],[0.369,14.039],[0.389,14.252],[0.153,14.547],[0.219,14.911],[-0.753,15.07],[-1.697,14.496],[-1.967,14.484],[-2.104,14.151],[-2.597,14.222],[-2.841,14.043],[-2.895,13.652],[-3.26,13.658],[-3.249,13.293],[-3.462,13.166],[-3.972,13.47],[-4.327,13.169],[-4.212,12.819],[-4.485,12.715],[-4.406,12.308],[-4.654,12.069],[-5.371,11.791],[-5.218,11.422],[-5.322,11.136],[-5.49,11.082],[-5.523,10.426],[-5.112,10.279],[-4.966,9.901],[-4.705,9.702],[-4.322,9.609],[-4.133,9.82],[-3.389,9.913],[-2.99,9.708],[-2.764,9.392],[-2.758,10.266],[-2.932,10.634],[-2.751,10.986],[-1.07,11.014],[-0.635,10.908],[-0.166,11.135],[0.488,10.933],[0.902,10.993],[1.434,11.459],[2.011,11.427],[2.39,11.897]]]}},{"type":"Feature","properties":{"name":"Togo","iso_a2":"TG","iso_a3":"TGO","continent":"Africa"},"geometry":{"type":"Polygon","coordinates":[[[-0.166,11.135],[0.016,11.063],[-0.088,10.634],[0.367,10.305],[0.355,9.571],[0.23,9.576],[0.231,9.419],[0.43,9.489],[0.538,9.378],[0.431,9.028],[0.506,8.866],[0.366,8.774],[0.705,8.283],[0.574,8.204],[0.612,7.699],[0.501,7.455],[0.646,7.324],[0.519,6.832],[0.767,6.419],[1.185,6.101],[1.62,6.214],[1.782,6.277],[1.532,6.992],[1.626,6.997],[1.601,9.05],[1.326,9.522],[1.344,9.962],[0.769,10.367],[0.902,10.993],[0.488,10.933],[-0.166,11.135]]]}},{"type":"Feature","properties":{"name":"Ghana","iso_a2":"GH","iso_a3":"GHA","continent":"Africa"},"geometry":{"type":"Polygon","coordinates":[[[-0.166,11.135],[-0.635,10.908],[-1.562,11.027],[-2.751,10.986],[-2.864,10.864],[-2.932,10.634],[-2.758,10.266],[-2.795,9.72],[-2.66,9.273],[-2.775,9.055],[-2.619,8.924],[-2.506,8.209],[-2.84,7.82],[-2.982,7.196],[-3.243,6.775],[-3.03,5.704],[-2.782,5.579],[-2.733,5.356],[-2.781,5.151],[-3.12,5.091],[-1.981,4.752],[0.157,5.725],[0.914,5.777],[1.185,6.101],[0.767,6.419],[0.519,6.832],[0.646,7.324],[0.501,7.455],[0.612,7.699],[0.574,8.204],[0.705,8.283],[0.366,8.774],[0.506,8.866],[0.431,9.028],[0.538,9.378],[0.43,9.489],[0.231,9.419],[0.23,9.576],[0.355,9.571],[0.367,10.305],[-0.088,10.634],[0.016,11.063],[-0.166,11.135]]]}},{"type":"Feature","properties":{"name":"Guinea-Bissau","iso_a2":"GW","iso_a3":"GNB","continent":"Africa"},"geometry":{"type":"MultiPolygon","coordinates":[[[[-13.728,12.673],[-15.195,12.679],[-15.677,12.439],[-16.728,12.333],[-16.365,12.192],[-16.215,11.914],[-15.865,11.972],[-15.97,11.768],[-15.215,11.91],[-15.439,11.885],[-15.551,11.733],[-15.469,11.606],[-15.194,11.643],[-15.507,11.358],[-15.207,11.125],[-15.23,10.995],[-15.099,11.058],[-15.085,10.928],[-14.687,11.511],[-13.73,11.71],[-13.724,12.003],[-13.965,12.148],[-13.712,12.268],[-13.728,12.673]]],[[[-16.049,11.118],[-16.1,11.208],[-16.248,11.105],[-16.076,11.036],[-16.049,11.118]]],[[[-15.658,11.303],[-15.723,11.299],[-15.775,11.234],[-15.734,11.179],[-15.658,11.303]]],[[[-16.173,11.221],[-16.159,11.297],[-16.229,11.304],[-16.278,11.23],[-16.173,11.221]]],[[[-16.276,11.496],[-16.244,11.552],[-16.389,11.548],[-16.391,11.502],[-16.276,11.496]]],[[[-16.022,11.512],[-16.035,11.42],[-15.898,11.454],[-15.952,11.607],[-16.022,11.512]]],[[[-15.473,11.632],[-15.529,11.625],[-15.63,11.529],[-15.552,11.52],[-15.491,11.563],[-15.473,11.632]]],[[[-16.166,11.871],[-16.084,11.755],[-15.995,11.899],[-16.166,11.871]]]]}},{"type":"Feature","properties":{"name":"Gibraltar","iso_a2":"GI","iso_a3":"GIB","continent":"Europe"},"geometry":{"type":"Polygon","coordinates":[[[-5.358,36.141],[-5.35,36.119],[-5.339,36.124],[-5.339,36.141],[-5.358,36.141]]]}},{"type":"Feature","properties":{"name":"United States of America","iso_a2":"US","iso_a3":"USA","continent":"North America"},"geometry":{"type":"MultiPolygon","coordinates":[[[[-122.753,48.993],[-122.44,48.581],[-122.534,48.375],[-122.207,48.014],[-122.406,47.778],[-122.324,47.373],[-122.722,47.089],[-122.965,47.181],[-122.586,47.336],[-122.508,47.52],[-122.628,47.693],[-122.468,47.757],[-122.588,47.904],[-122.949,47.597],[-122.668,47.871],[-122.795,48.141],[-124.05,48.177],[-124.575,48.37],[-124.735,48.17],[-124.423,47.742],[-124.172,47.042],[-123.882,46.942],[-124.101,46.809],[-123.913,46.728],[-123.898,46.442],[-124.064,46.356],[-123.519,46.235],[-123.99,46.201],[-123.918,45.418],[-124.151,43.882],[-124.548,42.845],[-124.062,41.436],[-124.214,40.701],[-124.409,40.444],[-124.363,40.262],[-123.854,39.834],[-123.725,38.96],[-122.974,38.266],[-123.016,38.001],[-122.528,37.816],[-122.396,38.153],[-121.971,38.075],[-122.395,37.97],[-122.163,37.664],[-122.183,37.508],[-122.358,37.593],[-122.419,37.811],[-122.515,37.781],[-122.404,37.195],[-122.154,36.977],[-121.86,36.928],[-121.896,36.314],[-120.908,35.448],[-120.898,35.25],[-120.645,35.139],[-120.648,34.586],[-120.473,34.45],[-119.617,34.421],[-118.937,34.043],[-118.544,34.039],[-118.412,33.742],[-118.09,33.731],[-117.509,33.335],[-117.125,32.532],[-114.724,32.713],[-114.822,32.5],[-111.006,31.327],[-108.215,31.327],[-108.215,31.778],[-106.358,31.718],[-106.164,31.448],[-104.887,30.552],[-104.444,29.589],[-103.301,29.002],[-103.148,28.985],[-102.897,29.22],[-102.683,29.744],[-102.302,29.889],[-101.409,29.766],[-100.669,29.116],[-100.284,28.297],[-99.507,27.574],[-99.462,27.057],[-99.085,26.408],[-98.223,26.075],[-97.68,26.035],[-97.425,25.855],[-97.139,25.966],[-97.31,26.123],[-97.555,26.825],[-97.44,27.272],[-97.63,27.3],[-97.422,27.328],[-97.263,27.679],[-97.521,27.873],[-97.184,27.837],[-97.025,28.041],[-97.217,28.075],[-96.88,28.151],[-96.782,28.242],[-96.844,28.416],[-96.654,28.32],[-96.404,28.435],[-96.559,28.654],[-96.26,28.689],[-96.205,28.587],[-95.379,28.881],[-94.889,29.376],[-95.015,29.72],[-94.876,29.666],[-94.745,29.782],[-94.654,29.452],[-93.876,29.675],[-93.854,29.987],[-93.76,29.961],[-93.888,29.807],[-93.831,29.7],[-93.2,29.773],[-92.276,29.534],[-92.107,29.62],[-92.134,29.757],[-91.847,29.831],[-91.534,29.534],[-91.278,29.524],[-91.22,29.404],[-91.328,29.295],[-91.229,29.239],[-90.706,29.12],[-90.562,29.301],[-90.394,29.298],[-90.251,29.247],[-90.229,29.087],[-90.08,29.175],[-90.08,29.537],[-89.188,29.031],[-89.023,29.147],[-89.202,29.353],[-89.516,29.393],[-89.723,29.602],[-89.332,29.88],[-89.427,30.059],[-89.686,29.883],[-89.88,30.155],[-90.168,30.025],[-90.405,30.22],[-90.222,30.388],[-89.708,30.175],[-88.928,30.442],[-88.12,30.338],[-88.053,30.654],[-87.942,30.66],[-87.786,30.237],[-87.329,30.32],[-87.154,30.581],[-86.94,30.457],[-87.044,30.39],[-86.151,30.457],[-86.365,30.381],[-85.744,30.14],[-85.709,30.247],[-85.308,29.693],[-84.349,29.902],[-84.445,29.968],[-84.27,30.093],[-84.024,30.107],[-83.681,29.921],[-83.405,29.532],[-83.024,29.175],[-82.773,29.12],[-82.644,28.9],[-82.842,27.829],[-82.638,27.701],[-82.68,28.013],[-82.422,27.917],[-82.645,27.443],[-82.314,26.849],[-82.198,26.803],[-82.144,26.94],[-82.057,26.866],[-82.039,26.528],[-81.856,26.449],[-81.684,25.925],[-81.396,25.852],[-81.149,25.395],[-80.924,25.264],[-81.148,25.331],[-81.086,25.121],[-80.427,25.222],[-80.129,25.888],[-80.038,26.811],[-80.848,28.791],[-80.766,28.612],[-80.609,28.61],[-80.62,28.207],[-80.568,28.558],[-81.256,29.79],[-81.519,30.842],[-81.456,31.19],[-81.27,31.275],[-81.364,31.416],[-81.075,31.888],[-80.678,32.215],[-80.799,32.32],[-80.441,32.366],[-80.525,32.54],[-80.005,32.612],[-79.585,33.014],[-79.387,33.017],[-78.763,33.779],[-78.032,33.892],[-77.536,34.469],[-76.336,34.9],[-76.94,34.98],[-76.493,35.23],[-76.904,35.444],[-76.6,35.395],[-76.575,35.498],[-76.15,35.347],[-75.754,35.612],[-75.722,35.829],[-75.853,35.98],[-75.995,35.73],[-76.048,35.984],[-76.73,35.945],[-76.687,36.056],[-75.86,36.162],[-76.012,36.461],[-75.901,36.496],[-75.928,36.706],[-75.989,36.912],[-76.476,36.908],[-76.878,37.269],[-76.617,37.199],[-76.429,36.976],[-76.296,37.014],[-76.298,37.145],[-76.468,37.214],[-76.409,37.408],[-76.244,37.45],[-76.443,37.619],[-76.248,37.904],[-76.615,38.15],[-76.954,38.21],[-77.015,38.372],[-77.292,38.341],[-77.23,38.657],[-77.255,38.394],[-77.022,38.461],[-76.922,38.292],[-76.351,38.057],[-76.552,38.776],[-76.398,39.014],[-76.424,39.324],[-76.065,39.471],[-76.273,39.152],[-76.13,39.118],[-76.247,38.951],[-76.154,38.895],[-76.34,38.728],[-76.145,38.665],[-76.319,38.474],[-75.856,38.22],[-75.886,37.988],[-75.708,37.833],[-75.922,37.611],[-75.966,37.135],[-75.104,38.316],[-75.058,38.553],[-75.084,38.796],[-75.31,38.928],[-75.588,39.463],[-74.887,39.147],[-74.968,38.936],[-74.746,39.055],[-74.168,39.699],[-73.972,40.328],[-74.283,40.497],[-74.032,40.714],[-73.918,41.164],[-73.927,40.805],[-72.779,41.27],[-71.498,41.366],[-71.356,41.746],[-71.186,41.469],[-70.658,41.722],[-70.659,41.521],[-69.939,41.674],[-69.943,41.858],[-70.439,41.756],[-70.784,42.26],[-71.038,42.308],[-70.861,42.547],[-70.647,42.605],[-70.82,42.719],[-70.815,42.87],[-70.356,43.527],[-70.205,43.561],[-70.239,43.7],[-69.986,43.863],[-69.787,43.738],[-69.37,44.022],[-69.191,43.952],[-68.987,44.421],[-68.828,44.479],[-68.633,44.296],[-68.27,44.486],[-68.019,44.377],[-67.807,44.575],[-67.224,44.644],[-66.977,44.816],[-67.176,45.179],[-67.475,45.282],[-67.45,45.611],[-67.8,45.7],[-67.805,47.036],[-68.197,47.341],[-68.906,47.19],[-69.222,47.46],[-70.008,46.704],[-70.407,45.732],[-70.687,45.573],[-70.835,45.31],[-71.395,45.242],[-71.504,45.014],[-74.868,45.01],[-76.317,44.185],[-76.841,43.626],[-78.688,43.632],[-79.174,43.465],[-78.915,42.948],[-79.019,42.803],[-80.247,42.366],[-81.277,42.209],[-82.425,41.677],[-82.711,41.68],[-83.068,41.848],[-83.128,42.24],[-82.511,42.647],[-82.148,43.611],[-82.589,45.372],[-83.637,45.774],[-83.466,45.993],[-83.614,46.116],[-83.947,46.061],[-84.087,46.201],[-84.11,46.527],[-84.589,46.475],[-84.879,46.898],[-88.347,48.299],[-89.34,47.984],[-90.786,48.101],[-90.923,48.227],[-91.575,48.048],[-92.043,48.335],[-92.385,48.232],[-92.527,48.446],[-92.704,48.445],[-92.649,48.536],[-92.98,48.618],[-93.757,48.517],[-93.875,48.636],[-94.593,48.726],[-94.827,49.293],[-95.161,49.37],[-95.177,48.993],[-122.753,48.993]]],[[[-141.006,69.651],[-141.413,69.65],[-143.236,70.118],[-144.942,69.978],[-145.88,70.175],[-147.806,70.237],[-149.344,70.51],[-150.793,70.503],[-151.244,70.379],[-151.98,70.449],[-151.76,70.567],[-152.456,70.556],[-152.514,70.689],[-152.219,70.818],[-153.302,70.929],[-154.539,70.826],[-154.713,70.906],[-154.597,71.001],[-155.109,71.15],[-155.542,70.866],[-155.92,70.825],[-156.072,70.974],[-155.594,71.07],[-155.625,71.184],[-156.604,71.354],[-158.043,70.837],[-159.668,70.805],[-159.948,70.636],[-159.799,70.499],[-159.887,70.399],[-160.056,70.375],[-159.947,70.597],[-161.342,70.259],[-162.015,70.277],[-162.95,69.791],[-163.156,69.359],[-163.622,69.119],[-164.346,68.929],[-166.237,68.875],[-166.24,68.564],[-166.548,68.359],[-164.151,67.62],[-163.688,67.103],[-161.835,67.055],[-161.589,66.993],[-161.881,66.815],[-161.868,66.706],[-161.563,66.566],[-160.881,66.672],[-160.325,66.605],[-160.249,66.402],[-160.785,66.375],[-161.263,66.529],[-161.607,66.454],[-162.081,66.666],[-162.015,66.772],[-162.327,66.96],[-162.639,66.9],[-161.932,66.556],[-161.948,66.367],[-161.511,66.408],[-160.997,66.241],[-161.571,66.258],[-161.916,66.042],[-163.68,66.079],[-163.89,66.168],[-163.807,66.57],[-164.274,66.602],[-165.89,66.241],[-165.5,66.152],[-166.287,66.18],[-168.081,65.592],[-167.399,65.401],[-166.31,65.312],[-166.749,65.062],[-166.39,64.899],[-166.483,64.73],[-166.37,64.638],[-165.035,64.448],[-163.817,64.59],[-163.135,64.412],[-163.053,64.51],[-163.39,64.597],[-163.242,64.648],[-162.827,64.501],[-162.781,64.344],[-162.081,64.721],[-161.422,64.774],[-161.183,64.939],[-160.885,64.81],[-160.803,64.643],[-161.486,64.457],[-160.973,64.251],[-160.767,63.824],[-160.95,63.637],[-161.573,63.455],[-162.237,63.546],[-163.094,63.057],[-164.366,63.229],[-164.579,63.141],[-164.442,63.032],[-164.723,63.013],[-164.883,62.842],[-164.868,62.538],[-165.133,62.516],[-165.706,62.117],[-165.739,61.965],[-165.609,61.851],[-166.103,61.821],[-165.911,61.704],[-166.2,61.595],[-165.777,61.516],[-165.921,61.399],[-165.624,61.281],[-165.513,61.087],[-165.059,61.063],[-165.198,60.978],[-165.129,60.924],[-164.007,60.862],[-163.704,61],[-163.861,60.855],[-163.424,60.765],[-163.464,60.677],[-163.794,60.584],[-163.807,60.735],[-164.218,60.69],[-164.669,60.826],[-164.668,60.922],[-165.37,60.512],[-165.01,60.555],[-165.122,60.451],[-164.989,60.341],[-164.201,60.034],[-164.098,59.834],[-163.088,59.859],[-162.526,59.998],[-162.459,60.295],[-162.342,60.219],[-161.714,59.501],[-162.029,59.23],[-161.614,59.081],[-161.799,58.984],[-161.717,58.755],[-161.913,58.632],[-161.562,58.602],[-160.352,59.071],[-159.911,58.776],[-159.587,58.908],[-159.051,58.425],[-158.83,58.405],[-158.709,58.492],[-158.889,58.706],[-158.578,58.959],[-158.489,58.923],[-158.566,58.82],[-158.154,58.614],[-156.961,58.963],[-157.062,58.726],[-157.503,58.464],[-157.71,57.569],[-158.608,57.101],[-158.681,56.787],[-158.945,56.843],[-160.189,56.387],[-160.568,56.008],[-160.319,55.825],[-160.689,55.862],[-160.82,55.739],[-161.124,55.961],[-161.826,55.88],[-162.55,55.459],[-162.491,55.38],[-163.334,55.12],[-163.321,54.814],[-163.063,54.929],[-163.183,55.139],[-162.878,54.939],[-162.645,54.998],[-162.668,55.291],[-162.423,55.036],[-161.957,55.126],[-162.018,55.24],[-161.716,55.393],[-161.621,55.613],[-161.439,55.639],[-161.518,55.383],[-161.279,55.355],[-160.924,55.519],[-160.683,55.465],[-160.613,55.606],[-160.477,55.495],[-159.83,55.853],[-159.564,55.704],[-159.356,55.88],[-158.484,56.032],[-158.208,56.284],[-158.633,56.298],[-158.355,56.471],[-157.877,56.478],[-157.913,56.654],[-157.483,56.62],[-157.573,56.717],[-157.42,56.867],[-157.189,56.776],[-156.767,57.012],[-156.574,56.983],[-156.346,57.178],[-156.339,57.415],[-155.612,57.666],[-155.605,57.792],[-155.31,57.74],[-155.023,58.026],[-154.28,58.133],[-154.166,58.217],[-154.3,58.32],[-154,58.386],[-154.082,58.495],[-153.439,58.734],[-153.332,58.934],[-154.198,59.077],[-154.076,59.381],[-153.725,59.466],[-153.792,59.543],[-153.573,59.642],[-153.055,59.71],[-153,59.8],[-153.151,59.82],[-153.021,59.889],[-152.738,59.908],[-152.59,60.092],[-152.698,60.17],[-151.747,60.917],[-150.634,61.299],[-149.984,61.246],[-149.757,61.453],[-149.428,61.513],[-149.32,61.479],[-150.067,61.156],[-149.126,60.884],[-150.452,61.034],[-151.417,60.718],[-151.306,60.387],[-151.883,59.787],[-151.473,59.636],[-150.993,59.779],[-151.273,59.56],[-151.894,59.413],[-151.977,59.279],[-151.741,59.167],[-150.892,59.258],[-150.553,59.536],[-150.326,59.476],[-149.341,60.022],[-148.402,59.991],[-148.165,60.149],[-148.276,60.28],[-147.942,60.443],[-148.084,60.605],[-148.277,60.495],[-148.265,60.761],[-148.396,60.657],[-148.586,60.831],[-148.172,61.023],[-147.682,60.865],[-146.586,61.137],[-146.284,61.081],[-146.753,60.955],[-146.263,60.811],[-146.563,60.751],[-146.482,60.687],[-145.692,60.657],[-145.939,60.456],[-145.389,60.363],[-144.832,60.526],[-144.942,60.307],[-143.919,59.997],[-142.798,60.112],[-141.733,59.963],[-141.386,60.035],[-141.262,60.012],[-141.413,59.9],[-141.274,59.849],[-140.323,59.701],[-139.507,60.047],[-139.219,59.871],[-139.473,59.994],[-139.621,59.89],[-139.473,59.718],[-139.857,59.546],[-138.185,59.026],[-137.518,58.565],[-136.598,58.223],[-136.027,58.388],[-136.485,58.8],[-136.911,58.954],[-136.511,58.943],[-136.269,58.764],[-136.06,58.826],[-135.841,58.528],[-135.887,58.379],[-135.416,58.395],[-135.146,58.217],[-135.053,58.309],[-135.386,58.954],[-135.361,59.114],[-135.23,59.126],[-135.144,58.834],[-134.946,58.8],[-134.976,58.659],[-134.767,58.4],[-134.242,58.214],[-134.004,58.409],[-134.06,58.072],[-133.686,57.791],[-133.554,57.929],[-133.529,57.751],[-133.183,57.624],[-133.648,57.703],[-133.391,57.335],[-133.552,57.182],[-132.768,56.97],[-132.86,56.919],[-132.479,56.743],[-132.477,56.605],[-132.305,56.64],[-132.35,56.537],[-131.814,56.196],[-132.261,55.74],[-132.172,55.589],[-131.961,55.501],[-131.764,55.797],[-131.893,55.855],[-131.192,56.015],[-130.89,55.715],[-130.873,55.342],[-131.065,55.144],[-130.95,55.074],[-130.934,54.824],[-130.365,54.907],[-129.989,55.284],[-130.174,55.75],[-130.02,55.908],[-130.071,56.084],[-131.799,56.588],[-131.872,56.794],[-132.107,56.859],[-132.032,57.028],[-132.341,57.08],[-132.231,57.197],[-133.463,58.462],[-134.222,58.843],[-134.705,59.24],[-134.932,59.271],[-135.096,59.419],[-135.016,59.543],[-135.26,59.698],[-135.483,59.793],[-136.258,59.622],[-136.613,59.154],[-137.423,58.908],[-137.611,59.239],[-139.182,60.073],[-139.102,60.347],[-140.016,60.187],[-141.001,60.321],[-141.006,69.651]]],[[[-132.648,54.818],[-132.629,54.904],[-132.794,54.902],[-132.648,54.818]]],[[[-131.244,54.935],[-131.33,54.961],[-131.442,54.92],[-131.331,54.861],[-131.244,54.935]]],[[[-132.826,55.054],[-132.668,55.051],[-132.867,55.161],[-132.826,55.054]]],[[[-132.703,54.701],[-133.121,55.251],[-133.217,55.099],[-132.843,54.694],[-132.703,54.701]]],[[[-131.48,55.006],[-131.345,55.058],[-131.531,55.274],[-131.624,55.017],[-131.48,55.006]]],[[[-133.291,55.263],[-133.432,55.314],[-133.446,55.229],[-133.291,55.263]]],[[[-131.818,55.414],[-131.743,55.143],[-131.636,55.299],[-131.818,55.414]]],[[[-133.45,55.407],[-133.656,55.373],[-133.636,55.253],[-133.45,55.407]]],[[[-133.347,55.448],[-133.324,55.557],[-133.433,55.528],[-133.347,55.448]]],[[[-133.306,55.797],[-133.682,55.791],[-133.487,55.707],[-133.306,55.797]]],[[[-155.652,55.887],[-155.719,55.775],[-155.557,55.801],[-155.556,55.915],[-155.652,55.887]]],[[[-130.962,55.585],[-131.28,55.965],[-131.671,55.84],[-131.65,55.55],[-131.81,55.477],[-131.192,55.186],[-130.962,55.585]]],[[[-133.607,56.079],[-133.795,55.944],[-133.299,56.012],[-133.393,56.161],[-133.607,56.079]]],[[[-132.548,56.304],[-132.681,56.229],[-132.645,56.058],[-132.123,55.946],[-132.092,56.106],[-132.385,56.332],[-132.548,56.304]]],[[[-131.977,54.832],[-131.994,55.268],[-132.401,55.517],[-132.288,55.537],[-132.532,55.849],[-133.063,56.052],[-133.182,56.332],[-133.587,56.353],[-133.612,56.212],[-133.285,56.167],[-133.148,55.818],[-133.385,55.709],[-133.357,55.616],[-133.063,55.624],[-133.125,55.502],[-133.018,55.35],[-133.179,55.386],[-133.213,55.279],[-132.511,55.113],[-132.579,54.954],[-132.265,54.845],[-132.298,54.745],[-132.004,54.694],[-131.977,54.832]]],[[[-132.613,56.401],[-133.049,56.363],[-132.869,56.244],[-132.647,56.282],[-132.613,56.401]]],[[[-132.004,56.339],[-132.339,56.483],[-132.353,56.278],[-132.072,56.12],[-131.928,56.195],[-132.004,56.339]]],[[[-154.425,56.593],[-154.536,56.598],[-154.7,56.53],[-154.791,56.431],[-154.738,56.398],[-154.611,56.483],[-154.487,56.517],[-154.425,56.593]]],[[[-154.083,56.552],[-154.083,56.606],[-154.226,56.608],[-154.338,56.564],[-154.21,56.504],[-154.083,56.552]]],[[[-132.96,56.788],[-132.937,56.518],[-132.533,56.6],[-132.96,56.788]]],[[[-133.885,56.49],[-133.706,56.604],[-133.801,56.777],[-134.176,56.922],[-134.409,56.843],[-134.067,56.478],[-134.282,56.363],[-134.211,56.063],[-133.949,56.092],[-133.885,56.49]]],[[[-133.913,57.083],[-134.018,57.018],[-133.697,56.832],[-133.659,56.464],[-133.148,56.462],[-132.934,56.642],[-132.936,56.867],[-133.109,56.999],[-133.913,57.083]]],[[[-152.908,57.165],[-153.26,57.206],[-153.412,57.079],[-152.908,57.165]]],[[[-135.602,57.172],[-135.615,57.285],[-135.824,57.332],[-135.841,56.99],[-135.628,57.01],[-135.602,57.172]]],[[[-134.621,56.744],[-134.995,57.398],[-135.381,57.554],[-135.673,57.35],[-135.334,57.25],[-135.367,56.829],[-135.155,56.746],[-134.75,56.217],[-134.626,56.262],[-134.621,56.744]]],[[[-153.302,57.833],[-153.28,57.903],[-153.482,57.978],[-153.542,57.936],[-153.302,57.833]]],[[[-152.161,57.627],[-152.468,57.657],[-152.329,57.826],[-152.486,57.911],[-152.726,57.833],[-153.202,57.946],[-153.192,57.805],[-153.558,57.738],[-153.724,57.902],[-153.925,57.811],[-153.754,57.562],[-153.811,57.412],[-154.239,57.673],[-154.81,57.347],[-154.601,57.259],[-154.529,56.992],[-154.238,56.9],[-154.121,57.124],[-154.495,57.114],[-153.96,57.12],[-154.1,56.965],[-153.877,56.977],[-154.13,56.787],[-153.962,56.748],[-153.56,56.987],[-153.527,57.127],[-152.959,57.257],[-153.057,57.326],[-152.692,57.283],[-152.591,57.451],[-152.33,57.446],[-152.161,57.627]]],[[[-136.39,57.964],[-136.475,58.098],[-136.561,58.018],[-136.39,57.964]]],[[[-153.418,58.066],[-153.027,57.989],[-153.295,58.146],[-153.418,58.066]]],[[[-135.848,57.394],[-135.546,57.466],[-135.628,57.706],[-135.057,57.467],[-134.814,57.498],[-134.914,57.756],[-135.372,57.805],[-134.942,57.807],[-134.925,58.028],[-135.813,58.274],[-136.405,58.134],[-136.297,58.011],[-136.395,57.886],[-135.848,57.394]]],[[[-134.597,58.237],[-134.258,58.196],[-134.68,58.309],[-134.597,58.237]]],[[[-134.354,57.093],[-134.142,57.35],[-133.865,57.355],[-133.938,57.619],[-134.312,57.979],[-134.142,57.957],[-133.86,57.658],[-133.888,57.798],[-134.186,58.168],[-134.693,58.168],[-134.969,58.363],[-134.464,57.394],[-134.623,57.111],[-134.354,57.093]]],[[[-151.966,58.333],[-152.477,58.362],[-152.651,58.484],[-152.793,58.287],[-153.042,58.306],[-153.23,58.169],[-152.805,57.992],[-152.304,58.258],[-152.13,58.166],[-151.966,58.333]]],[[[-152.644,58.519],[-152.483,58.481],[-152.37,58.638],[-152.644,58.519]]],[[[-160.948,58.738],[-161.074,58.547],[-160.686,58.811],[-160.948,58.738]]],[[[-148.159,60.043],[-148.077,60.16],[-148.271,60.103],[-148.159,60.043]]],[[[-147.107,60.286],[-147.886,59.858],[-147.468,59.877],[-147.01,60.234],[-147.107,60.286]]],[[[-146.189,60.402],[-146.588,60.484],[-146.723,60.386],[-146.493,60.304],[-146.189,60.402]]],[[[-147.771,60.41],[-147.868,60.273],[-147.631,60.375],[-147.771,60.41]]],[[[-145.757,60.629],[-145.949,60.567],[-146.286,60.517],[-146.294,60.455],[-146.097,60.48],[-145.764,60.587],[-145.757,60.629]]],[[[-148.087,60.8],[-147.919,60.838],[-148.032,60.93],[-148.087,60.8]]],[[[-162.341,63.603],[-162.436,63.64],[-162.676,63.612],[-162.615,63.549],[-162.388,63.562],[-162.341,63.603]]],[[[-97.075,27.815],[-97.231,27.651],[-97.37,27.348],[-97.32,27.358],[-97.178,27.653],[-97.075,27.815]]],[[[-96.88,28.13],[-96.973,28.01],[-96.938,27.983],[-96.85,28.071],[-96.88,28.13]]],[[[-96.428,28.393],[-96.71,28.213],[-96.808,28.188],[-96.781,28.127],[-96.522,28.29],[-96.417,28.329],[-96.428,28.393]]],[[[-80.677,28.579],[-80.74,28.518],[-80.72,28.388],[-80.658,28.438],[-80.612,28.569],[-80.677,28.579]]],[[[-94.814,29.353],[-94.943,29.223],[-94.724,29.333],[-94.814,29.353]]],[[[-91.802,29.49],[-91.72,29.582],[-92.012,29.614],[-91.802,29.49]]],[[[-118.359,32.828],[-118.484,32.922],[-118.499,32.851],[-118.425,32.802],[-118.359,32.828]]],[[[-118.516,33.423],[-118.464,33.324],[-118.309,33.336],[-118.369,33.408],[-118.516,33.423]]],[[[-120.044,34.037],[-120.218,34.011],[-120.11,33.893],[-120,33.942],[-120.044,34.037]]],[[[-119.529,34.025],[-119.856,34.071],[-119.851,33.967],[-119.529,34.025]]],[[[-74.126,40.634],[-74.192,40.628],[-74.192,40.512],[-74.054,40.603],[-74.126,40.634]]],[[[-71.919,41.065],[-72.457,40.91],[-73.486,40.946],[-74.036,40.639],[-73.707,40.583],[-72.605,40.801],[-71.919,41.065]]],[[[-70.054,41.393],[-70.138,41.247],[-69.958,41.276],[-70.054,41.393]]],[[[-70.576,41.428],[-70.782,41.354],[-70.507,41.363],[-70.576,41.428]]],[[[-122.435,47.426],[-122.51,47.456],[-122.51,47.332],[-122.374,47.383],[-122.435,47.426]]],[[[-122.359,47.977],[-122.547,48.017],[-122.668,48.363],[-122.744,48.206],[-122.53,47.967],[-122.359,47.977]]],[[[-123.02,48.499],[-122.978,48.531],[-123.129,48.62],[-123.178,48.599],[-123.116,48.484],[-123.02,48.499]]],[[[-122.746,48.664],[-122.929,48.708],[-123.026,48.637],[-122.862,48.602],[-122.746,48.664]]],[[[-176.265,51.81],[-176.423,51.851],[-176.397,51.742],[-176.265,51.81]]],[[[-176.011,51.83],[-176.19,51.887],[-176.219,51.824],[-176.011,51.83]]],[[[-177.8,51.796],[-177.952,51.925],[-178.214,51.876],[-177.958,51.637],[-177.8,51.796]]],[[[-177.122,51.933],[-177.385,51.726],[-177.128,51.748],[-177.122,51.933]]],[[[-176.437,51.788],[-176.782,51.937],[-176.967,51.669],[-176.437,51.788]]],[[[-176.139,51.994],[-175.998,52.06],[-176.193,52.06],[-176.139,51.994]]],[[[-173.123,52.108],[-173.508,52.112],[-173.531,52.145],[-173.839,52.12],[-173.836,52.043],[-173.571,52.049],[-173.501,52.023],[-173.376,52.039],[-173.123,52.108]]],[[[-172.407,52.385],[-172.633,52.261],[-172.311,52.317],[-172.407,52.385]]],[[[-174.052,52.241],[-173.992,52.313],[-174.19,52.418],[-174.347,52.364],[-174.228,52.268],[-174.331,52.202],[-174.975,52.058],[-174.23,52.096],[-174.052,52.241]]],[[[-170.605,52.687],[-170.67,52.701],[-170.821,52.616],[-170.598,52.611],[-170.605,52.687]]],[[[-169.687,52.872],[-169.85,52.883],[-169.865,52.821],[-169.738,52.778],[-169.687,52.872]]],[[[-167.857,53.393],[-167.795,53.502],[-168.2,53.54],[-168.407,53.41],[-168.361,53.271],[-168.606,53.275],[-168.862,53.007],[-168.49,53.042],[-167.857,53.393]]],[[[-166.137,53.838],[-166.299,53.782],[-166.226,53.728],[-166.117,53.793],[-166.137,53.838]]],[[[-166.294,53.728],[-166.44,53.755],[-166.225,53.906],[-166.277,53.975],[-166.636,53.877],[-166.606,53.986],[-167.022,53.961],[-167.163,53.857],[-166.768,53.715],[-167.155,53.623],[-167.159,53.477],[-167.85,53.31],[-167.665,53.242],[-166.764,53.449],[-166.294,53.728]]],[[[-165.739,54.125],[-165.88,54.213],[-166.123,54.118],[-166.041,54.036],[-165.739,54.125]]],[[[-165.486,54.174],[-165.684,54.235],[-165.589,54.111],[-165.486,54.174]]],[[[-159.901,55.14],[-160.153,55.122],[-160.148,55.071],[-160.017,55.045],[-159.901,55.14]]],[[[-154.9,19.567],[-155.168,19.947],[-155.738,20.244],[-155.899,20.217],[-155.824,20.02],[-156.06,19.731],[-155.878,19.029],[-155.618,18.956],[-155.503,19.138],[-154.875,19.413],[-154.9,19.567]]],[[[-156.562,20.598],[-156.609,20.591],[-156.679,20.505],[-156.545,20.513],[-156.562,20.598]]],[[[-156.848,20.877],[-156.99,20.928],[-156.982,20.759],[-156.831,20.764],[-156.848,20.877]]],[[[-156.002,20.8],[-156.598,21.033],[-156.696,20.916],[-156.464,20.781],[-156.408,20.587],[-156.003,20.686],[-156.002,20.8]]],[[[-156.749,21.171],[-157.26,21.222],[-157.304,21.128],[-156.87,21.053],[-156.749,21.171]]],[[[-157.707,21.352],[-157.962,21.705],[-158.236,21.585],[-158.094,21.294],[-157.795,21.255],[-157.707,21.352]]],[[[-160.114,22],[-160.234,21.875],[-160.085,21.894],[-160.114,22]]],[[[-159.301,22.151],[-159.59,22.221],[-159.785,22.057],[-159.437,21.869],[-159.301,22.151]]],[[[179.4,51.408],[179.28,51.399],[179.195,51.471],[179.123,51.48],[178.993,51.577],[178.887,51.621],[178.721,51.643],[178.735,51.585],[178.941,51.55],[179.077,51.454],[179.246,51.391],[179.4,51.408]]],[[[179.781,51.967],[179.486,51.974],[179.642,51.874],[179.781,51.967]]],[[[177.643,52.125],[177.224,51.892],[177.335,51.84],[177.643,52.125]]],[[[173.791,52.502],[173.402,52.397],[173.743,52.361],[173.791,52.502]]],[[[173.377,52.831],[173.127,52.995],[172.66,53.009],[172.64,52.869],[172.944,52.75],[173.377,52.831]]],[[[-162.587,54.441],[-162.827,54.502],[-162.729,54.396],[-162.587,54.441]]],[[[-162.375,54.954],[-162.424,54.898],[-162.279,54.852],[-162.229,54.921],[-162.375,54.954]]],[[[-163.074,54.688],[-163.373,54.793],[-163.572,55.057],[-163.756,55.06],[-164.547,54.883],[-164.958,54.585],[-164.653,54.392],[-164.133,54.623],[-163.622,54.612],[-163.369,54.765],[-163.074,54.688]]],[[[-161.731,55.161],[-161.906,55.135],[-161.751,55.058],[-161.653,55.106],[-161.731,55.161]]],[[[-160.325,55.359],[-160.487,55.353],[-160.498,55.302],[-160.325,55.277],[-160.325,55.359]]],[[[-160.497,55.195],[-160.696,55.407],[-160.854,55.332],[-160.847,55.207],[-160.497,55.195]]],[[[-165.582,59.951],[-165.733,60.176],[-165.684,60.3],[-166.185,60.402],[-167.436,60.195],[-166.613,59.856],[-166.244,59.808],[-165.582,59.951]]],[[[-172.297,60.351],[-172.411,60.402],[-172.534,60.392],[-172.812,60.478],[-173.038,60.506],[-172.572,60.327],[-172.297,60.351]]],[[[-168.741,63.281],[-169.549,63.363],[-170.297,63.696],[-170.937,63.572],[-171.721,63.753],[-171.853,63.521],[-171.439,63.32],[-170.856,63.46],[-169.597,62.984],[-169.287,63.193],[-168.812,63.17],[-168.741,63.281]]],[[[-68.245,44.425],[-68.414,44.259],[-68.176,44.328],[-68.245,44.425]]]]}},{"type":"Feature","properties":{"name":"Canada","iso_a2":"CA","iso_a3":"CAN","continent":"North America"},"geometry":{"type":"MultiPolygon","coordinates":[[[[-122.753,48.993],[-95.177,48.993],[-95.161,49.37],[-94.827,49.293],[-94.593,48.726],[-93.875,48.636],[-93.757,48.517],[-92.98,48.618],[-92.649,48.536],[-92.704,48.445],[-92.527,48.446],[-92.385,48.232],[-92.043,48.335],[-91.575,48.048],[-90.923,48.227],[-90.786,48.101],[-89.34,47.984],[-88.347,48.299],[-84.879,46.898],[-84.589,46.475],[-84.11,46.527],[-84.087,46.201],[-83.947,46.061],[-83.614,46.116],[-83.466,45.993],[-83.637,45.774],[-82.589,45.372],[-82.154,43.55],[-82.511,42.647],[-83.04,42.332],[-83.157,42],[-82.711,41.68],[-82.425,41.677],[-81.277,42.209],[-80.247,42.366],[-79.019,42.803],[-78.915,42.948],[-79.174,43.465],[-78.688,43.632],[-76.797,43.645],[-76.179,44.279],[-75.27,44.864],[-73.961,45.354],[-74.078,45.457],[-73.42,45.765],[-72.994,46.211],[-71.88,46.691],[-71.354,46.739],[-70.715,47.118],[-70.497,47.429],[-69.932,47.773],[-69.736,48.123],[-70.747,48.428],[-69.654,48.163],[-68.635,49.017],[-68.181,49.125],[-68.122,49.271],[-67.376,49.339],[-67.131,49.831],[-66.543,50.216],[-65.258,50.322],[-62.327,50.289],[-61.718,50.1],[-60.064,50.254],[-58.993,50.791],[-58.948,51.042],[-58.454,51.317],[-57.25,51.508],[-56.966,51.425],[-55.934,51.925],[-55.685,52.112],[-55.82,52.308],[-55.648,52.443],[-56.068,52.569],[-55.754,52.625],[-56.059,52.766],[-55.812,52.83],[-55.956,53.022],[-55.747,53.146],[-55.812,53.33],[-56.035,53.434],[-56.036,53.58],[-56.633,53.66],[-56.427,53.722],[-56.48,53.79],[-56.983,53.728],[-57.269,53.489],[-57.457,53.649],[-57.107,53.794],[-57.466,54.2],[-58.375,54.2],[-58.22,54.064],[-58.853,53.942],[-59.077,53.687],[-60.029,53.358],[-60.345,53.382],[-60.042,53.48],[-60.108,53.758],[-58.603,54.056],[-58.41,54.209],[-59.398,54.049],[-57.678,54.377],[-57.531,54.425],[-57.66,54.489],[-57.353,54.591],[-58.681,54.819],[-59.026,55.02],[-59.008,55.154],[-59.252,55.216],[-59.626,54.948],[-59.43,55.142],[-59.862,55.141],[-59.72,55.274],[-59.824,55.322],[-60.462,55.15],[-60.343,55.516],[-60.493,55.66],[-60.386,55.683],[-60.424,55.777],[-60.607,55.733],[-61.345,55.969],[-61.373,56.229],[-62.078,56.298],[-61.627,56.284],[-61.977,56.511],[-61.757,56.486],[-61.869,56.637],[-61.695,56.73],[-61.809,56.789],[-61.345,56.99],[-61.382,57.121],[-61.865,57.171],[-61.817,57.377],[-62.031,57.456],[-62.377,57.429],[-61.894,57.672],[-62.14,57.833],[-62.141,57.978],[-62.581,58.165],[-63.079,58.155],[-62.661,58.176],[-62.579,58.504],[-63.176,58.504],[-62.846,58.669],[-62.927,58.823],[-63.442,59.121],[-63.373,59.217],[-63.532,59.348],[-63.806,59.375],[-63.728,59.509],[-63.962,59.695],[-64.265,59.765],[-64.126,59.908],[-64.22,60.047],[-64.451,60.066],[-64.417,60.26],[-64.849,60.366],[-65.138,59.9],[-65.546,59.731],[-65.407,59.417],[-65.58,59.365],[-65.543,59.265],[-65.743,59.268],[-65.642,59.073],[-66.116,58.726],[-66.444,58.833],[-66.615,58.498],[-67.649,58.252],[-67.675,58.423],[-68.137,58.523],[-68.252,58.237],[-68.205,58.445],[-68.362,58.784],[-68.787,58.923],[-69.378,58.87],[-69.834,58.604],[-70.136,58.756],[-69.565,58.807],[-69.452,58.895],[-69.528,59.186],[-69.243,59.228],[-69.255,59.325],[-69.627,59.307],[-69.758,59.491],[-69.521,59.677],[-69.658,59.703],[-69.59,59.876],[-70.295,60.026],[-69.611,60.101],[-69.829,60.526],[-69.381,60.8],[-69.537,61.08],[-69.916,60.81],[-70.065,60.858],[-70.11,61.06],[-71.395,61.15],[-71.855,61.424],[-71.549,61.575],[-71.652,61.65],[-71.995,61.677],[-72.232,61.881],[-72.605,61.944],[-72.621,62.102],[-73.671,62.482],[-74.79,62.182],[-77.491,62.588],[-78.155,62.297],[-78.085,61.888],[-77.608,61.465],[-77.785,61.455],[-77.812,61.088],[-78.196,60.793],[-77.607,60.759],[-77.829,60.643],[-77.592,60.503],[-77.742,60.426],[-77.47,60.217],[-77.556,60.053],[-77.283,60.027],[-77.372,59.9],[-77.292,59.8],[-77.463,59.677],[-77.799,59.683],[-77.716,59.621],[-77.881,59.485],[-77.771,59.409],[-77.819,59.293],[-78.107,59.21],[-78.305,58.96],[-78.56,58.945],[-78.549,58.609],[-77.471,58.212],[-76.809,57.676],[-76.533,57.087],[-76.515,56.438],[-76.659,56.073],[-77.782,55.274],[-79.676,54.694],[-79.464,54.31],[-79.042,53.947],[-79.056,53.62],[-78.933,53.555],[-79.115,53.509],[-78.943,53.382],[-78.977,53.07],[-78.5,52.356],[-78.591,52.106],[-79.015,51.796],[-78.794,51.475],[-78.882,51.403],[-79.266,51.528],[-79.346,51.662],[-79.701,51.385],[-79.744,51.124],[-80.385,51.341],[-80.69,51.162],[-80.43,51.357],[-80.595,51.711],[-80.979,52.002],[-81.747,52.242],[-81.564,52.456],[-82.301,52.968],[-82.118,53.277],[-82.219,53.604],[-82.126,53.812],[-82.431,54.228],[-82.201,54.834],[-82.458,55.141],[-83.929,55.327],[-85.127,55.303],[-85.904,55.662],[-87.488,56.017],[-87.98,56.443],[-88.921,56.853],[-89.963,57.004],[-90.585,57.23],[-91.031,57.265],[-92.666,57.001],[-92.424,57.354],[-93.189,58.76],[-94.399,58.713],[-94.807,59.018],[-94.718,59.367],[-94.817,59.963],[-94.616,60.392],[-94.68,60.475],[-94.033,61.28],[-93.834,61.328],[-93.985,61.458],[-93.303,61.752],[-93.496,61.94],[-93.337,61.897],[-92.941,62.102],[-93.074,62.178],[-92.593,62.239],[-92.718,62.465],[-91.983,62.532],[-91.897,62.64],[-92.454,62.794],[-92.333,62.845],[-91.442,62.787],[-90.644,63.069],[-90.791,63.363],[-91.778,63.714],[-92.467,63.528],[-92.127,63.711],[-93.401,63.977],[-93.361,63.874],[-93.533,63.85],[-93.766,63.994],[-93.479,64.034],[-90.974,63.579],[-90.168,63.658],[-89.969,63.822],[-90.116,63.964],[-89.813,63.96],[-89.943,64.069],[-89.826,64.11],[-88.735,63.972],[-88.044,64.184],[-86.938,65.142],[-87.373,65.275],[-89.04,65.328],[-89.958,65.794],[-91.497,65.947],[-89.837,65.831],[-89.688,65.947],[-88.585,65.645],[-88.205,65.405],[-87.381,65.33],[-86.559,65.67],[-86.412,65.905],[-85.857,66.163],[-86.791,66.429],[-86.62,66.507],[-85.416,66.567],[-85.268,66.287],[-84.382,66.19],[-84.637,66.344],[-84.449,66.376],[-83.691,66.199],[-84.211,66.595],[-84.145,66.687],[-84.307,66.682],[-84.603,66.94],[-85.128,66.838],[-85.213,66.919],[-84.37,66.974],[-84.269,66.728],[-83.9,66.791],[-84.014,66.632],[-83.369,66.35],[-83.01,66.551],[-82.633,66.563],[-81.955,66.977],[-81.527,66.996],[-81.238,67.461],[-82.088,67.9],[-82.109,68.112],[-82.315,68.147],[-82.37,68.356],[-82.589,68.495],[-82.017,68.434],[-81.266,68.639],[-81.233,68.774],[-81.365,68.862],[-81.702,68.908],[-81.337,69.188],[-82.237,69.235],[-82.282,69.419],[-83.192,69.537],[-82.516,69.494],[-82.575,69.674],[-83.754,69.712],[-84.34,69.86],[-85.333,69.791],[-85.544,69.654],[-85.534,69.463],[-85.22,69.133],[-84.767,69.088],[-84.724,69.01],[-84.953,69.019],[-85.145,68.835],[-84.809,68.814],[-85.668,68.727],[-85.902,68.054],[-86.529,67.687],[-86.502,67.379],[-86.779,67.419],[-87.328,67.173],[-87.484,67.363],[-88.153,67.68],[-88.374,67.976],[-88.283,68.126],[-88.407,68.277],[-87.944,68.201],[-87.792,68.331],[-88.023,68.809],[-88.942,69.234],[-89.332,69.25],[-89.672,69.045],[-89.688,68.818],[-89.945,68.616],[-89.838,68.536],[-90.271,68.242],[-90.603,68.441],[-90.446,68.886],[-91.034,69.22],[-90.437,69.493],[-91.11,69.513],[-91.426,69.668],[-91.803,69.513],[-92.868,69.702],[-91.943,70.024],[-92.474,70.099],[-92.431,70.171],[-91.545,70.145],[-91.723,70.356],[-91.991,70.325],[-92.25,70.625],[-92.82,70.81],[-92.859,71.15],[-93.216,71.469],[-94.054,71.789],[-94.54,71.771],[-94.404,71.946],[-94.549,72.002],[-95.225,71.95],[-95.302,71.721],[-95.944,71.552],[-95.465,71.484],[-95.549,71.422],[-95.472,71.361],[-96.212,71.387],[-96.561,71.127],[-96.487,71.029],[-96.616,70.826],[-96.19,70.625],[-96.561,70.315],[-96.486,70.097],[-95.976,69.786],[-94.875,69.572],[-94.561,69.641],[-94.322,69.453],[-93.558,69.531],[-93.477,69.484],[-93.58,69.377],[-93.434,69.357],[-93.703,69.225],[-94.238,69.337],[-94.324,69.156],[-94.135,69.133],[-94.636,68.756],[-94.11,68.759],[-93.897,69.018],[-93.635,68.962],[-93.577,68.862],[-93.73,68.612],[-93.546,68.564],[-94.861,68.031],[-95.233,68.07],[-95.582,67.9],[-95.696,67.712],[-95.325,67.511],[-95.399,67.478],[-95.256,67.262],[-95.344,67.159],[-95.812,67.193],[-95.536,67.357],[-95.735,67.377],[-96.075,67.226],[-96.225,67.322],[-96.111,67.415],[-96.465,67.55],[-96.171,67.7],[-96.009,68.252],[-96.764,68.017],[-96.489,68.218],[-96.926,68.243],[-97.43,68.506],[-97.856,68.544],[-98.01,68.499],[-97.793,68.41],[-98.544,68.34],[-98.315,68.167],[-98.449,68.071],[-98.171,67.876],[-97.641,68.009],[-97.223,67.903],[-97.12,67.779],[-97.211,67.734],[-97.061,67.68],[-97.59,67.603],[-98.743,68.06],[-98.361,67.811],[-98.915,67.712],[-100.717,67.847],[-101.529,67.68],[-102.763,67.815],[-103.366,68.019],[-103.339,68.112],[-104.484,68.034],[-104.676,68.14],[-104.602,68.235],[-105.536,68.45],[-105.409,68.531],[-105.539,68.65],[-105.47,68.722],[-106.197,68.944],[-108.281,68.622],[-108.815,68.274],[-108.402,68.269],[-108.458,68.187],[-108.338,68.155],[-107.73,68.207],[-107.847,68.333],[-106.604,68.307],[-106.487,68.389],[-106.522,68.527],[-105.879,68.639],[-105.698,68.489],[-106.926,68.127],[-107.879,68.093],[-107.919,68.006],[-107.659,67.947],[-108.019,67.735],[-107.586,67.501],[-107.657,67.373],[-107.527,67.212],[-107.246,67.084],[-107.484,66.919],[-107.759,67.009],[-107.659,66.708],[-107.276,66.361],[-108.136,66.86],[-108.215,67.027],[-107.88,67.053],[-107.992,67.283],[-108.444,67.434],[-108.599,67.625],[-108.866,67.415],[-109.023,67.488],[-108.929,67.532],[-109.075,67.722],[-109.717,67.719],[-109.698,67.81],[-109.995,67.853],[-109.971,67.967],[-112.421,67.682],[-115.118,67.804],[-115.534,67.934],[-115.129,68.008],[-115.249,68.043],[-115.179,68.142],[-114.896,68.151],[-114.837,68.263],[-114.337,68.236],[-113.905,68.4],[-114.988,68.867],[-116.16,68.984],[-116.311,68.948],[-116.085,68.886],[-116.208,68.831],[-117.165,68.894],[-118.666,69.226],[-119.998,69.347],[-121.428,69.767],[-122.951,69.839],[-123.157,69.77],[-123.178,69.496],[-123.545,69.377],[-124.438,69.37],[-124.072,69.666],[-124.507,69.736],[-124.384,70.14],[-124.988,70.046],[-124.897,69.942],[-125.032,69.747],[-125.416,69.603],[-125.161,69.386],[-125.449,69.319],[-126.245,69.525],[-126.702,69.767],[-127.136,70.253],[-127.928,70.567],[-128.077,70.559],[-128.178,70.38],[-127.587,70.238],[-128.37,70.097],[-128.31,69.989],[-128.994,69.679],[-129.174,69.832],[-129.605,69.825],[-130.338,69.702],[-130.934,69.311],[-130.97,69.479],[-131.595,69.474],[-131.866,69.404],[-131.758,69.371],[-131.88,69.285],[-132.862,69.073],[-132.761,68.877],[-132.394,68.866],[-132.514,68.805],[-133.451,68.791],[-133.203,69.038],[-132.771,69.256],[-132.114,69.362],[-131.984,69.537],[-130.941,69.566],[-129.406,70.121],[-129.654,70.222],[-129.932,70.076],[-130.943,70.079],[-131.085,69.893],[-131.62,69.876],[-132.139,69.688],[-132.548,69.743],[-132.887,69.661],[-133.196,69.414],[-134.122,69.267],[-133.788,69.491],[-134.41,69.657],[-134.641,69.482],[-135.155,69.48],[-135.284,69.415],[-135.22,69.297],[-135.569,69.345],[-135.968,69.222],[-135.742,69.059],[-135.991,69.016],[-135.868,68.907],[-135.368,68.782],[-135.636,68.763],[-138.095,69.14],[-139.144,69.514],[-141.006,69.651],[-140.98,60.296],[-140.016,60.187],[-139.102,60.347],[-139.182,60.073],[-137.611,59.239],[-137.423,58.908],[-136.613,59.154],[-136.258,59.622],[-135.483,59.793],[-135.26,59.698],[-135.016,59.543],[-135.096,59.419],[-134.932,59.271],[-134.705,59.24],[-134.222,58.843],[-133.463,58.462],[-132.231,57.197],[-132.341,57.08],[-132.032,57.028],[-132.107,56.859],[-131.872,56.794],[-131.799,56.588],[-130.071,56.084],[-130.02,55.908],[-130.131,55.736],[-129.958,55.274],[-130.167,55.085],[-130.064,55.003],[-129.777,55.479],[-129.675,55.378],[-130.372,54.664],[-130.458,54.349],[-130.272,54.358],[-130.105,53.947],[-129.335,53.397],[-129.228,53.633],[-128.748,53.92],[-128.775,53.556],[-128.947,53.486],[-128.875,53.306],[-128.547,53.136],[-128.433,52.824],[-128.138,52.844],[-128.328,52.386],[-128.235,52.326],[-128.092,52.513],[-127.8,52.256],[-127.225,52.456],[-127.159,52.356],[-127.284,52.238],[-127.85,51.92],[-127.874,51.673],[-127.728,51.46],[-127.623,51.478],[-127.583,51.712],[-126.699,51.665],[-127.468,51.628],[-127.68,51.336],[-127.515,51.317],[-127.777,51.167],[-127.022,50.822],[-126.859,50.943],[-126.179,50.853],[-126.187,50.672],[-125.743,50.717],[-125.577,51.072],[-125.512,50.961],[-125.699,50.689],[-126.221,50.643],[-126.242,50.501],[-125.391,50.497],[-125.062,50.328],[-124.705,50.322],[-124.605,50.233],[-124.732,49.954],[-124.513,49.798],[-124.048,49.841],[-123.934,49.783],[-124.061,49.631],[-123.964,49.521],[-123.555,49.39],[-123.249,49.598],[-123.212,49.13],[-123.09,48.993],[-122.951,49.083],[-122.753,48.993]]],[[[-67.176,45.179],[-66.746,45.065],[-66.429,45.084],[-66.128,45.279],[-65.909,45.21],[-64.347,45.889],[-64.276,45.842],[-64.936,45.351],[-63.461,45.325],[-64.223,45.108],[-64.349,45.319],[-65.942,44.583],[-65.848,44.557],[-66.21,44.106],[-66.17,43.894],[-66.122,43.744],[-65.909,43.819],[-65.668,43.5],[-64.813,43.853],[-64.34,44.333],[-64.354,44.456],[-64.041,44.523],[-64.057,44.639],[-63.929,44.511],[-63.549,44.473],[-63.588,44.664],[-62.843,44.717],[-60.971,45.314],[-61.451,45.349],[-61.237,45.506],[-61.47,45.683],[-61.894,45.704],[-61.924,45.889],[-62.47,45.615],[-62.739,45.763],[-63.806,45.889],[-64.084,46.022],[-63.813,46.14],[-64.628,46.334],[-64.714,46.687],[-64.906,46.887],[-64.825,47.089],[-65.332,47.101],[-64.96,47.294],[-64.892,47.562],[-64.685,47.723],[-65.026,47.85],[-65.629,47.671],[-65.818,47.907],[-66.386,48.075],[-65.953,48.195],[-65.286,48.013],[-64.779,48.204],[-64.199,48.521],[-64.279,48.561],[-64.162,48.63],[-64.53,48.882],[-64.221,48.894],[-64.613,49.123],[-65.566,49.267],[-66.622,49.123],[-68.806,48.372],[-69.445,47.992],[-70.535,47.011],[-72.19,46.526],[-73.14,46.058],[-73.557,45.414],[-74.713,44.999],[-71.504,45.014],[-71.293,45.292],[-70.835,45.31],[-70.262,45.923],[-70.281,46.212],[-70.008,46.704],[-69.222,47.46],[-68.906,47.19],[-68.197,47.341],[-67.805,47.036],[-67.8,45.7],[-67.45,45.611],[-67.475,45.282],[-67.176,45.179]]],[[[-54.122,47.643],[-54.24,47.564],[-54.157,47.534],[-54.122,47.643]]],[[[-53.568,48.191],[-53.928,48.183],[-53.565,48.082],[-53.568,48.191]]],[[[-54.883,49.555],[-54.781,49.5],[-54.558,49.654],[-54.883,49.555]]],[[[-54.277,49.576],[-54.016,49.668],[-54.244,49.726],[-54.277,49.576]]],[[[-55.51,50.805],[-55.623,50.761],[-55.582,50.699],[-55.466,50.767],[-55.51,50.805]]],[[[-52.629,47.527],[-52.798,47.788],[-53.114,47.431],[-53.244,47.593],[-52.866,48.124],[-52.953,48.153],[-53.276,48.016],[-53.605,47.539],[-53.847,47.707],[-53.622,48.005],[-53.905,48.085],[-53.904,48.237],[-53.639,48.169],[-53.058,48.436],[-52.983,48.604],[-53.259,48.527],[-53.414,48.624],[-53.521,48.462],[-53.7,48.528],[-53.846,48.395],[-53.774,48.551],[-53.903,48.568],[-53.704,48.661],[-53.893,48.632],[-53.895,48.842],[-54.163,48.771],[-53.609,49.044],[-53.454,49.242],[-53.679,49.367],[-54.041,49.481],[-54.479,49.401],[-54.545,49.529],[-54.743,49.32],[-55.223,49.265],[-55.156,49.549],[-55.645,49.39],[-55.939,49.61],[-55.57,49.977],[-56.072,50.011],[-56.149,50.156],[-56.725,49.69],[-56.882,49.771],[-55.743,51.07],[-55.719,51.184],[-56.018,51.218],[-55.967,51.347],[-55.617,51.304],[-55.408,51.579],[-55.89,51.501],[-55.893,51.628],[-56.72,51.319],[-56.977,50.882],[-57.329,50.713],[-57.926,49.589],[-58.229,49.371],[-58.136,49.095],[-58.502,49.006],[-58.685,48.602],[-58.971,48.675],[-59.236,48.473],[-58.703,48.555],[-58.536,48.454],[-59.399,47.88],[-59.301,47.614],[-59.112,47.561],[-58.098,47.695],[-56.777,47.533],[-55.968,47.76],[-55.863,47.599],[-56.045,47.536],[-55.774,47.458],[-55.438,47.471],[-55.376,47.687],[-54.893,47.619],[-55.487,47.14],[-55.98,46.97],[-55.649,46.868],[-55.251,46.919],[-54.866,47.38],[-54.527,47.383],[-54.141,47.836],[-54.013,47.807],[-53.886,47.528],[-54.188,46.828],[-54.05,46.808],[-53.573,47.162],[-53.555,46.618],[-53.374,46.735],[-53.067,46.666],[-52.629,47.527]]],[[[-127.919,51.522],[-128.01,51.724],[-128.157,51.628],[-127.943,51.422],[-127.919,51.522]]],[[[-128.138,51.864],[-128.036,51.844],[-127.999,52.066],[-128.222,51.954],[-128.138,51.864]]],[[[-130.997,52.112],[-131.114,52.146],[-131.113,52.002],[-130.997,52.112]]],[[[-127.947,52.166],[-128.036,52.166],[-128.097,52.097],[-127.94,52.09],[-127.947,52.166]]],[[[-128.248,52.022],[-128.153,52.186],[-128.296,52.106],[-128.248,52.022]]],[[[-128.228,52.213],[-128.447,52.238],[-128.522,52.158],[-128.304,52.131],[-128.228,52.213]]],[[[-128.097,52.241],[-127.908,52.201],[-127.961,52.296],[-128.097,52.241]]],[[[-127.241,52.426],[-127.82,52.196],[-127.888,51.953],[-127.277,52.289],[-127.241,52.426]]],[[[-128.618,52.454],[-128.755,52.467],[-128.728,52.323],[-128.648,52.29],[-128.618,52.454]]],[[[-128.563,52.611],[-128.735,52.515],[-128.534,52.436],[-128.563,52.611]]],[[[-131.565,52.727],[-131.647,52.665],[-131.467,52.636],[-131.565,52.727]]],[[[-128.31,52.429],[-128.372,52.796],[-128.464,52.403],[-128.31,52.429]]],[[[-128.93,52.614],[-129.292,52.763],[-129.06,52.524],[-128.93,52.614]]],[[[-129.304,53.036],[-129.461,53.187],[-129.395,53],[-129.304,53.036]]],[[[-131.113,52.172],[-131.085,52.276],[-131.332,52.297],[-131.834,52.726],[-131.852,52.867],[-131.619,52.92],[-131.794,53.252],[-132.542,53.152],[-132.504,53.04],[-132.231,53.026],[-132.145,52.95],[-132.342,52.943],[-131.38,52.203],[-131.113,52.172]]],[[[-128.804,52.701],[-128.748,52.913],[-128.651,52.909],[-128.755,52.604],[-128.606,52.611],[-128.539,53.02],[-128.635,53.163],[-129.078,53.303],[-129.177,52.937],[-129.057,52.741],[-128.804,52.701]]],[[[-129.293,53.108],[-129.134,53.12],[-129.184,53.314],[-129.293,53.108]]],[[[-128.914,53.406],[-129.022,53.532],[-129.148,53.364],[-128.914,53.406]]],[[[-129.743,53.235],[-129.974,53.458],[-130.496,53.639],[-130.53,53.56],[-129.939,53.169],[-129.743,53.235]]],[[[-129.166,53.385],[-128.842,53.716],[-129.16,53.627],[-129.166,53.385]]],[[[-130.406,53.687],[-130.092,53.57],[-130.138,53.703],[-130.406,53.687]]],[[[-130.253,53.893],[-129.567,53.215],[-129.336,53.361],[-130.253,53.893]]],[[[-130.447,53.982],[-130.352,53.838],[-130.232,53.974],[-130.393,54.095],[-130.674,53.989],[-130.447,53.982]]],[[[-132.579,53.207],[-132.4,53.148],[-131.908,53.358],[-131.933,53.619],[-131.709,54.118],[-132.13,54.034],[-132.159,53.7],[-132.381,53.648],[-132.525,53.704],[-132.114,53.881],[-132.297,54.112],[-132.545,54.04],[-133.04,54.165],[-133.144,53.897],[-132.936,53.701],[-132.929,53.523],[-132.518,53.413],[-132.758,53.317],[-132.579,53.207]]],[[[-130.743,54.606],[-130.917,54.63],[-130.962,54.455],[-130.743,54.606]]],[[[-57.871,54.818],[-57.994,54.832],[-57.941,54.926],[-58.225,54.853],[-58.157,54.764],[-57.871,54.818]]],[[[-130.431,54.79],[-130.258,54.843],[-130.15,54.969],[-130.255,54.97],[-130.462,54.832],[-130.431,54.79]]],[[[-61.01,56.044],[-61.133,56.149],[-61.174,56.032],[-61.01,56.044]]],[[[-61.414,56.373],[-61.482,56.408],[-61.709,56.363],[-61.462,56.319],[-61.414,56.373]]],[[[-61.216,56.586],[-61.071,56.626],[-61.163,56.676],[-61.216,56.586]]],[[[-61.63,56.846],[-61.453,56.626],[-61.373,56.692],[-61.462,56.956],[-61.63,56.846]]],[[[-61.613,57.416],[-61.723,57.538],[-61.849,57.415],[-61.613,57.416]]],[[[-61.853,57.586],[-62.017,57.518],[-61.794,57.507],[-61.853,57.586]]],[[[-61.9,57.764],[-61.745,57.713],[-61.654,57.79],[-61.8,57.845],[-61.9,57.764]]],[[[-61.931,57.795],[-61.921,57.909],[-62.106,57.839],[-61.931,57.795]]],[[[-69.102,59.131],[-69.354,59.141],[-69.231,58.981],[-69.102,59.131]]],[[[-64.079,59.8],[-64.192,59.734],[-64.001,59.724],[-64.079,59.8]]],[[[-104.49,68.516],[-105.062,68.55],[-104.655,68.398],[-104.429,68.445],[-104.49,68.516]]],[[[-101.694,68.77],[-101.98,68.826],[-102.29,68.664],[-101.829,68.578],[-101.694,68.77]]],[[[-100.207,68.804],[-100.404,69.03],[-100.631,68.996],[-100.622,68.772],[-100.207,68.804]]],[[[-100.042,69.085],[-100.238,69.085],[-100.227,69],[-100.008,68.949],[-100.042,69.085]]],[[[-100.981,69.482],[-101.379,69.541],[-101.115,69.408],[-100.981,69.482]]],[[[-96.555,69.479],[-96.151,69.366],[-96.102,69.49],[-96.637,69.558],[-96.555,69.479]]],[[[-95.944,69.421],[-95.78,69.469],[-95.534,69.331],[-95.381,69.523],[-95.801,69.633],[-96.011,69.483],[-95.944,69.421]]],[[[-139.113,69.654],[-139.26,69.585],[-138.87,69.592],[-139.113,69.654]]],[[[-95.215,68.862],[-95.845,68.891],[-95.952,69.14],[-96.22,69.314],[-97.225,69.682],[-97.367,69.62],[-97.475,69.777],[-97.925,69.896],[-98.219,69.798],[-98.369,69.568],[-98.596,69.558],[-98.608,69.443],[-98.411,69.353],[-99.591,69.041],[-99.182,68.831],[-98.97,68.955],[-98.522,68.75],[-98.255,68.826],[-98.103,68.674],[-96.52,68.448],[-95.215,68.862]]],[[[-100.351,70.49],[-100.486,70.682],[-100.666,70.63],[-100.351,70.49]]],[[[-100.872,69.808],[-100.996,70.175],[-101.582,70.133],[-101.693,70.309],[-101.953,70.27],[-102.989,70.651],[-103.538,70.6],[-104.591,71.073],[-104.497,71.326],[-104.282,71.364],[-104.319,71.47],[-105.039,72.114],[-104.96,72.178],[-105.456,72.703],[-105.332,72.751],[-105.829,73.051],[-106.823,73.31],[-107.172,73.195],[-108.013,73.355],[-108.298,73.134],[-107.718,72.303],[-107.779,72.141],[-107.252,71.902],[-107.668,71.708],[-108.287,71.799],[-108.188,71.95],[-108.417,71.991],[-108.663,72.361],[-108.633,72.566],[-109.752,72.881],[-109.623,72.916],[-110.704,73.009],[-109.788,72.504],[-110.05,72.439],[-110.729,72.571],[-111.665,72.292],[-111.904,72.347],[-111.289,72.566],[-111.22,72.724],[-113.015,73.016],[-113.604,72.778],[-113.443,72.752],[-114.322,72.592],[-114.356,72.746],[-114.023,72.798],[-113.962,73.123],[-114.584,73.385],[-117.369,72.918],[-118.19,72.635],[-118.593,72.429],[-118.128,72.227],[-118.678,72.142],[-119.138,71.774],[-119.051,71.627],[-117.773,71.586],[-118.309,71.432],[-118.162,71.379],[-115.742,71.511],[-116.048,71.445],[-115.904,71.394],[-117.798,71.17],[-118.411,70.975],[-117.585,70.606],[-115.581,70.58],[-113.988,70.716],[-111.567,70.36],[-112.586,70.2],[-114.185,70.316],[-116.033,70.22],[-117.442,69.989],[-117.252,69.764],[-116.62,69.572],[-116.633,69.462],[-115.975,69.3],[-113.584,69.201],[-113.701,69.164],[-113.569,69.057],[-113.655,68.801],[-113.103,68.537],[-113.244,68.454],[-108.952,68.742],[-108.539,68.947],[-107.335,69.026],[-106.926,69.239],[-106.963,69.363],[-106.584,69.504],[-106.32,69.405],[-106.274,69.288],[-106.412,69.188],[-104.917,69.048],[-105.255,68.951],[-105.123,68.896],[-104.254,68.942],[-103.015,68.802],[-101.964,68.97],[-101.772,69.194],[-102.236,69.263],[-101.939,69.421],[-102.055,69.484],[-103.037,69.366],[-103.041,69.515],[-103.479,69.677],[-102.784,69.537],[-102.51,69.564],[-102.582,69.744],[-102.236,69.853],[-101.707,69.691],[-101.43,69.767],[-100.964,69.665],[-100.872,69.808]]],[[[-72.949,66.735],[-74.472,66.149],[-73.718,65.775],[-73.496,65.494],[-74.179,65.528],[-74.503,65.344],[-74.872,65.398],[-75.215,65.254],[-75.8,65.251],[-75.407,65.062],[-75.373,64.836],[-75.599,64.871],[-75.414,64.98],[-75.452,65.079],[-75.757,65.214],[-77.436,65.46],[-77.514,65.326],[-77.313,65.2],[-78.144,64.957],[-78.073,64.816],[-78.185,64.587],[-77.758,64.343],[-76.689,64.192],[-76.728,64.296],[-75.862,64.378],[-75.707,64.579],[-74.536,64.432],[-74.646,64.535],[-74.469,64.562],[-74.869,64.783],[-74.74,64.845],[-74.571,64.841],[-74.708,64.74],[-74.551,64.631],[-74.003,64.583],[-74.114,64.341],[-73.996,64.329],[-73.892,64.554],[-73.452,64.592],[-73.386,64.281],[-72.906,64.166],[-72.318,63.679],[-71.828,63.78],[-71.566,63.691],[-71.583,63.593],[-71.277,63.566],[-72.08,63.404],[-71.747,63.381],[-71.688,63.174],[-71.373,63.049],[-71.029,63.079],[-70.83,62.897],[-70.24,62.754],[-69.627,62.791],[-69.445,62.554],[-69.027,62.38],[-66.274,61.858],[-65.95,61.897],[-66.128,62.089],[-65.93,62.198],[-66.18,62.242],[-66.551,62.561],[-66.981,62.658],[-67.633,63.103],[-68.147,63.161],[-68.928,63.761],[-68.496,63.74],[-67.869,63.464],[-67.814,63.651],[-67.69,63.633],[-66.698,63.039],[-65.272,62.788],[-65.35,62.707],[-65.17,62.568],[-64.963,62.663],[-65.204,62.896],[-64.628,62.911],[-64.826,62.965],[-64.765,63.055],[-65.028,63.25],[-64.909,63.288],[-65.099,63.55],[-64.932,63.571],[-64.631,63.242],[-64.484,63.288],[-64.505,63.644],[-64.991,63.828],[-64.663,64.028],[-65.193,64.022],[-65.077,64.083],[-65.307,64.193],[-65.081,64.479],[-65.726,64.515],[-65.583,64.757],[-65.824,64.883],[-65.896,64.733],[-66.967,65.087],[-66.936,65.216],[-67.169,65.269],[-67.06,65.453],[-67.433,65.504],[-67.273,65.645],[-67.927,65.62],[-67.869,65.686],[-68.137,65.927],[-68.335,65.933],[-68.124,66.027],[-68.15,66.118],[-68.399,66.187],[-67.992,66.095],[-68.026,65.995],[-67.81,65.878],[-67.17,65.933],[-67.852,66.413],[-67.303,66.281],[-67.143,66.44],[-67.379,66.549],[-66.849,66.59],[-66.731,66.374],[-66.472,66.344],[-66.521,66.219],[-66.326,66.269],[-65.959,66.115],[-65.899,65.954],[-64.964,66.076],[-64.91,66.005],[-65.353,65.914],[-65.454,65.679],[-65.073,65.388],[-64.871,65.428],[-64.902,65.282],[-64.691,65.242],[-64.731,65.159],[-64.178,65.177],[-63.655,64.918],[-63.405,65.033],[-63.424,65.434],[-63.602,65.533],[-63.367,65.538],[-63.329,65.741],[-62.785,65.595],[-62.306,65.829],[-62.429,65.979],[-61.954,66.02],[-62.538,66.227],[-62.355,66.321],[-62.607,66.442],[-61.935,66.29],[-61.492,66.367],[-61.866,66.659],[-61.576,66.551],[-61.27,66.605],[-61.606,66.872],[-62.065,66.946],[-62.004,67.037],[-62.141,67.062],[-62.284,66.946],[-62.905,66.973],[-63.415,66.804],[-63.565,66.892],[-63.285,66.948],[-63.25,67.132],[-62.977,67.222],[-63.028,67.303],[-64.298,67.238],[-64.36,67.303],[-63.942,67.361],[-64.118,67.502],[-64.076,67.618],[-64.607,67.832],[-65.046,67.852],[-64.72,67.985],[-65.183,68.016],[-65.602,67.769],[-65.447,67.994],[-65.759,67.968],[-65.809,67.865],[-66.313,68.129],[-66.821,68.103],[-66.766,68.242],[-67.198,68.359],[-67.794,68.338],[-66.894,68.422],[-67.931,68.528],[-68.36,68.63],[-68.122,68.689],[-68.646,68.789],[-68.133,68.837],[-67.735,69.04],[-68.542,69.189],[-68.082,69.22],[-68.198,69.311],[-67.509,69.161],[-66.669,69.185],[-66.788,69.34],[-67.228,69.464],[-68.587,69.591],[-68.013,69.776],[-67.115,69.729],[-67.249,69.963],[-67.808,70.264],[-68.157,70.318],[-68.337,70.069],[-68.663,69.942],[-68.928,69.955],[-68.644,70.147],[-68.706,70.209],[-69.808,70.167],[-68.459,70.373],[-68.298,70.497],[-68.362,70.584],[-69.203,70.779],[-69.98,70.654],[-69.774,70.856],[-69.915,70.88],[-70.843,70.648],[-70.516,70.937],[-70.787,71.115],[-71.323,70.887],[-72.337,70.758],[-72.164,70.83],[-72.356,70.879],[-72.045,71.085],[-71.445,71.074],[-71.117,71.271],[-71.582,71.515],[-72.473,71.647],[-72.995,71.408],[-72.97,71.287],[-73.653,71.442],[-73.564,71.559],[-73.688,71.593],[-73.975,71.546],[-73.596,71.764],[-74.635,71.655],[-74.742,71.734],[-74.263,71.82],[-74.118,71.967],[-74.237,72.076],[-75.063,72.128],[-74.942,72.257],[-75.198,72.498],[-76.889,72.744],[-77.601,72.756],[-78.375,72.594],[-78.57,72.356],[-78.817,72.323],[-78.916,72.031],[-79.142,72.006],[-78.943,72.196],[-79.283,72.394],[-79.546,72.292],[-80.049,72.398],[-80.307,72.257],[-80.238,72.21],[-80.483,72.181],[-80.397,72.05],[-80.759,71.984],[-81.026,72.094],[-80.758,72.104],[-80.867,72.2],[-80.512,72.382],[-80.558,72.628],[-80.269,72.725],[-80.64,72.928],[-80.55,73.095],[-80.643,73.17],[-81.133,73.247],[-81.229,73.54],[-81.528,73.716],[-82.831,73.737],[-85.193,73.231],[-84.569,73.115],[-85.464,73.112],[-85.536,73.026],[-84.719,72.911],[-85.543,72.977],[-85.702,72.635],[-85.344,72.413],[-84.782,72.362],[-86.021,71.984],[-85.258,71.668],[-84.713,71.682],[-84.528,71.473],[-84.799,71.288],[-84.759,70.967],[-84.968,70.924],[-84.857,71.16],[-85.484,71.175],[-86.803,71],[-84.858,71.276],[-84.96,71.429],[-85.497,71.514],[-86.408,72.006],[-86.46,72.203],[-86.253,72.395],[-86.68,72.646],[-86.699,72.816],[-86.03,73.302],[-84.883,73.748],[-85.106,73.812],[-86.714,73.847],[-87.764,73.717],[-88.687,73.423],[-89.051,73.252],[-89.312,73.046],[-89.321,72.882],[-89.753,72.611],[-89.963,72.257],[-89.762,72.126],[-90.105,71.916],[-89.798,71.765],[-89.977,71.658],[-89.963,71.415],[-89.813,71.329],[-87.921,71.27],[-87.228,71.011],[-87.893,70.935],[-89.558,71.093],[-89.226,70.983],[-89.449,70.908],[-88.907,70.545],[-87.852,70.238],[-87.005,70.283],[-87.2,70.387],[-87.031,70.469],[-85.783,69.995],[-85.347,70.032],[-85.369,70.109],[-83.673,69.946],[-83.052,70.011],[-82.126,69.818],[-81.711,69.935],[-82.845,70.258],[-80.951,69.736],[-80.78,69.756],[-81.565,70.108],[-80.205,70.012],[-79.681,69.849],[-78.7,69.931],[-78.767,70.191],[-78.971,70.325],[-79.565,70.39],[-79.389,70.463],[-78.745,70.456],[-78.389,70.216],[-77.891,70.264],[-77.683,70.184],[-77.683,69.825],[-76.873,69.819],[-76.873,69.687],[-77.137,69.686],[-76.703,69.565],[-76.182,69.668],[-76.63,69.546],[-75.687,69.287],[-75.572,69.157],[-75.99,69.011],[-76.638,69.016],[-76.534,68.881],[-76.625,68.682],[-75.606,68.886],[-75.486,69.022],[-75.202,68.897],[-74.809,69.083],[-74.729,69.024],[-75.001,68.928],[-74.703,68.938],[-74.879,68.826],[-74.523,68.611],[-73.885,68.555],[-74.098,68.694],[-73.888,68.714],[-73.721,68.616],[-73.947,68.414],[-72.988,68.173],[-72.944,67.932],[-72.619,67.796],[-72.673,67.703],[-72.37,67.331],[-72.193,67.276],[-72.351,67.12],[-72.803,67.043],[-72.949,66.735]]],[[[-115.324,73.509],[-117.416,74.233],[-118.066,74.281],[-119.069,74.091],[-119.144,74.209],[-121.581,74.556],[-124.756,74.349],[-124.145,73.851],[-123.774,73.766],[-124.86,73.09],[-124.49,72.925],[-125.038,72.833],[-124.945,72.703],[-125.061,72.566],[-125.752,72.148],[-125.79,71.949],[-125.272,71.981],[-124.065,71.7],[-123.255,71.13],[-122.798,71.088],[-121.701,71.468],[-121.423,71.38],[-120.635,71.491],[-120.383,71.702],[-120.434,71.964],[-120.198,72.085],[-120.197,72.217],[-119.34,72.347],[-119.164,72.63],[-115.324,73.509]]],[[[-123.369,48.774],[-123.57,48.832],[-123.496,48.716],[-123.369,48.774]]],[[[-123.654,49.034],[-123.531,48.942],[-123.369,48.862],[-123.334,48.903],[-123.472,48.938],[-123.654,49.034]]],[[[-126.083,49.315],[-126.231,49.379],[-126.223,49.277],[-126.083,49.315]]],[[[-124.664,49.747],[-124.198,49.521],[-124.348,49.704],[-124.664,49.747]]],[[[-126.659,49.788],[-126.97,49.834],[-126.679,49.592],[-126.659,49.788]]],[[[-125.027,50.144],[-125.007,50.072],[-124.891,50.069],[-124.929,50.169],[-125.027,50.144]]],[[[-125.199,50.041],[-125.18,50.229],[-125.29,50.291],[-125.324,50.143],[-125.199,50.041]]],[[[-124.891,50.193],[-124.754,50.168],[-124.917,50.304],[-124.891,50.193]]],[[[-124.803,50.229],[-124.664,50.191],[-124.69,50.291],[-124.803,50.229]]],[[[-125.336,50.302],[-125.049,50.219],[-125.288,50.437],[-125.336,50.302]]],[[[-126.618,50.672],[-126.186,50.742],[-126.272,50.83],[-126.618,50.672]]],[[[-123.321,48.496],[-123.955,49.229],[-124.795,49.473],[-124.882,49.725],[-125.436,50.314],[-127.199,50.621],[-127.882,50.867],[-128.407,50.781],[-128.06,50.453],[-127.594,50.559],[-127.915,50.466],[-127.968,50.342],[-127.775,50.233],[-127.897,50.143],[-127.785,50.085],[-127.65,50.178],[-127.362,50.033],[-127.164,50.071],[-127.142,49.867],[-126.65,49.898],[-126.452,49.636],[-126.563,49.587],[-126.51,49.378],[-126.055,49.445],[-125.956,49.233],[-125.699,49.181],[-125.736,49.053],[-125.489,48.919],[-124.968,48.988],[-125.185,48.801],[-125.094,48.73],[-123.654,48.314],[-123.321,48.496]]],[[[-64.477,60.334],[-64.641,60.492],[-64.862,60.466],[-64.477,60.334]]],[[[-67.881,60.497],[-68.241,60.586],[-68.439,60.259],[-67.96,60.333],[-67.881,60.497]]],[[[-78.244,60.835],[-78.604,60.78],[-78.679,60.711],[-78.336,60.759],[-78.244,60.835]]],[[[-64.841,61.352],[-64.697,61.458],[-64.717,61.664],[-65.486,61.599],[-64.841,61.352]]],[[[-65.703,61.793],[-65.791,61.873],[-65.946,61.801],[-65.813,61.76],[-65.703,61.793]]],[[[-65.241,61.92],[-65.147,61.784],[-64.828,61.761],[-65.241,61.92]]],[[[-79.282,62.27],[-79.831,62.411],[-80.215,62.138],[-80.286,61.93],[-79.75,61.586],[-79.269,62.145],[-79.282,62.27]]],[[[-64.381,62.528],[-64.963,62.465],[-64.594,62.37],[-64.381,62.528]]],[[[-74.016,62.671],[-74.153,62.692],[-74.376,62.685],[-74.542,62.751],[-74.653,62.719],[-74.376,62.635],[-74.119,62.603],[-74.016,62.671]]],[[[-70.241,62.616],[-71.208,62.889],[-70.682,62.547],[-70.241,62.616]]],[[[-82.191,62.986],[-83.001,62.852],[-83.296,62.931],[-83.91,62.395],[-83.673,62.145],[-83.281,62.253],[-83.135,62.177],[-81.957,62.698],[-81.862,62.925],[-82.191,62.986]]],[[[-77.538,63.288],[-77.844,63.473],[-78.544,63.449],[-77.941,63.087],[-77.645,63.143],[-77.538,63.288]]],[[[-64.086,63.335],[-64.355,63.669],[-64.498,63.617],[-64.259,63.327],[-64.086,63.335]]],[[[-76.689,63.486],[-77.397,63.693],[-77.418,63.591],[-76.982,63.407],[-76.702,63.37],[-76.58,63.476],[-76.689,63.486]]],[[[-64.888,63.795],[-64.388,63.733],[-64.644,63.915],[-64.888,63.795]]],[[[-77.973,63.966],[-77.71,63.942],[-77.596,64.041],[-77.949,64.014],[-77.973,63.966]]],[[[-73.53,64.504],[-73.674,64.432],[-73.534,64.361],[-73.53,64.504]]],[[[-65.546,64.548],[-65.279,64.668],[-65.688,64.548],[-65.546,64.548]]],[[[-62.257,65.748],[-62.474,65.71],[-62.127,65.679],[-62.257,65.748]]],[[[-80.183,63.768],[-80.889,64.123],[-81.971,63.994],[-81.588,64.185],[-81.771,64.512],[-83.208,64.948],[-83.398,65.137],[-84.098,65.21],[-84.577,65.489],[-84.848,65.213],[-85.316,65.542],[-85.052,65.614],[-85.201,65.809],[-85.488,65.797],[-85.486,65.924],[-85.939,65.763],[-86.152,65.385],[-86.159,64.939],[-86.406,64.439],[-86.193,64.103],[-86.896,63.93],[-87.224,63.66],[-87.064,63.555],[-85.617,63.675],[-85.635,63.243],[-85.274,63.123],[-84.59,63.315],[-84.284,63.627],[-83.634,63.771],[-83.685,64.014],[-83.539,64.111],[-83.014,64.192],[-83.084,63.958],[-82.391,63.924],[-82.482,63.685],[-81.019,63.45],[-80.183,63.768]]],[[[-85.001,66.008],[-85.186,65.947],[-85.113,65.762],[-84.713,65.555],[-84.574,65.636],[-85.001,66.008]]],[[[-84.473,66.09],[-84.125,65.907],[-84.143,65.767],[-83.246,65.665],[-83.802,65.823],[-83.693,65.926],[-84.069,66.063],[-84.473,66.09]]],[[[-83.274,66.309],[-83.293,66.268],[-83.078,66.198],[-83.048,66.262],[-83.274,66.309]]],[[[-62.407,67.187],[-62.654,67.173],[-62.805,67.094],[-62.74,67.046],[-62.407,67.159],[-62.407,67.187]]],[[[-63.518,67.324],[-63.632,67.356],[-63.77,67.276],[-63.461,67.27],[-63.518,67.324]]],[[[-63.757,67.523],[-63.955,67.655],[-64.038,67.53],[-63.757,67.523]]],[[[-73.358,67.838],[-73.522,68.01],[-74.277,68.078],[-74.777,67.985],[-74.402,67.779],[-73.358,67.838]]],[[[-66.296,68.27],[-66.653,68.198],[-66.317,68.16],[-66.296,68.27]]],[[[-86.577,68.291],[-86.986,68.067],[-86.848,68.022],[-86.954,67.925],[-86.837,67.792],[-86.597,67.728],[-86.374,67.959],[-86.408,68.208],[-86.577,68.291]]],[[[-75.033,68.173],[-75.911,68.345],[-76.689,68.263],[-77.323,67.708],[-76.982,67.243],[-75.39,67.358],[-75.065,67.552],[-75.044,67.817],[-75.161,67.953],[-75.033,68.173]]],[[[-78.909,68.324],[-79.146,68.348],[-79.183,68.222],[-78.81,68.285],[-78.909,68.324]]],[[[-74.369,68.389],[-74.154,68.256],[-74.084,68.343],[-74.298,68.464],[-74.369,68.389]]],[[[-78.614,68.506],[-78.463,68.62],[-78.675,68.658],[-78.935,68.522],[-78.614,68.506]]],[[[-74.845,68.579],[-74.538,68.555],[-74.793,68.676],[-74.845,68.579]]],[[[-74.838,68.42],[-74.774,68.486],[-74.989,68.669],[-75.26,68.721],[-75.392,68.626],[-75.379,68.499],[-74.884,68.344],[-74.838,68.42]]],[[[-90.497,69.243],[-90.619,69.376],[-90.771,69.345],[-90.497,69.243]]],[[[-79.08,68.879],[-78.214,69.303],[-78.607,69.373],[-79.423,68.927],[-79.08,68.879]]],[[[-90.25,69.298],[-90.147,69.373],[-90.302,69.435],[-90.51,69.331],[-90.25,69.298]]],[[[-76.692,69.411],[-77.113,69.448],[-77.36,69.39],[-77.387,69.267],[-76.991,69.145],[-76.675,69.311],[-76.692,69.411]]],[[[-67.444,69.592],[-67.691,69.544],[-67.308,69.558],[-67.444,69.592]]],[[[-67.91,69.534],[-67.731,69.659],[-68.219,69.606],[-67.91,69.534]]],[[[-78.394,69.647],[-78.69,69.561],[-78.517,69.485],[-77.942,69.647],[-78.141,69.75],[-78.394,69.647]]],[[[-79.971,69.633],[-79.348,69.695],[-79.672,69.82],[-80.803,69.705],[-80.21,69.619],[-80.215,69.533],[-79.936,69.537],[-79.971,69.633]]],[[[-83.836,69.75],[-83.569,69.804],[-83.856,69.832],[-83.836,69.75]]],[[[-91.463,69.777],[-91.504,69.839],[-91.737,69.798],[-91.557,69.729],[-91.463,69.777]]],[[[-87.084,69.989],[-86.503,69.986],[-86.651,70.121],[-87.316,70.118],[-87.084,69.989]]],[[[-71.508,71.017],[-72.012,71.052],[-72.228,70.922],[-72.118,70.825],[-71.349,70.985],[-71.508,71.017]]],[[[-72.954,71.518],[-73.352,71.534],[-73.267,71.364],[-73.016,71.35],[-72.817,71.449],[-72.954,71.518]]],[[[-72.738,71.662],[-73.044,71.586],[-72.765,71.529],[-72.659,71.6],[-72.738,71.662]]],[[[-96.918,72.738],[-96.651,72.779],[-96.759,72.896],[-97.014,72.779],[-96.918,72.738]]],[[[-97.072,73.138],[-97.1,72.992],[-96.934,72.925],[-96.568,73.053],[-96.809,73.192],[-97.072,73.138]]],[[[-108.088,73.591],[-107.994,73.547],[-107.628,73.574],[-107.676,73.625],[-108.014,73.622],[-108.088,73.591]]],[[[-104.681,73.63],[-105.381,73.771],[-106.6,73.711],[-107.039,73.484],[-106.509,73.414],[-105.486,72.956],[-105.202,72.945],[-104.573,73.332],[-104.501,73.567],[-104.681,73.63]]],[[[-80.903,73.607],[-80.78,73.505],[-80.878,73.446],[-80.795,73.285],[-80.164,73.233],[-80.176,73.046],[-79.949,72.848],[-79.568,72.76],[-78.171,72.899],[-76.125,72.847],[-76.117,72.942],[-76.333,72.971],[-76.272,73.102],[-77.428,73.56],[-80.56,73.773],[-80.903,73.607]]],[[[-96.321,72.467],[-96.452,72.642],[-96.932,72.676],[-97.291,72.875],[-97.256,72.962],[-98.349,73.044],[-97.165,73.45],[-97.668,73.486],[-96.995,73.626],[-96.956,73.737],[-97.57,73.894],[-99.218,73.739],[-100.001,73.95],[-100.886,73.832],[-101.095,73.743],[-100.549,73.601],[-100.603,73.518],[-101.23,73.606],[-101.562,73.469],[-100.858,73.263],[-100.389,73.341],[-100.467,73.203],[-100.064,72.901],[-100.431,72.74],[-101.296,72.719],[-101.763,73.019],[-102.114,73.089],[-102.485,73.041],[-102.756,72.812],[-102.614,72.661],[-101.966,72.497],[-101.84,72.327],[-100.636,72.187],[-99.385,71.586],[-99.235,71.35],[-98.828,71.301],[-98.541,71.292],[-98.042,71.531],[-98.375,71.652],[-97.461,71.617],[-96.56,71.84],[-96.485,72.129],[-96.718,72.3],[-96.321,72.467]]],[[[-99.247,73.855],[-98.143,73.878],[-97.643,74.072],[-99.39,73.924],[-99.247,73.855]]],[[[-90.291,73.923],[-92.114,73.984],[-93.273,74.178],[-94.721,74.101],[-95.249,74.01],[-95.318,73.892],[-94.84,73.692],[-95.446,73.774],[-95.725,73.642],[-95.613,73.596],[-95.685,73.463],[-95.582,73.162],[-95.719,73.012],[-95.593,72.699],[-95.136,72.463],[-95.145,71.966],[-94.088,72.064],[-93.464,72.463],[-94.156,72.771],[-92.169,72.73],[-90.196,73.902],[-90.291,73.923]]],[[[-97.737,74.471],[-97.26,74.598],[-97.503,74.623],[-97.737,74.471]]],[[[-95.362,74.591],[-95.87,74.581],[-95.35,74.496],[-95.362,74.591]]],[[[-103.638,75.2],[-103.82,75.367],[-104.403,75.433],[-104.906,75.124],[-104.229,75.019],[-103.638,75.2]]],[[[-93.437,74.944],[-93.58,75.205],[-93.499,75.268],[-94.394,75.604],[-94.899,75.645],[-95.791,75.501],[-96.171,75.287],[-96.071,75.252],[-96.605,75.065],[-94.724,74.632],[-93.608,74.654],[-93.457,74.718],[-93.437,74.944]]],[[[-96.575,75.438],[-96.515,75.55],[-96.236,75.466],[-95.91,75.561],[-96.287,75.65],[-97.055,75.499],[-96.96,75.385],[-96.575,75.438]]],[[[-102.873,75.766],[-102.093,75.915],[-103.045,75.906],[-103.327,75.751],[-102.873,75.766]]],[[[-94.485,75.978],[-94.852,75.953],[-94.823,75.811],[-94.316,75.764],[-94.485,75.978]]],[[[-102.572,75.993],[-102.356,76.013],[-103.725,75.978],[-103.692,75.889],[-102.572,75.993]]],[[[-117.785,75.897],[-117.462,76.088],[-118.621,75.922],[-119.409,75.602],[-118.614,75.504],[-117.785,75.897]]],[[[-78.895,76.123],[-79.718,75.883],[-79.279,75.877],[-78.861,76.047],[-78.895,76.123]]],[[[-103.811,76.034],[-102.531,76.157],[-102.727,76.316],[-104.477,76.14],[-103.811,76.034]]],[[[-104.398,76.469],[-104.378,76.325],[-103.023,76.416],[-104.025,76.671],[-104.652,76.602],[-104.398,76.469]]],[[[-97.425,75.52],[-97.425,75.699],[-97.897,75.737],[-97.57,75.865],[-97.651,75.952],[-97.5,76.157],[-97.789,76.322],[-97.665,76.486],[-98.508,76.637],[-99.056,76.541],[-98.857,76.466],[-99.257,76.469],[-99.59,76.629],[-100.27,76.65],[-100.963,76.48],[-99.997,76.299],[-100.479,76.234],[-99.994,76.041],[-100.144,75.957],[-101.128,76.26],[-101.086,76.342],[-101.811,76.459],[-102.035,76.413],[-102.103,76.221],[-101.742,76.185],[-101.909,76.087],[-101.589,75.925],[-102.262,75.87],[-102.374,75.811],[-102.247,75.724],[-102.688,75.678],[-102.776,75.545],[-99.823,75.656],[-99.704,75.595],[-100.282,75.527],[-100.041,75.457],[-100.676,75.337],[-100.252,75.263],[-100.549,75.205],[-100.33,75.014],[-99.645,74.976],[-98.035,75.026],[-97.685,75.17],[-98.123,75.369],[-97.724,75.572],[-97.425,75.52]]],[[[-101.16,76.582],[-100.333,76.715],[-100.972,76.736],[-101.243,76.647],[-101.16,76.582]]],[[[-89.675,76.733],[-89.982,76.842],[-90.568,76.716],[-89.826,76.486],[-89.859,76.616],[-89.675,76.733]]],[[[-105.395,75.674],[-105.512,75.891],[-105.76,75.99],[-106.607,76.062],[-107.046,75.889],[-107.721,75.886],[-107.648,75.973],[-107.858,76.066],[-108.355,76.054],[-108.458,76.103],[-108.081,76.287],[-108.616,76.424],[-108.687,76.602],[-108.451,76.733],[-108.748,76.859],[-109.184,76.822],[-110.397,76.397],[-110.384,76.301],[-109.542,76.189],[-109.382,76.088],[-109.433,76.004],[-110.055,75.897],[-109.102,75.75],[-108.835,75.623],[-108.994,75.568],[-108.896,75.492],[-111.274,75.527],[-111.493,75.815],[-112.186,75.848],[-111.781,75.901],[-112.515,76.11],[-112.432,76.171],[-112.994,76.273],[-113.963,76.191],[-114.206,76.471],[-114.451,76.501],[-115.512,76.456],[-115.875,76.364],[-115.841,76.185],[-116.526,76.16],[-116.706,76.058],[-116.476,75.992],[-116.714,75.961],[-114.875,75.867],[-116.885,75.789],[-117.228,75.634],[-115.263,75.602],[-117.202,75.481],[-117.675,75.293],[-116.767,75.122],[-116.256,75.211],[-116.338,75.116],[-115.715,74.97],[-115.406,75.103],[-114.958,74.971],[-114.441,75.068],[-114.046,75.366],[-113.784,75.34],[-113.939,75.183],[-113.887,75.058],[-110.951,75.252],[-111.555,75.013],[-112.798,74.985],[-114.44,74.684],[-113.693,74.445],[-112.437,74.414],[-108.824,75.072],[-108.417,74.917],[-106.009,75.057],[-105.661,75.355],[-105.689,75.527],[-105.395,75.674]]],[[[-114.837,76.76],[-113.453,76.774],[-113.846,76.899],[-114.837,76.76]]],[[[-79.56,74.992],[-80.443,75.04],[-79.628,75.18],[-79.501,75.392],[-79.65,75.47],[-80.376,75.465],[-79.995,75.524],[-80.503,75.662],[-81.286,75.664],[-81.113,75.779],[-83.918,75.815],[-86.01,75.536],[-86.196,75.415],[-87.366,75.616],[-88.245,75.478],[-88.58,75.659],[-88.9,75.609],[-88.753,75.482],[-88.917,75.43],[-89.257,75.636],[-89.198,75.796],[-90.291,76.032],[-90.188,76.068],[-91.244,76.164],[-89.194,76.248],[-90.448,76.411],[-90.572,76.564],[-91.011,76.657],[-93.299,76.555],[-93.179,76.72],[-93.701,76.921],[-95.771,77.077],[-96.851,76.93],[-96.314,76.808],[-96.871,76.703],[-96.5,76.696],[-95.823,76.399],[-95.031,76.334],[-95.39,76.239],[-93.128,76.37],[-92.1,75.829],[-92.176,75.753],[-92.004,75.602],[-92.3,75.513],[-92.504,75.218],[-92.012,75.101],[-92.202,75.082],[-92.018,74.778],[-91.513,74.645],[-91.099,74.629],[-91.23,74.738],[-90.894,74.761],[-89.949,74.533],[-89.434,74.553],[-88.544,74.855],[-88.412,74.759],[-88.518,74.501],[-84.258,74.507],[-83.493,74.578],[-83.332,74.782],[-83.078,74.816],[-83.13,74.708],[-82.92,74.552],[-81.789,74.458],[-80.265,74.578],[-80.162,74.624],[-80.245,74.759],[-79.395,74.876],[-79.56,74.992]]],[[[-119.317,76.2],[-119.245,76.113],[-118.652,76.291],[-118.569,76.345],[-118.646,76.432],[-118.946,76.523],[-118.302,76.568],[-118.34,76.771],[-117.764,76.757],[-117.928,76.678],[-118.007,76.403],[-117.819,76.325],[-117.352,76.26],[-116.934,76.356],[-117.075,76.526],[-115.893,76.698],[-116.04,76.828],[-115.831,76.973],[-116.222,77.042],[-116.247,77.196],[-115.404,77.318],[-116.407,77.562],[-116.914,77.474],[-116.994,77.4],[-116.647,77.39],[-116.86,77.318],[-117.231,77.286],[-118.82,77.361],[-119.29,77.289],[-120.368,76.815],[-121.204,76.678],[-121.554,76.437],[-122.381,76.409],[-122.862,76.182],[-122.493,76.144],[-122.732,75.978],[-122.426,75.933],[-121.847,76.045],[-121.437,75.944],[-120.964,76.013],[-120.989,76.164],[-120.692,76.16],[-120.717,76.027],[-120.388,75.972],[-120.489,75.847],[-120.26,75.833],[-119.863,75.859],[-119.492,76.037],[-119.684,76.094],[-119.442,76.251],[-119.317,76.2]]],[[[-85.162,77.459],[-84.816,77.5],[-85.323,77.589],[-85.162,77.459]]],[[[-89.661,77.356],[-90.304,77.629],[-90.882,77.658],[-91.169,77.618],[-91.2,77.408],[-90.094,77.204],[-89.661,77.356]]],[[[-104.394,77.193],[-104.421,77.308],[-105.001,77.412],[-104.996,77.537],[-105.503,77.721],[-106.077,77.739],[-105.244,77.206],[-104.754,77.111],[-104.394,77.193]]],[[[-93.252,77.644],[-93.208,77.723],[-93.608,77.782],[-95.506,77.811],[-96.235,77.706],[-96.302,77.593],[-95.988,77.479],[-93.808,77.439],[-93.252,77.644]]],[[[-102.449,77.74],[-100.958,77.76],[-102.398,77.889],[-102.517,77.795],[-102.449,77.74]]],[[[-113.686,77.867],[-114.115,78],[-115.118,77.96],[-114.301,77.713],[-113.722,77.769],[-113.686,77.867]]],[[[-109.604,78.074],[-112.271,78.015],[-113.323,77.808],[-113.186,77.74],[-113.2,77.528],[-112.469,77.371],[-110.881,77.412],[-110.056,77.632],[-110.129,77.782],[-110.72,77.766],[-110.841,77.87],[-109.686,77.971],[-109.604,78.074]]],[[[-102.9,78.274],[-103.247,78.195],[-102.778,78.215],[-102.9,78.274]]],[[[-109.259,78.459],[-110.427,78.766],[-113.336,78.336],[-109.823,78.295],[-109.259,78.459]]],[[[-74.558,78.781],[-74.692,78.722],[-74.167,78.727],[-74.558,78.781]]],[[[-96.91,77.795],[-95.061,77.973],[-94.889,78.109],[-95.37,78.247],[-94.828,78.364],[-97.451,78.797],[-98.356,78.774],[-98.316,78.646],[-98.028,78.569],[-98.36,78.452],[-96.869,78.137],[-97.742,78.042],[-96.993,77.925],[-97.103,77.808],[-96.91,77.795]]],[[[-105.607,79.104],[-104.678,79.011],[-105.032,78.826],[-104.078,78.986],[-103.856,78.883],[-104.223,78.788],[-103.384,78.775],[-103.497,78.507],[-105.018,78.525],[-104.466,78.275],[-102.744,78.381],[-102.765,78.274],[-102.543,78.243],[-101.036,78.199],[-100.61,77.864],[-99.939,77.783],[-99.182,77.844],[-98.97,78.004],[-99.803,78.309],[-99.558,78.599],[-100.521,78.824],[-101.208,78.823],[-100.988,78.932],[-101.648,79.081],[-102.665,78.986],[-102.607,79.077],[-103.121,79.291],[-103.722,79.363],[-105.449,79.27],[-105.607,79.104]]],[[[-100.152,79.998],[-100.07,79.878],[-99.584,79.899],[-99.3,79.759],[-98.651,79.792],[-98.768,79.896],[-98.706,79.967],[-99.12,80.134],[-99.779,80.151],[-100.152,79.998]]],[[[-95.852,80.653],[-95.187,80.613],[-95.164,80.7],[-95.852,80.653]]],[[[-96.623,80.044],[-96.543,79.848],[-95.854,79.652],[-94.77,79.682],[-94.728,79.611],[-95.766,79.475],[-94.961,79.292],[-91.12,79.392],[-92.627,79.245],[-90.528,79.22],[-93.433,79.157],[-94.272,78.968],[-93.347,78.608],[-91.737,78.56],[-92.953,78.437],[-92.116,78.227],[-90.884,78.145],[-90.353,78.145],[-90.332,78.336],[-89.713,78.226],[-89.787,78.398],[-90.099,78.562],[-89.955,78.597],[-89.05,78.182],[-88.77,78.186],[-88.551,78.433],[-88.756,78.549],[-88.612,78.61],[-88.228,78.464],[-87.934,78.617],[-88.16,78.678],[-88.216,78.953],[-87.989,78.96],[-87.859,78.693],[-87.537,78.672],[-86.504,79.069],[-84.919,79.296],[-85.564,79.58],[-87.189,79.628],[-86.971,79.882],[-87.239,80.07],[-88.025,80.139],[-87.576,80.18],[-87.701,80.413],[-88.681,80.378],[-88.709,80.29],[-88.146,80.097],[-89.04,80.194],[-89.26,80.304],[-89.058,80.468],[-90.639,80.569],[-90.71,80.703],[-91.089,80.749],[-91.829,81.162],[-93.096,81.348],[-94.188,81.367],[-94.396,81.262],[-93.1,81.156],[-95.232,81.015],[-95.5,80.808],[-94.375,80.617],[-96.027,80.584],[-96.059,80.482],[-95.73,80.415],[-96.568,80.276],[-95.401,80.127],[-94.546,80.158],[-94.846,80.045],[-96.711,80.148],[-96.623,80.044]]],[[[-61.085,82.331],[-61.579,82.489],[-63.065,82.537],[-62.963,82.594],[-63.651,82.718],[-63.447,82.827],[-65.132,82.899],[-68.618,82.63],[-66.363,82.894],[-69.687,83.117],[-71.481,83.022],[-72.592,83.102],[-73.653,82.927],[-76.135,83.054],[-77.387,82.99],[-75.44,82.631],[-76.557,82.676],[-77.852,82.926],[-80.158,82.939],[-80.352,82.864],[-78.504,82.688],[-81.474,82.83],[-81.576,82.791],[-80.601,82.559],[-82.07,82.674],[-82.712,82.382],[-79.864,82.027],[-80.021,81.968],[-84.946,82.427],[-84.708,82.483],[-85.762,82.468],[-85.351,82.29],[-86.848,82.221],[-84.752,81.991],[-87.999,82.105],[-89.252,81.949],[-89.147,81.886],[-91.014,81.842],[-91.949,81.632],[-89.915,81.596],[-90.834,81.464],[-90.35,81.376],[-88.404,81.587],[-87.941,81.536],[-88.889,81.501],[-89.924,81.342],[-89.387,81.252],[-90.353,81.174],[-89.826,81.013],[-84.841,81.261],[-86.699,81.005],[-89.386,80.879],[-87.276,80.632],[-86.112,80.993],[-82.753,81.136],[-85.798,80.946],[-86.749,80.605],[-85.121,80.504],[-83.802,80.56],[-83.719,80.632],[-83.81,80.739],[-81.97,80.837],[-81.76,80.817],[-83.168,80.588],[-81.217,80.628],[-79.614,80.828],[-79.153,81.103],[-78.192,81.305],[-76.759,81.433],[-78.886,81.012],[-78.848,80.858],[-77.024,80.887],[-79.964,80.611],[-78.785,80.616],[-79.04,80.55],[-83.159,80.335],[-82.169,80.018],[-81.457,79.954],[-81.662,79.908],[-81.629,79.768],[-80.084,79.651],[-81.587,79.601],[-82.171,79.869],[-83.788,80.251],[-86.438,80.32],[-86.643,80.153],[-86.312,79.974],[-86.449,79.937],[-86.45,79.754],[-85.021,79.618],[-84.487,79.413],[-84.33,79.192],[-83.692,79.07],[-84.506,79.147],[-84.752,79.039],[-82.535,78.885],[-81.699,78.979],[-81.772,78.866],[-83.228,78.807],[-82.246,78.604],[-85.246,78.917],[-86.94,78.714],[-87.482,78.452],[-87.488,78.127],[-86.529,78.207],[-86.224,78.166],[-86.228,78.062],[-84.624,78.203],[-85.661,77.95],[-85.189,77.798],[-85.282,77.66],[-84.761,77.52],[-83.678,77.535],[-82.513,77.96],[-83.356,77.528],[-84.617,77.384],[-85.402,77.401],[-85.782,77.504],[-85.974,77.713],[-86.847,77.89],[-88.181,77.802],[-88.188,77.64],[-87.647,77.487],[-87.783,77.438],[-87.681,77.353],[-87.133,77.214],[-88.294,77.136],[-89.537,76.857],[-89.419,76.688],[-89.657,76.565],[-89.17,76.424],[-88.359,76.49],[-88.404,76.394],[-87.63,76.336],[-87.151,76.449],[-86.722,76.348],[-86.592,76.481],[-85.203,76.284],[-84.41,76.309],[-84.942,76.422],[-84.051,76.553],[-82.801,76.39],[-81.248,76.551],[-80.772,76.42],[-81.095,76.219],[-80.667,76.164],[-79.348,76.297],[-78.774,76.577],[-78.5,76.459],[-78.141,76.527],[-77.771,76.664],[-77.716,76.822],[-78.091,77.023],[-78.72,76.828],[-79.376,76.926],[-79.033,77.157],[-79.432,77.239],[-81.103,77.288],[-81.892,77.183],[-81.849,77.29],[-81.2,77.323],[-81.737,77.435],[-81.673,77.524],[-80.391,77.295],[-78.289,77.378],[-77.737,77.601],[-78.052,77.733],[-77.981,77.817],[-78.43,77.911],[-75.901,77.968],[-75.582,78.113],[-76.823,78.186],[-75.626,78.2],[-75.108,78.376],[-76.127,78.501],[-75.009,78.538],[-74.774,78.835],[-76.733,79.037],[-77.718,78.97],[-76.133,79.124],[-78.059,79.179],[-76.089,79.205],[-75.757,79.084],[-74.454,79.077],[-74.78,79.16],[-74.469,79.227],[-77.365,79.281],[-77.225,79.325],[-77.401,79.453],[-75.914,79.347],[-76.009,79.436],[-75.028,79.373],[-73.128,79.559],[-73.386,79.755],[-74.845,79.85],[-74.228,79.896],[-72.232,79.663],[-71.142,79.79],[-70.912,79.893],[-71.376,79.942],[-70.487,80.063],[-71.501,80.121],[-70.211,80.188],[-69.959,80.262],[-70.453,80.344],[-69.374,80.397],[-68.279,80.76],[-64.436,81.482],[-65.736,81.493],[-69.482,81.185],[-69.367,81.241],[-66.654,81.5],[-67.673,81.593],[-64.373,81.725],[-61.312,82.197],[-61.085,82.331]]],[[[-79.978,56.202],[-79.744,56.366],[-80.098,56.24],[-79.978,56.202]]],[[[-80.108,59.765],[-80.019,59.772],[-79.882,59.861],[-80.043,59.878],[-80.129,59.828],[-80.108,59.765]]],[[[-66.861,44.727],[-66.721,44.663],[-66.791,44.799],[-66.861,44.727]]],[[[-73.857,45.549],[-73.731,45.557],[-73.585,45.701],[-73.759,45.653],[-73.857,45.549]]],[[[-73.499,45.71],[-73.795,45.467],[-73.541,45.483],[-73.499,45.71]]],[[[-70.843,47.033],[-70.885,47.027],[-71.085,46.906],[-71.031,46.863],[-70.862,46.946],[-70.843,47.033]]],[[[-60.081,45.792],[-60.127,45.87],[-59.862,45.936],[-59.882,46.177],[-60.351,46.312],[-60.782,45.954],[-60.416,45.976],[-60.73,45.714],[-61.103,45.779],[-60.427,46.284],[-60.509,46.369],[-60.311,46.854],[-60.603,47.034],[-61.541,46.041],[-61.335,45.566],[-60.727,45.566],[-60.081,45.792]]],[[[-62.004,46.464],[-63.238,46.407],[-63.639,46.567],[-63.813,46.456],[-63.834,46.612],[-64.093,46.78],[-63.975,46.894],[-64.053,47.022],[-64.417,46.683],[-64.108,46.544],[-64.134,46.416],[-63.628,46.224],[-62.997,46.179],[-62.777,45.964],[-62.456,46.081],[-62.576,46.239],[-62.004,46.464]]],[[[-64.505,47.89],[-64.697,47.821],[-64.594,47.765],[-64.505,47.89]]],[[[-64.319,49.791],[-63.093,49.233],[-62.248,49.068],[-61.661,49.151],[-61.883,49.355],[-62.962,49.741],[-64.133,49.95],[-64.511,49.868],[-64.319,49.791]]],[[[-79.395,52.084],[-79.656,51.988],[-79.336,51.963],[-79.395,52.084]]],[[[-80.759,52.919],[-81.123,53.202],[-81.424,53.229],[-81.883,53.18],[-82.063,53.023],[-80.67,52.742],[-80.759,52.919]]],[[[-78.758,56.168],[-78.663,56.421],[-78.919,56.171],[-78.758,56.168]]],[[[-79.546,56.044],[-79.645,55.897],[-79.469,55.879],[-79.1,56.233],[-79.131,56.544],[-79.235,56.552],[-79.409,56.233],[-79.551,56.266],[-80.026,55.9],[-79.867,55.844],[-79.546,56.044]]],[[[-125.862,49.237],[-125.923,49.197],[-125.801,49.144],[-125.786,49.209],[-125.862,49.237]]],[[[-55.928,53.492],[-55.799,53.394],[-55.767,53.476],[-55.928,53.492]]],[[[-67.558,58.411],[-67.636,58.291],[-67.531,58.297],[-67.558,58.411]]],[[[-64.965,64.31],[-65.076,64.307],[-64.991,64.193],[-64.878,64.23],[-64.965,64.31]]],[[[-81.643,69.414],[-81.897,69.417],[-81.486,69.347],[-81.643,69.414]]],[[[-82.506,69.791],[-82.648,69.826],[-82.816,69.782],[-82.559,69.743],[-82.506,69.791]]]]}},{"type":"Feature","properties":{"name":"Mexico","iso_a2":"MX","iso_a3":"MEX","continent":"North America"},"geometry":{"type":"MultiPolygon","coordinates":[[[[-97.139,25.966],[-97.425,25.855],[-97.68,26.035],[-98.223,26.075],[-99.085,26.408],[-99.462,27.057],[-99.507,27.574],[-100.284,28.297],[-100.669,29.116],[-101.409,29.766],[-102.302,29.889],[-102.683,29.744],[-102.897,29.22],[-103.148,28.985],[-103.301,29.002],[-104.444,29.589],[-104.887,30.552],[-106.517,31.774],[-108.215,31.778],[-108.215,31.327],[-111.006,31.327],[-114.822,32.5],[-114.724,32.713],[-117.125,32.532],[-116.842,31.987],[-116.62,31.858],[-116.676,31.553],[-116.341,31.22],[-116.335,30.956],[-116.068,30.813],[-116.049,30.48],[-115.837,30.347],[-115.698,29.756],[-114.972,29.378],[-114.043,28.458],[-114.125,28.256],[-114.04,28.028],[-114.173,27.827],[-113.953,27.656],[-114.103,27.621],[-114.325,27.875],[-114.499,27.774],[-115.053,27.822],[-115.002,27.716],[-114.506,27.406],[-114.487,27.238],[-113.816,26.949],[-113.637,26.726],[-113.286,26.75],[-113.126,26.938],[-113.212,26.792],[-113.061,26.599],[-112.198,25.995],[-112.063,25.625],[-112.088,24.773],[-110.307,23.541],[-109.954,22.872],[-109.463,23.195],[-109.476,23.56],[-109.68,23.648],[-109.828,24.063],[-109.988,24.046],[-110.233,24.343],[-110.332,24.329],[-110.35,24.115],[-110.682,24.361],[-110.657,24.807],[-111.019,25.515],[-111.307,25.779],[-111.56,26.696],[-111.851,26.88],[-111.736,26.54],[-111.97,27.068],[-112.773,27.864],[-112.902,28.475],[-113.103,28.505],[-113.771,29.408],[-114.533,29.968],[-114.66,30.183],[-114.72,30.941],[-114.889,31.163],[-114.843,31.862],[-114.159,31.495],[-113.876,31.597],[-113.549,31.296],[-113.049,31.157],[-113.08,30.67],[-112.753,30.186],[-112.751,29.924],[-112.378,29.486],[-112.42,29.376],[-112.211,29.253],[-112.151,28.963],[-111.172,27.99],[-110.587,27.837],[-110.627,27.609],[-110.404,27.245],[-109.982,27.115],[-109.768,26.707],[-109.441,26.715],[-109.256,26.498],[-109.44,25.793],[-109.035,25.465],[-108.793,25.536],[-108.003,25.031],[-108.186,24.987],[-107.995,24.648],[-107.519,24.511],[-107.543,24.347],[-107.036,23.981],[-105.8,22.639],[-105.632,21.956],[-105.185,21.443],[-105.234,21.061],[-105.514,20.77],[-105.362,20.763],[-105.244,20.584],[-105.699,20.407],[-105.017,19.369],[-103.98,18.875],[-103.362,18.267],[-102.191,17.916],[-102.037,17.991],[-101.008,17.253],[-99.605,16.683],[-98.777,16.555],[-98.568,16.324],[-97.773,15.98],[-97.266,15.936],[-96.556,15.659],[-94.896,16.212],[-95.064,16.268],[-94.852,16.429],[-94.763,16.294],[-94.581,16.327],[-94.701,16.196],[-94.019,16.031],[-94.414,16.234],[-94.128,16.221],[-92.824,15.173],[-92.246,14.546],[-92.074,15.074],[-92.205,15.29],[-91.752,16.046],[-90.486,16.071],[-90.433,16.173],[-90.395,16.419],[-91.431,17.255],[-90.992,17.252],[-90.991,17.802],[-89.16,17.814],[-89.049,17.999],[-88.88,17.889],[-88.533,18.443],[-88.283,18.491],[-88.036,18.875],[-88.078,18.499],[-87.845,18.262],[-87.496,19.328],[-87.639,19.221],[-87.656,19.373],[-87.423,19.558],[-87.666,19.553],[-87.735,19.684],[-87.497,19.83],[-87.444,20.191],[-86.875,20.855],[-86.742,21.164],[-86.828,21.433],[-87.134,21.62],[-87.238,21.443],[-88.129,21.616],[-89.786,21.285],[-90.332,21.033],[-90.49,20.534],[-90.478,19.922],[-90.709,19.688],[-90.73,19.376],[-91.431,18.88],[-91.285,18.637],[-91.544,18.449],[-91.991,18.539],[-91.867,18.628],[-91.948,18.691],[-92.405,18.671],[-92.856,18.466],[-93.58,18.416],[-94.467,18.144],[-94.808,18.524],[-95.208,18.709],[-95.852,18.717],[-95.977,19.058],[-96.278,19.315],[-96.456,19.869],[-97.15,20.647],[-97.708,21.828],[-97.379,21.554],[-97.432,21.342],[-97.316,21.561],[-97.761,22.096],[-97.889,22.625],[-97.742,22.972],[-97.651,24.516],[-97.139,25.966]]],[[[-110.946,18.8],[-111.001,18.868],[-111.067,18.769],[-110.979,18.717],[-110.946,18.8]]],[[[-106.512,21.597],[-106.534,21.658],[-106.642,21.697],[-106.631,21.601],[-106.545,21.562],[-106.512,21.597]]],[[[-111.753,24.447],[-111.972,24.519],[-111.71,24.318],[-111.753,24.447]]],[[[-110.325,24.516],[-110.385,24.474],[-110.326,24.401],[-110.288,24.47],[-110.325,24.516]]],[[[-110.711,25.095],[-110.713,25.029],[-110.655,24.946],[-110.574,24.888],[-110.593,25.034],[-110.711,25.095]]],[[[-111.081,25.999],[-111.176,26.043],[-111.181,25.903],[-111.081,25.999]]],[[[-115.195,28.341],[-115.334,28.125],[-115.206,28.038],[-115.195,28.341]]],[[[-112.275,28.768],[-112.196,29.021],[-112.282,29.226],[-112.439,29.202],[-112.583,28.875],[-112.275,28.768]]],[[[-113.138,29.065],[-113.183,29.29],[-113.37,29.31],[-113.549,29.533],[-113.589,29.41],[-113.138,29.065]]],[[[-114.786,31.803],[-114.798,31.757],[-114.716,31.695],[-114.669,31.721],[-114.755,31.798],[-114.786,31.803]]],[[[-86.749,20.592],[-86.937,20.547],[-86.995,20.261],[-86.749,20.592]]],[[[-118.251,29.089],[-118.357,29.15],[-118.284,28.893],[-118.251,29.089]]]]}},{"type":"Feature","properties":{"name":"Belize","iso_a2":"BZ","iso_a3":"BLZ","continent":"North America"},"geometry":{"type":"MultiPolygon","coordinates":[[[[-89.16,17.814],[-89.236,15.894],[-88.914,15.894],[-88.306,16.653],[-88.215,16.967],[-88.283,17.58],[-88.108,18.374],[-88.489,18.485],[-88.88,17.889],[-89.049,17.999],[-89.16,17.814]]],[[[-87.913,18.026],[-87.849,18.134],[-87.905,18.153],[-87.913,18.026]]]]}},{"type":"Feature","properties":{"name":"Panama","iso_a2":"PA","iso_a3":"PAN","continent":"North America"},"geometry":{"type":"MultiPolygon","coordinates":[[[[-82.574,9.576],[-82.619,9.487],[-82.829,9.603],[-82.944,9.437],[-82.939,9.06],[-82.719,8.922],[-82.924,8.741],[-82.87,8.438],[-83.053,8.315],[-82.898,8.035],[-82.877,8.219],[-82.659,8.323],[-82.28,8.343],[-82.142,8.16],[-81.711,8.13],[-81.526,7.712],[-81.195,7.639],[-81.183,7.824],[-81.085,7.794],[-80.873,7.213],[-80.018,7.457],[-80.052,7.637],[-80.456,8.036],[-80.47,8.221],[-79.774,8.58],[-79.704,8.863],[-79.387,9.019],[-78.758,8.829],[-78.504,8.634],[-78.388,8.336],[-78.303,8.454],[-78.156,8.394],[-78.306,8.254],[-78.286,8.081],[-78.431,8.077],[-77.896,7.235],[-77.77,7.669],[-77.58,7.528],[-77.201,7.982],[-77.48,8.526],[-77.373,8.665],[-78.025,9.227],[-78.438,9.404],[-79.551,9.629],[-79.909,9.308],[-81.304,8.782],[-81.539,8.813],[-81.762,9.064],[-81.793,8.932],[-82.246,9.014],[-82.35,9.402],[-82.574,9.576]]],[[[-81.664,7.397],[-81.739,7.644],[-81.842,7.431],[-81.664,7.397]]],[[[-78.892,8.458],[-78.97,8.305],[-78.858,8.296],[-78.892,8.458]]]]}},{"type":"Feature","properties":{"name":"Venezuela","iso_a2":"VE","iso_a3":"VEN","continent":"South America"},"geometry":{"type":"MultiPolygon","coordinates":[[[[-60.021,8.558],[-60.985,8.571],[-61.284,8.397],[-61.5,8.534],[-61.209,8.609],[-60.984,9.167],[-60.784,9.339],[-60.862,9.456],[-61.439,9.818],[-61.877,9.824],[-62.196,10.02],[-62.291,9.733],[-62.518,10.184],[-62.831,10.407],[-62.857,10.532],[-62.335,10.53],[-61.962,10.652],[-61.982,10.735],[-64.275,10.651],[-64.249,10.521],[-63.967,10.581],[-63.683,10.48],[-64.143,10.48],[-64.748,10.107],[-65.084,10.048],[-65.897,10.288],[-66.252,10.649],[-68.129,10.488],[-68.287,10.658],[-68.263,10.903],[-68.418,11.179],[-68.863,11.453],[-69.624,11.468],[-70.018,12.199],[-70.206,12.112],[-70.297,11.872],[-70.23,11.628],[-69.849,11.694],[-69.747,11.481],[-70.05,11.521],[-70.18,11.376],[-71.458,10.975],[-71.526,10.545],[-71.042,9.761],[-71.056,9.364],[-71.221,9.179],[-71.686,9.062],[-71.73,9.355],[-71.967,9.498],[-72.124,9.826],[-71.629,10.454],[-71.576,10.721],[-71.96,11.591],[-71.327,11.85],[-71.971,11.662],[-72.257,11.168],[-72.481,11.133],[-72.908,10.453],[-72.978,9.838],[-73.391,9.195],[-73.01,9.295],[-72.936,9.099],[-72.827,9.142],[-72.336,8.104],[-72.488,7.949],[-72.482,7.508],[-72.206,7.382],[-71.994,7.013],[-71.184,6.963],[-70.703,7.1],[-70.158,6.98],[-69.444,6.122],[-69.246,6.081],[-69.061,6.218],[-68.635,6.136],[-67.839,6.308],[-67.476,6.178],[-67.435,5.968],[-67.844,5.297],[-67.865,4.512],[-67.632,3.762],[-67.305,3.426],[-67.823,2.827],[-67.627,2.813],[-67.198,2.402],[-66.875,1.223],[-66.346,0.759],[-65.583,0.978],[-65.56,0.656],[-65.203,0.924],[-65.137,1.127],[-64.731,1.248],[-64.409,1.508],[-64.353,1.366],[-64.081,1.647],[-63.995,1.958],[-63.412,2.149],[-63.373,2.267],[-63.385,2.421],[-64.048,2.471],[-63.998,2.706],[-64.223,3.124],[-64.203,3.595],[-64.813,4.253],[-64.59,4.119],[-64.241,4.142],[-63.996,3.881],[-63.286,3.921],[-62.889,3.561],[-62.75,3.66],[-62.766,4.021],[-62.463,4.175],[-62.193,4.095],[-61.542,4.263],[-61.297,4.524],[-61.012,4.518],[-60.613,4.901],[-60.664,5.17],[-61.38,5.905],[-61.122,6.187],[-61.13,6.716],[-60.721,6.76],[-60.313,7.04],[-60.372,7.172],[-60.643,7.221],[-60.731,7.525],[-60.503,7.821],[-59.848,8.228],[-60.021,8.558]]],[[[-61.016,8.61],[-61.098,8.603],[-61.148,8.544],[-61.228,8.572],[-61.27,8.515],[-61.042,8.519],[-61.016,8.61]]],[[[-60.92,9.029],[-61.017,8.88],[-60.851,8.971],[-60.92,9.029]]],[[[-65.228,10.954],[-65.306,10.977],[-65.412,10.925],[-65.245,10.885],[-65.228,10.954]]],[[[-63.847,11.135],[-64.049,10.991],[-64.198,11.088],[-64.409,10.968],[-63.898,10.885],[-63.847,11.135]]],[[[-61.39,8.581],[-61.434,8.514],[-61.303,8.515],[-61.315,8.571],[-61.39,8.581]]],[[[-60.745,8.719],[-60.808,8.633],[-60.618,8.637],[-60.745,8.719]]],[[[-60.951,8.828],[-61.177,8.604],[-60.847,8.638],[-60.686,8.789],[-60.951,8.828]]],[[[-62.665,10.366],[-62.777,10.493],[-62.793,10.448],[-62.71,10.372],[-62.665,10.366]]]]}},{"type":"Feature","properties":{"name":"Papua New Guinea","iso_a2":"PG","iso_a3":"PNG","continent":"Oceania"},"geometry":{"type":"MultiPolygon","coordinates":[[[[140.975,-2.6],[140.977,-6.335],[140.849,-6.703],[140.977,-6.897],[140.977,-9.106],[141.115,-9.218],[142.223,-9.161],[142.653,-9.33],[143.406,-8.962],[143.262,-8.592],[142.769,-8.33],[143.592,-8.242],[143.548,-8.032],[143.898,-8.028],[143.76,-7.583],[144.215,-7.796],[144.355,-7.687],[144.45,-7.754],[144.431,-7.612],[144.7,-7.617],[144.88,-7.782],[145.773,-7.927],[146.103,-8.1],[146.627,-9.023],[146.915,-9.124],[147.053,-9.46],[147.31,-9.539],[147.621,-9.989],[147.977,-10.166],[148.704,-10.146],[149.748,-10.338],[150.211,-10.701],[150.693,-10.557],[150.347,-10.365],[150.689,-10.325],[150.588,-10.245],[149.94,-10.062],[149.725,-9.848],[150.056,-9.715],[150.012,-9.642],[149.227,-9.487],[149.318,-9.023],[148.559,-9.032],[148.437,-8.666],[148.238,-8.569],[148.114,-8.055],[147.727,-7.932],[147.162,-7.391],[146.977,-6.74],[147.854,-6.691],[147.827,-6.335],[147.449,-5.962],[147.042,-5.939],[146.461,-5.599],[145.76,-5.477],[145.778,-4.814],[145.346,-4.39],[145.051,-4.342],[144.868,-4.099],[144.551,-3.968],[144.513,-3.818],[143.996,-3.793],[143.478,-3.421],[142.502,-3.196],[140.975,-2.6]]],[[[153.762,-11.586],[153.192,-11.362],[153.436,-11.578],[153.762,-11.586]]],[[[154.282,-11.348],[154.216,-11.311],[154.091,-11.321],[154.03,-11.361],[154.096,-11.429],[154.302,-11.386],[154.282,-11.348]]],[[[152.808,-10.632],[152.685,-10.66],[152.754,-10.708],[152.839,-10.691],[152.808,-10.632]]],[[[151.177,-9.955],[151.128,-10.042],[150.917,-9.83],[150.882,-9.903],[150.958,-10.105],[151.212,-10.187],[151.301,-9.968],[151.177,-9.955]]],[[[150.801,-9.652],[150.931,-9.652],[150.76,-9.399],[150.432,-9.365],[150.549,-9.623],[150.801,-9.652]]],[[[150.369,-9.372],[150.215,-9.206],[150.108,-9.361],[150.335,-9.471],[150.369,-9.372]]],[[[152.996,-9.141],[152.599,-8.989],[152.812,-9.255],[152.996,-9.141]]],[[[151.113,-8.769],[151.122,-8.426],[150.999,-8.518],[151.122,-8.583],[151.113,-8.769]]],[[[143.608,-8.638],[143.475,-8.525],[143.271,-8.469],[143.412,-8.596],[143.606,-8.689],[143.608,-8.638]]],[[[143.379,-8.426],[143.612,-8.462],[143.574,-8.374],[143.379,-8.426]]],[[[148.049,-5.606],[147.782,-5.495],[148.025,-5.842],[148.049,-5.606]]],[[[155.933,-6.641],[155.813,-6.365],[155.204,-5.854],[155.069,-5.552],[154.733,-5.427],[154.756,-5.948],[155.182,-6.292],[155.187,-6.554],[155.361,-6.746],[155.718,-6.873],[155.968,-6.727],[155.933,-6.641]]],[[[147.21,-5.27],[147.134,-5.191],[147.01,-5.335],[147.127,-5.443],[147.21,-5.27]]],[[[154.727,-5.211],[154.624,-5.013],[154.542,-5.103],[154.632,-5.459],[154.727,-5.211]]],[[[145.997,-4.534],[145.939,-4.761],[146.045,-4.701],[145.997,-4.534]]],[[[152.418,-4.345],[152.137,-4.205],[151.965,-4.331],[151.54,-4.177],[151.66,-4.933],[151.253,-4.993],[150.876,-5.493],[150.142,-5.534],[150.062,-5.181],[150.157,-5.02],[150.035,-5.034],[149.873,-5.528],[149.224,-5.599],[148.978,-5.465],[148.556,-5.54],[148.43,-5.445],[148.325,-5.646],[149.142,-6.144],[149.464,-6.103],[149.629,-6.299],[150.465,-6.274],[150.828,-6.014],[151.209,-5.943],[151.479,-5.53],[151.786,-5.585],[152.099,-5.456],[151.969,-5.005],[152.292,-4.935],[152.418,-4.345]]],[[[152.651,-3.115],[152.575,-3.04],[152.544,-3.131],[152.634,-3.22],[152.651,-3.115]]],[[[152.013,-2.807],[151.913,-2.705],[151.916,-2.844],[152.013,-2.807]]],[[[153.137,-4.269],[152.053,-3.247],[151.022,-2.699],[150.795,-2.729],[152.289,-3.57],[152.688,-4.164],[152.671,-4.452],[152.874,-4.789],[153.075,-4.602],[153.137,-4.269]]],[[[150.465,-2.532],[150.208,-2.375],[149.995,-2.466],[150.187,-2.679],[150.451,-2.658],[150.465,-2.532]]],[[[147.433,-1.984],[146.652,-1.964],[146.521,-2.139],[147.217,-2.183],[147.433,-1.984]]],[[[149.735,-1.474],[149.572,-1.359],[149.667,-1.576],[149.784,-1.56],[149.735,-1.474]]]]}},{"type":"Feature","properties":{"name":"Egypt","iso_a2":"EG","iso_a3":"EGY","continent":"Africa"},"geometry":{"type":"Polygon","coordinates":[[[34.248,31.211],[34.2,31.314],[33.188,31.062],[33.099,31.19],[32.731,31.039],[32.301,31.281],[32.248,31.107],[32.057,31.08],[31.79,31.344],[31.838,31.525],[31.524,31.45],[31.097,31.608],[30.909,31.424],[30.362,31.509],[30.268,31.257],[30.042,31.321],[29.503,30.957],[29.028,30.827],[26.966,31.45],[25.967,31.617],[25.402,31.503],[25.191,31.532],[25.151,31.657],[25.06,31.579],[24.861,31.38],[24.995,30.785],[24.688,30.144],[24.981,29.181],[24.981,21.995],[31.248,21.994],[31.404,22.224],[31.436,21.995],[36.884,21.996],[36.275,22.592],[35.695,22.932],[35.475,23.798],[35.514,23.977],[35.718,23.993],[35.236,24.4],[33.941,26.654],[34.004,26.849],[33.52,27.636],[33.576,27.851],[32.869,28.579],[32.626,28.973],[32.592,29.35],[32.338,29.6],[32.563,29.972],[32.742,29.456],[33.145,29.032],[33.229,28.569],[34.079,27.801],[34.321,27.861],[34.737,29.305],[34.887,29.49],[34.248,31.211]]]}},{"type":"Feature","properties":{"name":"Yemen","iso_a2":"YE","iso_a3":"YEM","continent":"Asia"},"geometry":{"type":"MultiPolygon","coordinates":[[[[51.979,18.996],[49.036,18.58],[48.162,18.149],[47.428,17.092],[47.129,16.943],[46.97,16.957],[46.71,17.275],[45.43,17.312],[45.165,17.428],[43.751,17.346],[43.503,17.514],[43.303,17.459],[43.118,17.086],[43.163,16.662],[42.79,16.371],[42.82,15.875],[42.699,15.717],[42.803,15.245],[42.672,15.24],[42.937,14.949],[43.096,14.084],[43.281,13.722],[43.226,13.284],[43.462,12.693],[43.68,12.735],[43.946,12.598],[44.611,12.82],[44.868,12.732],[45.666,13.342],[46.701,13.43],[47.398,13.655],[48.017,14.057],[48.189,13.969],[48.682,14.044],[49.078,14.506],[49.372,14.65],[51.368,15.23],[52.228,15.616],[52.156,15.984],[52.293,16.264],[53.09,16.642],[51.979,18.996]]],[[[54.471,12.544],[54.119,12.701],[53.846,12.599],[53.5,12.712],[53.334,12.516],[53.776,12.305],[54.471,12.544]]],[[[42.76,14.065],[42.701,13.988],[42.768,13.949],[42.802,14.012],[42.76,14.065]]],[[[42.636,15.446],[42.559,15.393],[42.546,15.294],[42.614,15.308],[42.636,15.446]]]]}},{"type":"Feature","properties":{"name":"Mauritania","iso_a2":"MR","iso_a3":"MRT","continent":"Africa"},"geometry":{"type":"MultiPolygon","coordinates":[[[[-8.682,27.285],[-8.707,25.995],[-12.015,25.995],[-12.015,23.495],[-12.619,23.271],[-13.12,22.884],[-13.015,21.333],[-16.959,21.333],[-17.057,20.767],[-16.931,21.152],[-16.665,20.671],[-16.552,20.576],[-16.481,20.675],[-16.2,20.215],[-16.234,19.794],[-16.385,19.574],[-16.285,19.529],[-16.475,19.271],[-16.205,18.983],[-16.024,17.96],[-16.459,16.644],[-16.542,15.809],[-16.251,16.528],[-15.672,16.481],[-14.974,16.691],[-14.407,16.661],[-13.811,16.122],[-13.485,16.155],[-13.238,15.623],[-12.964,15.509],[-12.857,15.222],[-12.264,14.775],[-11.837,14.893],[-11.727,15.541],[-11.515,15.644],[-10.915,15.103],[-10.736,15.423],[-9.424,15.441],[-9.376,15.686],[-9.349,15.496],[-5.511,15.496],[-5.353,16.312],[-5.623,16.528],[-6.593,24.994],[-4.822,24.995],[-8.682,27.285]]],[[[-16.378,19.814],[-16.464,19.685],[-16.432,19.601],[-16.367,19.721],[-16.378,19.814]]]]}},{"type":"Feature","properties":{"name":"Kenya","iso_a2":"KE","iso_a3":"KEN","continent":"Africa"},"geometry":{"type":"MultiPolygon","coordinates":[[[[33.977,4.22],[34.086,3.895],[34.44,3.668],[34.434,3.182],[34.876,2.591],[35.001,1.928],[34.798,1.232],[34.508,1.103],[33.894,0.11],[33.904,-1.003],[37.645,-3.046],[37.7,-3.314],[37.599,-3.513],[39.191,-4.677],[39.363,-4.634],[40.129,-3.252],[40.244,-2.657],[40.616,-2.552],[40.829,-2.375],[40.904,-2.08],[41.304,-1.956],[41.535,-1.696],[40.98,-0.871],[40.965,2.814],[41.885,3.977],[41.115,3.962],[40.764,4.285],[39.849,3.867],[39.536,3.405],[38.102,3.613],[37.016,4.371],[36.041,4.444],[35.921,4.619],[34.381,4.62],[33.977,4.22]]],[[[41.054,-2.05],[41.051,-2.129],[41.155,-2.112],[41.143,-2.059],[41.054,-2.05]]]]}},{"type":"Feature","properties":{"name":"Equatorial Guinea","iso_a2":"GQ","iso_a3":"GNQ","continent":"Africa"},"geometry":{"type":"MultiPolygon","coordinates":[[[[9.8,2.342],[9.799,1.901],[9.405,1.106],[9.755,1.106],[9.909,0.935],[11.336,0.999],[11.322,2.166],[9.991,2.166],[9.8,2.342]]],[[[8.923,3.751],[8.702,3.761],[8.45,3.273],[8.696,3.209],[8.923,3.751]]]]}},{"type":"Feature","properties":{"name":"Gambia","iso_a2":"GM","iso_a3":"GMB","continent":"Africa"},"geometry":{"type":"Polygon","coordinates":[[[-16.754,13.065],[-16.673,13.164],[-15.833,13.157],[-15.823,13.319],[-15.277,13.38],[-15.138,13.59],[-14.395,13.243],[-13.819,13.429],[-13.967,13.576],[-14.39,13.466],[-14.585,13.661],[-14.729,13.619],[-15.098,13.82],[-15.394,13.772],[-15.518,13.583],[-16.561,13.587],[-16.522,13.359],[-16.258,13.325],[-16.546,13.29],[-16.679,13.496],[-16.83,13.339],[-16.754,13.065]]]}},{"type":"Feature","properties":{"name":"Hong Kong S.A.R.","iso_a2":"HK","iso_a3":"HKG","continent":"Asia"},"geometry":{"type":"MultiPolygon","coordinates":[[[[114.23,22.556],[113.914,22.376],[114.278,22.271],[114.338,22.446],[114.23,22.556]]],[[[113.846,22.197],[114.019,22.265],[114.013,22.311],[113.851,22.257],[113.846,22.197]]]]}},{"type":"Feature","properties":{"name":"Vatican","iso_a2":"VA","iso_a3":"VAT","continent":"Europe"},"geometry":{"type":"Polygon","coordinates":[[[12.453,41.903],[12.454,41.903],[12.454,41.904],[12.453,41.904],[12.453,41.903]]]}},{"type":"Feature","properties":{"name":"Akrotiri Sovereign Base Area","iso_a2":"-99","iso_a3":"-99","continent":"Asia"},"geometry":{"type":"Polygon","coordinates":[[[33.016,34.634],[32.988,34.673],[32.885,34.667],[32.832,34.701],[32.761,34.653],[32.914,34.657],[32.941,34.569],[33.03,34.569],[33.016,34.634]]]}},{"type":"Feature","properties":{"name":"Bir Tawil","iso_a2":"-99","iso_a3":"-99","continent":"Africa"},"geometry":{"type":"Polygon","coordinates":[[[33.181,21.995],[33.558,21.711],[33.999,21.767],[34.084,21.996],[33.181,21.995]]]}},{"type":"Feature","properties":{"name":"Antarctica","iso_a2":"AQ","iso_a3":"ATA","continent":"Antarctica"},"geometry":{"type":"MultiPolygon","coordinates":[[[[-51.731,-82.063],[-53.225,-82.125],[-55.927,-82.483],[-59.47,-83.46],[-61.005,-83.424],[-61.625,-83.312],[-61.04,-83.12],[-60.978,-82.975],[-61.932,-82.972],[-62.795,-82.52],[-60.506,-82.215],[-65.073,-82.406],[-66.062,-82.195],[-65.701,-81.969],[-65.803,-81.888],[-63.577,-81.872],[-63.479,-81.78],[-65.692,-81.71],[-62.207,-81.693],[-62.189,-81.599],[-65.174,-81.512],[-68.372,-81.11],[-68.088,-81.051],[-68.68,-80.961],[-69.976,-80.976],[-70.397,-80.823],[-70.434,-80.657],[-71.126,-80.603],[-72.557,-80.799],[-72.769,-80.969],[-74.047,-80.804],[-75.554,-80.891],[-75.725,-80.818],[-75.192,-80.771],[-75.712,-80.638],[-75.424,-80.542],[-76.115,-80.282],[-76.274,-80.081],[-77.666,-80.182],[-79.687,-79.983],[-76.632,-79.939],[-76.098,-79.734],[-75.925,-79.52],[-76.066,-79.435],[-76.533,-79.313],[-80.429,-79.258],[-80.545,-79.414],[-80.401,-79.489],[-80.492,-79.578],[-81.117,-79.47],[-81.319,-79.298],[-81.106,-79.203],[-83.253,-78.773],[-83.886,-78.419],[-83.681,-78.327],[-83.021,-78.428],[-83.591,-78.226],[-83.678,-78.011],[-82.487,-78.466],[-80.295,-78.847],[-77.754,-78.736],[-77.361,-78.624],[-77.412,-78.42],[-81.616,-77.862],[-80.657,-77.725],[-75.108,-78.19],[-73.627,-78.025],[-72.722,-77.576],[-75.08,-77.437],[-75.527,-77.541],[-77.524,-76.73],[-77.509,-76.556],[-71.709,-76.763],[-70.014,-76.694],[-70.119,-76.589],[-69.978,-76.535],[-70.181,-76.451],[-66.219,-76.011],[-63.162,-75.409],[-63.084,-75.352],[-64.434,-75.318],[-63.041,-75.147],[-63.344,-75.007],[-64.021,-74.979],[-63.062,-74.892],[-63.293,-74.72],[-63.119,-74.652],[-62.673,-74.703],[-62.467,-74.998],[-61.873,-74.851],[-61.782,-74.722],[-62.334,-74.458],[-61.068,-74.52],[-60.682,-74.325],[-61.888,-74.278],[-61.055,-74.103],[-61.791,-73.907],[-61.031,-73.965],[-60.735,-73.716],[-60.903,-73.646],[-60.799,-73.578],[-61.919,-73.409],[-61.568,-73.353],[-62.065,-73.13],[-60.703,-73.391],[-60.639,-73.224],[-60.094,-73.299],[-59.904,-72.993],[-60.107,-72.888],[-60.357,-73.052],[-60.622,-72.942],[-60.52,-72.683],[-61.042,-72.702],[-61.366,-72.466],[-60.643,-72.43],[-60.662,-72.256],[-60.938,-72.158],[-60.654,-72.042],[-62.349,-72.098],[-62.112,-72.009],[-62.441,-71.92],[-61.092,-71.871],[-60.772,-71.76],[-61.119,-71.539],[-61.557,-71.691],[-62.068,-71.674],[-61.129,-71.415],[-60.935,-71.182],[-61.334,-71.04],[-61.262,-70.894],[-62.004,-70.921],[-62.006,-70.793],[-61.354,-70.561],[-62.09,-70.548],[-62.38,-70.414],[-62.436,-70.305],[-62.259,-70.218],[-61.869,-70.208],[-62.53,-69.864],[-62.397,-69.515],[-62.962,-69.379],[-63.173,-69.162],[-63.435,-69.158],[-63.321,-69.05],[-63.867,-69.007],[-63.212,-68.839],[-63.813,-68.718],[-63.742,-68.572],[-62.872,-68.421],[-63.906,-68.489],[-64.128,-68.545],[-64.136,-68.77],[-64.359,-68.784],[-65.338,-68.563],[-64.976,-68.408],[-65.481,-68.308],[-64.756,-68.108],[-65.761,-68.166],[-65.38,-68.012],[-65.673,-67.888],[-65.338,-67.658],[-65.589,-67.554],[-65.501,-67.462],[-65.616,-67.369],[-64.749,-67.307],[-65.008,-67.237],[-64.853,-67.17],[-64.966,-67.034],[-64.624,-66.772],[-64.368,-66.911],[-63.72,-66.862],[-64.091,-66.688],[-63.797,-66.588],[-63.912,-66.503],[-63.846,-66.424],[-63.583,-66.394],[-63.756,-66.215],[-63.235,-66.239],[-62.666,-66.719],[-62.534,-66.718],[-62.52,-66.594],[-62.69,-66.51],[-62.514,-66.478],[-62.761,-66.316],[-62.668,-66.227],[-61.956,-66.208],[-61.718,-66.472],[-61.731,-66.2],[-61.501,-66.232],[-61.492,-66.129],[-60.971,-66.326],[-60.876,-66.188],[-61.004,-66.073],[-60.698,-66.116],[-60.577,-65.94],[-61.018,-65.924],[-61.014,-66.034],[-61.245,-65.913],[-61.339,-66.088],[-61.578,-66.023],[-61.712,-66.14],[-62.372,-65.916],[-61.957,-65.565],[-62.198,-65.305],[-61.932,-65.193],[-61.628,-65.241],[-61.556,-65.158],[-61.739,-65.088],[-61.729,-64.969],[-61.052,-65.011],[-59.957,-64.387],[-59.754,-64.436],[-59.769,-64.567],[-59.555,-64.563],[-59.662,-64.391],[-59.418,-64.331],[-58.816,-64.543],[-58.762,-64.459],[-58.933,-64.381],[-58.77,-64.282],[-59.089,-64.256],[-58.82,-64.219],[-58.733,-64.031],[-58.292,-63.754],[-57.482,-63.565],[-57.445,-63.444],[-57.127,-63.503],[-57.096,-63.652],[-56.776,-63.563],[-57.287,-63.215],[-58.898,-63.54],[-58.921,-63.651],[-59.369,-63.723],[-59.489,-63.879],[-59.911,-63.848],[-59.954,-63.947],[-60.877,-64.047],[-61.113,-64.381],[-61.583,-64.443],[-61.491,-64.615],[-61.916,-64.575],[-62.142,-64.785],[-62.369,-64.749],[-62.47,-64.593],[-62.674,-64.777],[-62.407,-64.877],[-62.74,-64.823],[-63.234,-64.965],[-62.992,-65.125],[-63.084,-65.166],[-63.827,-65.03],[-64.11,-65.268],[-63.984,-65.37],[-64.06,-65.429],[-63.682,-65.524],[-64.479,-65.631],[-64.335,-65.717],[-64.396,-65.809],[-64.671,-65.753],[-64.496,-65.939],[-64.584,-66.033],[-65.26,-65.957],[-65.332,-66.021],[-65.091,-66.15],[-65.705,-66.15],[-65.643,-66.377],[-65.762,-66.61],[-65.646,-66.653],[-65.8,-66.716],[-66.512,-66.63],[-66.552,-66.811],[-66.441,-66.846],[-66.614,-67.038],[-66.451,-67.308],[-66.694,-67.194],[-66.981,-67.276],[-66.917,-66.957],[-67.445,-67.047],[-67.661,-67.483],[-66.632,-67.544],[-67.016,-67.741],[-66.797,-67.8],[-66.874,-67.918],[-67.269,-67.969],[-66.946,-68.223],[-66.625,-68.247],[-67.108,-68.278],[-66.959,-68.367],[-67.148,-68.557],[-66.959,-68.748],[-67.456,-68.866],[-66.759,-69.071],[-67.01,-69.262],[-67.253,-69.273],[-67.418,-69.506],[-68.316,-69.289],[-68.289,-69.393],[-68.825,-69.431],[-68.362,-69.683],[-68.484,-70.053],[-67.949,-70.312],[-67.643,-70.855],[-67.411,-70.993],[-67.623,-71.433],[-66.748,-72.092],[-67.511,-72.834],[-69.337,-73.18],[-73.073,-73.444],[-74.105,-73.716],[-75.268,-73.621],[-77.02,-73.871],[-77.242,-73.812],[-76.699,-73.547],[-77.531,-73.467],[-78.872,-73.583],[-78.744,-73.365],[-79.647,-73.039],[-80.378,-72.95],[-80.651,-73.084],[-80.437,-73.188],[-80.394,-73.414],[-80.81,-73.263],[-81.311,-73.273],[-81.328,-73.48],[-81.115,-73.569],[-81.234,-73.73],[-82.065,-73.887],[-83.882,-73.667],[-83.752,-73.56],[-85.101,-73.487],[-85.543,-73.372],[-85.679,-73.177],[-86.946,-73.384],[-87.505,-73.201],[-88.444,-73.264],[-88.714,-73.12],[-88.109,-72.843],[-88.223,-72.712],[-89.348,-72.634],[-89.11,-72.764],[-89.088,-72.96],[-89.284,-73.107],[-91.077,-73.337],[-92.801,-73.143],[-94.336,-73.321],[-95.194,-73.209],[-95.843,-73.331],[-97.419,-73.125],[-97.981,-73.169],[-97.717,-73.025],[-101.96,-73.056],[-102.554,-72.963],[-102.094,-72.772],[-103.041,-72.708],[-103.43,-72.849],[-103.261,-73.007],[-103.288,-73.159],[-102.874,-73.308],[-99.768,-73.364],[-99.485,-73.547],[-98.891,-73.588],[-100.632,-73.782],[-102.89,-73.585],[-102.987,-73.675],[-102.789,-73.749],[-102.923,-73.857],[-102.733,-73.937],[-101.589,-74],[-101.307,-74.307],[-101.396,-74.503],[-99.816,-74.538],[-100.11,-74.716],[-99.919,-74.77],[-100.522,-74.891],[-99.324,-74.963],[-99.38,-75.113],[-98.43,-75.218],[-101.113,-75.432],[-101.657,-75.305],[-101.564,-75.147],[-101.761,-75.083],[-104.836,-75.107],[-106.525,-75.373],[-109.693,-75.146],[-111.481,-75.196],[-111.527,-75.108],[-110.294,-74.782],[-110.321,-74.666],[-110.103,-74.549],[-110.449,-74.271],[-111.65,-74.175],[-111.887,-74.229],[-111.697,-74.423],[-111.917,-74.618],[-111.543,-74.801],[-114.106,-75.069],[-114.27,-75.004],[-113.826,-74.73],[-114.326,-74.682],[-113.225,-74.402],[-113.801,-74.452],[-113.685,-74.297],[-113.883,-74.237],[-113.44,-74.1],[-114.188,-74.077],[-113.952,-73.915],[-114.21,-73.863],[-115.125,-74.095],[-114.838,-74.471],[-117.341,-74.547],[-118.124,-74.313],[-119.138,-74.503],[-118.647,-74.509],[-118.867,-74.602],[-120.829,-74.74],[-124.051,-74.811],[-124.366,-74.707],[-127.245,-74.68],[-129.975,-74.913],[-132.093,-74.763],[-133.865,-74.928],[-134.586,-74.736],[-134.519,-74.643],[-135.342,-74.56],[-135.702,-74.747],[-136.225,-74.701],[-136.885,-74.828],[-136.878,-75.038],[-136.346,-75.178],[-137.742,-75.061],[-139.567,-75.148],[-140.277,-75.433],[-141.23,-75.492],[-141.238,-75.599],[-140.837,-75.683],[-140.913,-75.762],[-141.527,-75.767],[-141.861,-75.521],[-142.467,-75.432],[-142.679,-75.562],[-144.308,-75.642],[-144.16,-75.804],[-146.209,-75.915],[-146.5,-76.087],[-145.355,-76.434],[-146.251,-76.424],[-148.197,-76.087],[-148.69,-76.191],[-148.54,-76.228],[-149.483,-76.293],[-149.66,-76.338],[-149.64,-76.43],[-147.082,-76.433],[-146.11,-76.709],[-145.534,-76.738],[-145.945,-76.83],[-145.592,-76.917],[-145.536,-77.055],[-146.319,-76.99],[-145.275,-77.221],[-145.964,-77.254],[-145.407,-77.479],[-146.025,-77.519],[-146.397,-77.495],[-146.89,-77.256],[-147.701,-77.409],[-147.847,-77.264],[-148.513,-77.108],[-148.867,-77.137],[-149.021,-77.338],[-147.758,-77.462],[-148.801,-77.584],[-148.674,-77.675],[-148.957,-77.707],[-149.498,-77.609],[-149.591,-77.649],[-149.245,-77.757],[-149.975,-77.816],[-151.515,-77.416],[-152.485,-77.319],[-152.575,-77.502],[-153.455,-77.398],[-153.317,-77.338],[-153.534,-77.254],[-155.865,-77.06],[-156.59,-77.112],[-156.811,-77.191],[-156.467,-77.261],[-157.083,-77.351],[-157.925,-77.056],[-158.22,-77.074],[-158.312,-77.132],[-158.177,-77.206],[-158.325,-77.296],[-158.14,-77.428],[-158.286,-77.514],[-158.118,-77.556],[-158.637,-77.864],[-158.344,-77.974],[-157.2,-78.253],[-155.12,-78.257],[-154.568,-78.134],[-154.137,-78.248],[-154.291,-78.389],[-156.053,-78.494],[-156.528,-78.664],[-154.97,-79.035],[-152.234,-79.111],[-151.975,-79.17],[-152.414,-79.264],[-147.946,-79.787],[-148.044,-79.89],[-148.519,-79.887],[-148.455,-80.024],[-148.834,-80.131],[-150.37,-80.075],[-150.134,-80.186],[-150.609,-80.27],[-149.968,-80.394],[-150.422,-80.43],[-150.236,-80.528],[-149.019,-80.591],[-149.462,-80.719],[-148.407,-80.746],[-147.628,-80.92],[-156.45,-81.149],[-157.064,-81.256],[-157.057,-81.351],[-153.79,-81.691],[-153.83,-81.792],[-154.804,-81.966],[-152.897,-82.374],[-152.543,-82.548],[-155.059,-82.802],[-155.592,-83.046],[-158.497,-83.118],[-156.918,-83.23],[-159.102,-83.533],[-162.169,-83.525],[-162.87,-83.321],[-164.617,-83.507],[-164.983,-83.34],[-164.854,-83.25],[-165.086,-83.202],[-169.735,-83.244],[-170.719,-83.197],[-171.408,-82.954],[-174.337,-82.812],[-168.583,-83.53],[-168.634,-83.605],[-168.054,-83.754],[-165.421,-83.767],[-163.994,-83.939],[-163.703,-84.05],[-165.154,-84.138],[-163.001,-84.363],[-165.41,-84.364],[-165.131,-84.42],[-155.643,-84.828],[-157.581,-84.883],[-155.504,-85.126],[-156.008,-85.222],[-162.849,-84.883],[-168.019,-84.781],[-168.255,-84.648],[-175.178,-84.415],[-175.999,-84.487],[-178.298,-84.308],[-180,-84.353],[-180,-90],[180,-90],[180,-84.353],[179.355,-84.197],[174.974,-83.83],[173.291,-83.856],[173.68,-83.791],[171.915,-83.688],[171.96,-83.62],[171.193,-83.446],[168.661,-83.397],[167.749,-83.255],[168.869,-83.146],[168.593,-82.999],[167.424,-83.026],[167.307,-82.817],[165.373,-82.606],[165.559,-82.493],[164.673,-82.339],[163.319,-82.483],[160.858,-82.501],[160.64,-82.423],[163.839,-82.231],[162.845,-81.915],[163.102,-81.874],[162.39,-81.798],[162.62,-81.754],[162.479,-81.689],[161.012,-81.549],[161.471,-81.49],[160.132,-81.204],[160.919,-81.27],[160.759,-81.158],[160.825,-81.098],[160.547,-81.007],[160.908,-80.993],[160.876,-80.915],[159.75,-80.829],[161.009,-80.759],[161.201,-80.648],[159.878,-80.65],[160.612,-80.547],[160.752,-80.38],[158.207,-80.406],[161.383,-79.947],[159.524,-79.875],[160.762,-79.651],[159.876,-79.662],[160.711,-79.419],[160.387,-79.168],[160.695,-79.037],[161.13,-79.049],[161.207,-78.943],[162.065,-79.069],[161.521,-78.795],[161.362,-78.578],[161.507,-78.516],[161.875,-78.523],[161.761,-78.61],[162.48,-78.892],[164.41,-78.604],[166.09,-78.567],[166.547,-78.712],[167.068,-78.707],[167.216,-78.601],[165.787,-78.421],[165.685,-78.261],[165.337,-78.199],[165.581,-78.136],[165.416,-78.025],[165.097,-78.254],[163.883,-78.221],[164.401,-78.086],[164.534,-77.987],[164.501,-77.854],[163.879,-77.859],[164.243,-77.782],[163.557,-77.72],[163.719,-77.615],[163.505,-77.569],[163.801,-77.528],[163.716,-77.397],[163.07,-77.019],[162.469,-77.015],[162.626,-76.825],[162.9,-76.841],[162.931,-76.707],[162.423,-76.639],[162.884,-76.439],[162.739,-76.359],[162.773,-76.244],[162.116,-76.17],[162.736,-76.074],[162.9,-75.823],[162.201,-75.638],[162.307,-75.529],[162.191,-75.388],[160.639,-75.398],[161.776,-75.189],[162.544,-75.24],[162.786,-74.99],[162.455,-74.882],[162.592,-74.75],[163.012,-74.701],[163.271,-74.542],[163.182,-74.447],[163.47,-74.342],[163.787,-74.624],[164.318,-74.503],[165.239,-74.547],[165.288,-74.465],[164.86,-74.209],[164.788,-74.022],[164.593,-74.019],[164.592,-73.927],[164.953,-73.891],[164.715,-73.782],[164.906,-73.657],[164.894,-73.483],[164.539,-73.417],[164.559,-73.324],[165.032,-73.411],[165.231,-73.593],[165.261,-73.893],[165.652,-73.914],[165.67,-73.797],[166.294,-73.726],[165.874,-73.566],[167.033,-73.566],[167.363,-73.394],[167.929,-73.359],[166.872,-73.221],[166.706,-73.121],[166.767,-73.065],[166.549,-73.028],[166.617,-72.973],[167.171,-73.153],[168.334,-73.165],[168.298,-72.99],[168.394,-72.972],[168.98,-73.264],[169.251,-73.248],[169.22,-73.132],[169.555,-73.091],[169.933,-72.736],[168.316,-72.374],[170.255,-72.603],[170.282,-72.326],[169.867,-72.397],[169.992,-72.291],[169.783,-72.243],[170.016,-72.171],[170.334,-71.801],[170.579,-71.938],[170.946,-71.861],[170.282,-71.299],[170.362,-71.544],[170.076,-71.656],[168.692,-71.19],[167.76,-71.228],[168.101,-71.108],[167.14,-70.996],[167.829,-70.943],[167.701,-70.791],[166.471,-70.766],[166.837,-70.677],[166.37,-70.584],[165.926,-70.684],[164.24,-70.491],[164.043,-70.552],[164.2,-70.639],[164.019,-70.787],[163.871,-70.769],[163.874,-70.642],[162.92,-70.502],[162.595,-70.269],[162.094,-70.314],[161.996,-70.464],[162.038,-70.829],[162.429,-71.032],[162.341,-71.109],[161.99,-70.922],[161.307,-70.86],[161.452,-70.686],[160.637,-70.049],[159.878,-69.99],[159.761,-69.885],[160.335,-69.796],[159.754,-69.502],[159.041,-69.491],[158.794,-69.315],[157.992,-69.172],[157.626,-69.195],[157.519,-69.362],[157.374,-69.355],[157.14,-69.161],[156.35,-69.202],[155.593,-68.947],[155.542,-69.013],[155.757,-69.101],[155.638,-69.134],[155.309,-68.893],[155.011,-68.899],[154.845,-68.728],[154.45,-68.626],[154.769,-68.622],[154.719,-68.528],[153.836,-68.274],[153.708,-68.3],[153.865,-68.494],[153.701,-68.546],[153.845,-68.76],[153.037,-68.876],[151.924,-68.667],[151.615,-68.698],[151.567,-68.917],[151.172,-68.87],[150.971,-68.717],[151.08,-68.574],[151.013,-68.351],[149.785,-68.487],[149.39,-68.384],[148.435,-68.473],[147.038,-68.393],[146.718,-68.303],[147.071,-68.117],[146.558,-68.143],[146.805,-68.001],[146.385,-67.915],[146.538,-67.802],[146.263,-67.835],[146.11,-67.75],[146.191,-67.623],[146.048,-67.587],[145.733,-67.593],[145.579,-67.728],[145.444,-67.515],[145.238,-67.528],[144.249,-67.954],[143.881,-67.934],[143.909,-67.756],[144.192,-67.581],[144.092,-67.451],[144.662,-67.117],[144.513,-67.016],[143.855,-67.094],[143.876,-66.94],[143.471,-66.846],[142.477,-67.026],[141.982,-66.8],[141.26,-66.857],[139.252,-66.567],[138.221,-66.601],[137.732,-66.374],[136.945,-66.328],[136.637,-66.456],[136.16,-66.245],[135.647,-66.278],[135.343,-66.101],[135.179,-66.331],[134.109,-66.505],[134.346,-66.367],[133.792,-66.105],[131.758,-66.243],[130.73,-66.147],[129.722,-66.438],[129.469,-66.717],[129.576,-66.75],[129.385,-66.878],[129.434,-66.967],[129.203,-67.1],[128.764,-67.026],[128.521,-67.146],[128.075,-67.022],[127.432,-67.07],[126.999,-66.933],[127.063,-66.849],[126.968,-66.808],[126.704,-66.846],[126.854,-66.449],[126.116,-66.439],[125.898,-66.306],[125.41,-66.418],[125.148,-66.66],[124.623,-66.756],[124.015,-66.589],[123.516,-66.754],[122.244,-66.845],[121.515,-67.093],[119.022,-67.412],[118.732,-67.279],[120.352,-66.935],[118.666,-67.179],[118.253,-67.148],[118.368,-67.046],[117.731,-67.168],[116.854,-67.123],[116.943,-66.948],[116.359,-67.15],[113.704,-67.5],[114.03,-67.191],[115.387,-67.004],[115.781,-66.788],[115.599,-66.593],[115.114,-66.478],[114.322,-66.509],[114.483,-66.415],[114.321,-66.331],[114.407,-66.236],[113.204,-65.765],[110.927,-66.055],[110.489,-66.309],[110.725,-66.405],[110.657,-66.728],[110.445,-66.658],[109.61,-66.92],[108.833,-66.968],[108.136,-66.625],[107.886,-66.728],[107.779,-66.552],[102.714,-65.861],[101.336,-65.944],[101.169,-66.029],[101.331,-66.084],[100.822,-66.384],[99.469,-66.582],[98.905,-66.783],[98.717,-66.643],[99.007,-66.553],[98.491,-66.604],[98.528,-66.449],[97.741,-66.658],[96.974,-66.508],[95.637,-66.679],[94.917,-66.475],[93.754,-66.744],[93.624,-66.583],[92.76,-66.634],[91.96,-66.498],[91.145,-66.574],[90.372,-66.821],[87.966,-66.77],[85.617,-67.188],[84.414,-67.124],[83.417,-67.428],[83.431,-67.546],[83.656,-67.593],[83.473,-67.658],[82.586,-67.603],[78.747,-68.262],[78.464,-68.502],[78.67,-68.698],[77.986,-68.82],[77.842,-69.13],[77.001,-69.212],[76.828,-69.352],[75.821,-69.525],[75.754,-69.622],[75.883,-69.779],[75.438,-69.937],[74.275,-69.907],[74.317,-69.807],[74.075,-69.713],[73.705,-69.862],[73.249,-69.859],[73.231,-69.979],[72.628,-70.195],[72.87,-70.433],[72.346,-70.675],[71.796,-70.716],[71.727,-70.774],[71.848,-70.845],[71.542,-70.96],[71.342,-71.182],[71.556,-71.216],[71.203,-71.335],[71.18,-71.492],[71.54,-71.61],[71.078,-71.627],[71.121,-71.731],[70.687,-71.832],[70.73,-71.946],[70.53,-72.048],[69.947,-72.081],[69.515,-72.432],[68.494,-72.475],[68.041,-72.624],[67.919,-72.711],[68.117,-72.953],[67.959,-73.147],[67.342,-73.302],[66.346,-73.129],[67,-72.903],[67.332,-72.129],[67.507,-71.993],[67.449,-71.896],[67.882,-71.665],[67.833,-71.538],[68.083,-71.365],[68.67,-71.204],[68.587,-71.149],[69.008,-70.942],[69.248,-70.407],[68.924,-70.305],[68.588,-70.467],[68.077,-70.453],[67.681,-70.273],[67.225,-70.253],[68.123,-69.849],[68.606,-70.027],[68.893,-69.994],[69.155,-69.876],[69.001,-69.704],[69.355,-69.617],[68.733,-69.551],[68.898,-69.455],[68.742,-69.389],[69.706,-69.327],[69.726,-69.17],[69.304,-69.047],[69.858,-68.872],[69.281,-68.831],[69.621,-68.735],[69.663,-68.579],[70.115,-68.494],[69.635,-68.122],[69.683,-67.864],[69.555,-67.738],[68.377,-67.895],[63.651,-67.503],[62.617,-67.66],[61.273,-67.593],[60.234,-67.382],[59.062,-67.508],[58.793,-67.341],[59.044,-67.237],[58.871,-67.165],[58.455,-67.195],[57.563,-66.994],[56.681,-67.074],[56.088,-67.348],[56.154,-67.196],[55.732,-67.264],[56.367,-67.01],[56.194,-66.934],[56.707,-66.9],[56.013,-66.661],[56.208,-66.587],[57.242,-66.719],[57.276,-66.581],[56.808,-66.405],[56.377,-66.453],[55.612,-66.028],[55.183,-65.931],[53.735,-65.846],[51.772,-66.037],[50.322,-66.394],[50.191,-66.586],[50.286,-66.769],[50.762,-66.821],[50.428,-66.963],[50.48,-67.049],[50.896,-67.161],[49.783,-67.218],[49.893,-67.107],[49.793,-67.028],[49.312,-67.046],[49.217,-66.819],[48.361,-67.016],[48.449,-67.182],[49.35,-67.182],[49.175,-67.377],[48.567,-67.495],[48.718,-67.682],[48.383,-68.023],[48.171,-67.889],[48.391,-67.759],[48.168,-67.658],[47.483,-67.794],[47.307,-67.743],[47.635,-67.66],[46.92,-67.506],[47.441,-67.409],[46.48,-67.275],[46.235,-67.449],[46.426,-67.615],[46.371,-67.743],[46.217,-67.653],[44.973,-67.731],[44.618,-67.86],[44.829,-67.966],[42.859,-68.104],[42.547,-68.246],[42.536,-68.38],[39.858,-68.829],[39.707,-69.068],[39.815,-69.28],[39.716,-69.315],[39.845,-69.393],[39.713,-69.587],[39.209,-69.707],[39.193,-69.892],[38.804,-69.988],[39.076,-70.173],[38.94,-70.205],[38.139,-69.881],[38.245,-69.796],[37.786,-69.682],[37.006,-69.88],[36.751,-69.637],[35.244,-69.736],[35.079,-69.671],[35.204,-69.58],[35.105,-69.46],[35.2,-69.294],[34.587,-69.067],[33.771,-69.053],[34.363,-68.725],[33.216,-68.67],[32.499,-68.931],[32.533,-69.119],[32.928,-69.344],[33.002,-69.519],[32.745,-70.013],[29.841,-70.311],[28.452,-70.694],[27.628,-70.741],[27.197,-70.897],[27.275,-70.99],[24.968,-70.945],[24.319,-70.74],[24.409,-70.534],[24.109,-70.409],[23.753,-70.403],[23.323,-70.81],[22.327,-70.759],[21.853,-70.638],[22.579,-70.54],[21.802,-70.236],[21.209,-70.576],[21.201,-70.812],[19.567,-70.946],[18.931,-70.736],[18.915,-70.634],[19.297,-70.368],[18.942,-70.171],[18.316,-70.324],[18.498,-70.502],[18.094,-70.542],[16.505,-70.454],[16.653,-70.186],[16.52,-70.127],[15.963,-70.19],[15.827,-70.378],[13.849,-70.348],[13.292,-70.247],[12.969,-70.046],[12.445,-70.07],[13.018,-70.242],[12.322,-70.37],[11.854,-70.781],[9.979,-70.453],[9.404,-70.104],[9.081,-70.089],[8.888,-70.215],[9.158,-70.36],[8.225,-70.494],[7.93,-70.472],[7.835,-70.164],[7.424,-70.204],[7.657,-70.474],[7.567,-70.524],[2.52,-70.901],[0.232,-71.35],[-0.469,-71.754],[-0.952,-71.624],[-0.813,-71.377],[-1.138,-71.255],[-1.489,-71.459],[-2.131,-71.483],[-2.887,-71.268],[-3.707,-71.457],[-4.387,-71.323],[-6.15,-71.366],[-6.281,-71.311],[-5.567,-70.842],[-6.014,-70.68],[-6.318,-70.708],[-6.618,-70.924],[-7.856,-70.826],[-7.962,-70.873],[-7.892,-70.971],[-7.564,-71.151],[-7.568,-71.335],[-7.776,-71.517],[-7.597,-71.594],[-8.295,-71.626],[-8.429,-71.73],[-8.614,-71.7],[-8.853,-71.421],[-9.127,-71.416],[-8.988,-71.276],[-9.105,-71.185],[-9.834,-71.093],[-10.07,-70.912],[-10.425,-71.019],[-9.989,-71.119],[-10.596,-71.297],[-10.728,-71.389],[-10.6,-71.527],[-10.84,-71.585],[-11.879,-71.26],[-12.381,-71.395],[-11.988,-71.679],[-10.847,-71.781],[-11.032,-72.049],[-11.25,-72.101],[-11.357,-72.396],[-13.519,-72.845],[-14.221,-72.712],[-14.223,-72.828],[-13.895,-72.987],[-14.097,-73.133],[-15.541,-73.077],[-16.544,-73.469],[-16.603,-73.634],[-16.495,-73.714],[-15.93,-73.75],[-16.196,-73.834],[-16.176,-73.939],[-14.697,-73.79],[-14.362,-73.858],[-15.302,-74.221],[-15.195,-74.36],[-17.456,-74.337],[-17.612,-74.402],[-17.623,-74.585],[-17.966,-74.638],[-17.802,-74.776],[-18.873,-75.249],[-18.506,-75.416],[-18.654,-75.482],[-20.399,-75.472],[-21.174,-75.705],[-24.214,-75.756],[-28.859,-76.353],[-30.692,-76.85],[-31.696,-76.977],[-31.915,-77.151],[-32.501,-77.126],[-34.32,-77.466],[-34.711,-77.629],[-34.664,-77.854],[-35.313,-77.844],[-35.581,-78.15],[-36.013,-78.21],[-36.441,-78.611],[-36.251,-78.852],[-34.218,-79.138],[-32.82,-79.244],[-30.297,-79.037],[-29.942,-79.111],[-30.449,-79.217],[-29.541,-79.28],[-30.673,-79.588],[-24.256,-79.715],[-24.262,-79.822],[-22.767,-79.926],[-22.906,-79.983],[-29.761,-80.176],[-29.924,-80.284],[-31.279,-80.297],[-30.506,-80.478],[-32.031,-80.435],[-33.476,-80.615],[-35.358,-80.615],[-35.215,-80.695],[-36.978,-81.052],[-38.755,-80.871],[-41.764,-81.41],[-41.986,-81.62],[-43.19,-81.9],[-43.256,-82.047],[-43.148,-82.114],[-44.011,-82.391],[-45.52,-82.527],[-46.054,-82.555],[-46.689,-82.405],[-46.089,-82.224],[-46.054,-82.083],[-46.279,-81.91],[-51.731,-82.063]]],[[[167.664,-78.127],[167.603,-78.03],[166.796,-78.212],[165.986,-78.11],[166.315,-78.31],[167.664,-78.127]]],[[[163.804,-74.689],[163.688,-74.725],[163.837,-74.834],[164.107,-74.736],[163.804,-74.689]]],[[[164.84,-67.339],[164.633,-67.489],[164.875,-67.515],[164.84,-67.339]]],[[[163.294,-66.838],[163.261,-66.716],[163.083,-66.712],[163.294,-66.838]]],[[[-59.287,-80.21],[-59.776,-80.045],[-59.883,-79.884],[-59.821,-79.769],[-60.403,-79.757],[-61.466,-79.882],[-61.238,-79.985],[-61.806,-80.051],[-61.223,-80.273],[-61.75,-80.368],[-65.918,-80.395],[-66.229,-80.32],[-66.18,-80.208],[-66.805,-80.328],[-64.285,-80.751],[-63.141,-80.592],[-62.958,-80.775],[-62.522,-80.865],[-60.653,-80.96],[-59.819,-80.745],[-59.666,-80.646],[-59.859,-80.595],[-59.757,-80.336],[-59.287,-80.21]]],[[[-66.149,-79.628],[-67.832,-79.579],[-66.933,-79.793],[-66.973,-79.922],[-66.419,-79.96],[-66.395,-80.06],[-65.512,-79.964],[-65.566,-79.813],[-66.272,-79.721],[-66.149,-79.628]]],[[[-32.143,-79.661],[-31.933,-79.563],[-32.455,-79.551],[-32.497,-79.673],[-32.143,-79.661]]],[[[-68.233,-79.286],[-67.514,-79.325],[-68.504,-79.405],[-67.468,-79.506],[-67.258,-79.461],[-67.511,-79.397],[-67.059,-79.261],[-68.233,-79.286]]],[[[-33.916,-79.313],[-35.503,-79.09],[-36.726,-79.298],[-33.916,-79.313]]],[[[-66.734,-78.442],[-66.605,-78.364],[-67.578,-78.372],[-70.593,-78.886],[-71.395,-79.102],[-71.816,-79.479],[-71.444,-79.653],[-69.647,-79.604],[-69.587,-79.52],[-69.801,-79.469],[-69.296,-79.218],[-66.734,-78.442]]],[[[-52.519,-80.2],[-52.288,-80.102],[-53.458,-80.161],[-54.378,-80.577],[-54.408,-80.74],[-54.162,-80.877],[-49.798,-80.791],[-49.719,-80.686],[-43.532,-80.2],[-43.477,-80.095],[-43.856,-79.997],[-43.281,-79.988],[-43.016,-79.85],[-42.936,-79.522],[-43.348,-79.239],[-43.149,-79.179],[-43.739,-78.801],[-45.37,-78.786],[-45.156,-78.662],[-43.963,-78.603],[-43.718,-78.367],[-43.819,-78.248],[-45.934,-77.817],[-47.222,-77.773],[-49.072,-78.042],[-50.43,-78.813],[-50.214,-78.833],[-50.713,-79.282],[-50.46,-79.312],[-50.264,-79.536],[-52.519,-80.2]]],[[[-20.367,-74.425],[-20.693,-74.102],[-20.496,-73.794],[-20.557,-73.621],[-20.814,-73.646],[-21.336,-74.004],[-21.894,-74.042],[-21.122,-74.143],[-20.807,-74.475],[-20.367,-74.425]]],[[[-73.887,-73.12],[-74.146,-73.323],[-73.892,-73.365],[-73.522,-73.13],[-73.887,-73.12]]],[[[-104.687,-73.096],[-104.936,-72.951],[-105.155,-73.005],[-105.038,-73.14],[-104.533,-73.174],[-104.687,-73.096]]],[[[-89.892,-72.885],[-90.336,-72.987],[-90.132,-73.094],[-89.585,-73.07],[-89.331,-72.928],[-89.892,-72.885]]],[[[-74.847,-72.867],[-75.761,-72.896],[-75.211,-73.005],[-76.126,-73.159],[-75.875,-73.347],[-74.593,-73.614],[-74.418,-73.548],[-74.361,-73.46],[-74.552,-73.387],[-74.508,-73.252],[-74.219,-72.991],[-74.847,-72.867]]],[[[-93.751,-72.889],[-93.983,-72.819],[-94.128,-72.873],[-93.862,-72.928],[-93.751,-72.889]]],[[[-90.902,-72.82],[-90.758,-72.697],[-90.816,-72.603],[-91.686,-72.61],[-91.333,-72.898],[-91.525,-73.193],[-90.918,-73.101],[-90.74,-72.864],[-90.902,-72.82]]],[[[-94.491,-72.522],[-95.198,-72.589],[-95.201,-72.677],[-94.4,-72.607],[-94.491,-72.522]]],[[[-16.186,-72.59],[-16.291,-72.485],[-16.516,-72.519],[-16.296,-72.708],[-16.103,-72.687],[-16.186,-72.59]]],[[[-12.659,-72.059],[-12.967,-72.056],[-12.49,-72.167],[-12.659,-72.059]]],[[[-95.499,-72.316],[-96.039,-72.257],[-95.503,-72.152],[-95.716,-72.105],[-97,-72.214],[-96.065,-71.914],[-96.36,-71.835],[-97.048,-71.876],[-97.306,-72.177],[-97.591,-72.084],[-97.408,-71.987],[-97.829,-71.933],[-97.852,-72.117],[-98.229,-72.045],[-98.291,-71.974],[-97.982,-71.86],[-98.532,-71.757],[-99.09,-71.871],[-98.634,-72.098],[-99.401,-71.943],[-99.749,-72.04],[-100.24,-71.826],[-102.087,-71.974],[-102.292,-72.127],[-99.186,-72.375],[-99.468,-72.461],[-98.535,-72.464],[-98.58,-72.573],[-96.055,-72.584],[-95.944,-72.546],[-96.023,-72.436],[-95.515,-72.402],[-95.499,-72.316]]],[[[-60.531,-71.051],[-60.587,-70.925],[-60.914,-70.942],[-60.531,-71.051]]],[[[-74.913,-71.023],[-73.547,-70.716],[-74.036,-70.548],[-74.484,-70.593],[-74.47,-70.751],[-75.029,-70.608],[-75.2,-70.777],[-76.543,-70.966],[-76.13,-71.138],[-74.913,-71.023]]],[[[-60.435,-70.597],[-60.57,-70.507],[-60.982,-70.621],[-60.857,-70.709],[-60.435,-70.597]]],[[[-3.43,-70.538],[-2.83,-70.524],[-2.685,-70.472],[-2.696,-70.343],[-3.26,-70.331],[-3.492,-70.481],[-3.43,-70.538]]],[[[-71.711,-70.43],[-71.319,-70.299],[-71.816,-70.296],[-71.711,-70.43]]],[[[-61.105,-69.964],[-61.19,-69.868],[-61.406,-69.943],[-61.105,-69.964]]],[[[-75.483,-70.134],[-74.873,-70.183],[-74.407,-69.938],[-74.963,-69.717],[-75.832,-70.016],[-75.483,-70.134]]],[[[-72.845,-69.586],[-72.205,-69.734],[-72.14,-69.624],[-72.662,-69.416],[-72.982,-69.514],[-72.845,-69.586]]],[[[-61.755,-69.454],[-62.192,-69.186],[-62.579,-69.189],[-62.121,-69.689],[-61.96,-69.708],[-61.755,-69.454]]],[[[-71.46,-72.629],[-69.218,-72.543],[-69.139,-72.375],[-68.414,-72.22],[-68.342,-72.057],[-68.483,-71.897],[-68.25,-71.883],[-68.161,-71.606],[-68.299,-70.869],[-68.466,-70.614],[-69.285,-69.923],[-69.317,-69.626],[-69.703,-69.316],[-70.077,-69.291],[-70.106,-68.891],[-70.402,-68.787],[-72.013,-68.955],[-72.168,-69.056],[-72.142,-69.232],[-71.616,-69.455],[-71.912,-69.708],[-71.912,-69.966],[-71.697,-70.075],[-70.939,-70.216],[-70.231,-70.136],[-70.232,-70.235],[-69.669,-70.354],[-70.999,-70.466],[-71.266,-70.68],[-69.952,-70.879],[-69.838,-71.152],[-70.411,-70.945],[-71.025,-70.962],[-71.69,-71.159],[-72.786,-71.063],[-73.125,-71.144],[-72.189,-71.373],[-73.408,-71.315],[-73.669,-71.368],[-73.336,-71.537],[-73.459,-71.595],[-74.122,-71.383],[-74.423,-71.428],[-74.39,-71.668],[-74.886,-71.528],[-75.404,-71.671],[-75.177,-71.753],[-75.402,-71.801],[-75.356,-71.924],[-74.005,-72.173],[-73.501,-72.012],[-73.879,-71.864],[-72.859,-71.921],[-72.339,-71.613],[-71.788,-71.899],[-70.72,-71.906],[-72.055,-72.158],[-71.367,-72.288],[-70.458,-72.14],[-70.183,-72.274],[-70.71,-72.396],[-72.677,-72.271],[-73.109,-72.473],[-72.408,-72.674],[-71.46,-72.629]]],[[[-64.954,-67.661],[-64.707,-67.674],[-64.564,-67.62],[-64.94,-67.599],[-64.954,-67.661]]],[[[-67.288,-67.73],[-67.122,-67.642],[-67.766,-67.668],[-67.647,-67.777],[-67.288,-67.73]]],[[[-67.381,-66.902],[-67.241,-66.831],[-67.407,-66.736],[-67.564,-66.866],[-67.381,-66.902]]],[[[-69.109,-67.626],[-68.885,-67.762],[-68.542,-67.732],[-68.432,-67.574],[-67.974,-67.468],[-68.251,-67.369],[-67.677,-67.148],[-67.976,-67.066],[-68.026,-66.941],[-67.642,-66.683],[-67.86,-66.626],[-68.378,-66.821],[-69.155,-67.476],[-69.109,-67.626]]],[[[-66.772,-66.138],[-66.751,-66.289],[-66.576,-66.18],[-66.772,-66.138]]],[[[-66.19,-65.824],[-65.813,-65.84],[-65.86,-65.69],[-65.665,-65.66],[-65.635,-65.539],[-65.96,-65.553],[-66.19,-65.824]]],[[[-59.435,-65.234],[-59.646,-65.122],[-59.778,-65.174],[-59.515,-65.246],[-59.435,-65.234]]],[[[-57.315,-64.436],[-57.456,-64.518],[-57.219,-64.565],[-56.968,-64.455],[-56.944,-64.329],[-57.315,-64.436]]],[[[-62.906,-64.521],[-63.332,-64.445],[-63.151,-64.308],[-63.575,-64.265],[-63.903,-64.535],[-64.199,-64.592],[-64.029,-64.774],[-63.651,-64.817],[-62.906,-64.521]]],[[[-62.657,-64.503],[-62.385,-64.466],[-62.06,-64.227],[-62.265,-64.032],[-62.478,-64.015],[-62.623,-64.13],[-62.469,-64.249],[-62.657,-64.503]]],[[[-57.513,-64.341],[-57.43,-64.386],[-57.155,-64.085],[-57.542,-63.939],[-57.83,-64.075],[-57.807,-63.818],[-58.258,-63.907],[-58.46,-64.086],[-58.131,-64.102],[-58.183,-64.213],[-58.042,-64.255],[-58.278,-64.298],[-58.193,-64.381],[-57.513,-64.341]]],[[[-57.643,-63.849],[-57.379,-63.884],[-57.171,-63.876],[-57.185,-63.809],[-57.37,-63.788],[-57.648,-63.805],[-57.643,-63.849]]],[[[-60.887,-63.859],[-60.74,-63.904],[-60.591,-63.69],[-60.887,-63.859]]],[[[-55.72,-63.475],[-56.234,-63.485],[-55.965,-63.581],[-55.72,-63.475]]],[[[-61.952,-63.312],[-62.035,-63.258],[-62.264,-63.273],[-62.277,-63.352],[-62.012,-63.345],[-61.952,-63.312]]],[[[-55.159,-63.204],[-55.974,-63.147],[-56.547,-63.346],[-56.336,-63.437],[-55.792,-63.286],[-55.173,-63.358],[-55.064,-63.319],[-55.159,-63.204]]],[[[-56.546,-63.099],[-56.273,-63.178],[-56.048,-63.017],[-56.469,-62.976],[-56.603,-63.03],[-56.546,-63.099]]],[[[-62.601,-63.066],[-62.43,-62.986],[-62.537,-62.927],[-62.601,-63.066]]],[[[-61.507,-62.814],[-61.409,-62.823],[-61.253,-62.769],[-61.409,-62.729],[-61.507,-62.814]]],[[[-61.16,-62.663],[-60.379,-62.61],[-60.246,-62.753],[-59.989,-62.63],[-60.129,-62.46],[-61.16,-62.663]]],[[[-59.746,-62.545],[-59.722,-62.452],[-59.932,-62.44],[-59.746,-62.545]]],[[[-59.694,-62.378],[-59.395,-62.448],[-59.437,-62.355],[-59.694,-62.378]]],[[[-58.983,-62.265],[-59.218,-62.292],[-58.834,-62.309],[-58.983,-62.265]]],[[[-58.467,-62.16],[-57.637,-62.009],[-57.705,-61.916],[-58.414,-61.933],[-58.946,-62.159],[-58.585,-62.249],[-58.467,-62.16]]],[[[-55.078,-61.093],[-55.449,-61.115],[-55.281,-61.257],[-54.651,-61.106],[-55.078,-61.093]]],[[[-46.007,-60.613],[-45.329,-60.632],[-45.666,-60.524],[-46.007,-60.613]]],[[[-162.34,-82.924],[-163.75,-82.834],[-163.261,-83.081],[-162.402,-83.148],[-161.576,-83.024],[-162.34,-82.924]]],[[[-169.03,-83.154],[-171.831,-82.863],[-168.847,-83.227],[-169.03,-83.154]]],[[[-160.571,-81.599],[-160.442,-81.56],[-162.984,-81.27],[-163.99,-81.403],[-160.571,-81.599]]],[[[-154.114,-80.037],[-153.918,-80.006],[-155.577,-79.8],[-154.114,-80.037]]],[[[-163.1,-79.745],[-163.349,-79.798],[-162.734,-79.794],[-163.1,-79.745]]],[[[-29.618,-79.911],[-31.095,-79.811],[-31.592,-79.649],[-32.024,-79.65],[-31.916,-79.772],[-32.089,-79.809],[-30.366,-80.018],[-29.989,-79.966],[-30.252,-79.886],[-29.618,-79.911]]],[[[-159.842,-79.349],[-162.353,-78.753],[-163.243,-78.706],[-164.148,-78.992],[-164.298,-79.23],[-163.937,-79.412],[-160.713,-79.855],[-159.07,-79.819],[-158.975,-79.722],[-159.842,-79.349]]],[[[-148.919,-77.385],[-149.493,-77.273],[-149.67,-77.304],[-149.392,-77.382],[-148.919,-77.385]]],[[[-150.484,-77.343],[-150.985,-77.222],[-151.495,-77.294],[-150.484,-77.343]]],[[[169.273,-77.454],[167.568,-77.413],[166.827,-77.161],[166.524,-77.183],[166.4,-77.266],[166.655,-77.363],[166.217,-77.521],[166.875,-77.67],[166.789,-77.77],[167.408,-77.644],[168.873,-77.64],[169.318,-77.537],[169.273,-77.454]]],[[[-154.562,-77.113],[-154.187,-77.154],[-154.055,-77.097],[-154.284,-77.064],[-154.562,-77.113]]],[[[-148.534,-76.95],[-149.216,-76.898],[-149.239,-76.996],[-148.534,-76.95]]],[[[-149.729,-77.129],[-149.308,-77.14],[-149.963,-76.871],[-150.782,-76.971],[-149.729,-77.129]]],[[[-146.165,-76.931],[-147.13,-76.882],[-146.965,-77.007],[-146.165,-76.931]]],[[[-148.529,-76.797],[-148.409,-76.739],[-149.491,-76.767],[-148.529,-76.797]]],[[[-150.233,-76.777],[-150.206,-76.687],[-150.828,-76.71],[-150.233,-76.777]]],[[[-148.717,-76.707],[-148.468,-76.677],[-149.136,-76.638],[-148.717,-76.707]]],[[[-146.81,-76.596],[-147.241,-76.505],[-147.365,-76.617],[-146.81,-76.596]]],[[[-147.46,-76.098],[-146.812,-76.295],[-146.703,-76.205],[-147.46,-76.098]]],[[[162.917,-75.558],[162.577,-75.663],[162.822,-75.69],[162.917,-75.558]]],[[[-145.44,-75.58],[-146.16,-75.57],[-145.201,-75.686],[-145.44,-75.58]]],[[[-132.571,-74.388],[-132.857,-74.471],[-132.342,-74.404],[-132.571,-74.388]]],[[[-130.92,-74.444],[-131.806,-74.322],[-132.181,-74.424],[-131.206,-74.607],[-130.92,-74.444]]],[[[-127.128,-74.469],[-128.189,-74.316],[-127.906,-74.553],[-127.552,-74.644],[-127.128,-74.469]]],[[[-116.141,-73.902],[-116.403,-73.867],[-117.4,-74.132],[-116.599,-74.142],[-116.141,-73.902]]],[[[-119.821,-74.121],[-118.871,-73.886],[-119.698,-73.818],[-119.812,-73.888],[-119.636,-74.001],[-119.911,-74.071],[-119.821,-74.121]]],[[[-120.261,-73.928],[-120.647,-73.897],[-120.376,-73.796],[-122.272,-73.682],[-123.289,-73.774],[-122.35,-73.925],[-122.731,-73.998],[-122.94,-74.14],[-122.736,-74.207],[-123.028,-74.248],[-122.243,-74.413],[-121.099,-74.348],[-120.944,-74.309],[-121.085,-74.235],[-121.004,-74.148],[-120.261,-73.928]]],[[[169.962,-73.514],[169.678,-73.422],[169.459,-73.555],[169.838,-73.612],[169.962,-73.514]]],[[[-127.473,-73.55],[-127.166,-73.603],[-127.269,-73.718],[-126.546,-73.67],[-126.405,-73.778],[-126.475,-73.842],[-125.109,-74.123],[-125.203,-74.163],[-124.007,-74.263],[-123.783,-74.11],[-124.209,-73.934],[-124.036,-73.89],[-124.112,-73.833],[-124.629,-73.731],[-125.907,-73.755],[-125.27,-73.699],[-125.246,-73.61],[-126.104,-73.296],[-127.303,-73.318],[-127.495,-73.44],[-127.473,-73.55]]],[[[68.779,-72.116],[68.45,-72.25],[68.742,-72.265],[68.852,-72.213],[68.779,-72.116]]],[[[-3.228,-71.053],[-3.415,-71.13],[-2.986,-71.184],[-3.228,-71.053]]],[[[-2.718,-70.82],[-2.505,-70.731],[-3.571,-70.693],[-2.667,-70.994],[-2.844,-71.056],[-2.8,-71.168],[-2.081,-70.826],[-2.718,-70.82]]],[[[-5.94,-70.423],[-6.416,-70.472],[-6.119,-70.613],[-5.885,-70.549],[-5.94,-70.423]]],[[[3.22,-70.392],[2.581,-70.524],[2.958,-70.613],[3.253,-70.487],[3.22,-70.392]]],[[[72.2,-70.607],[71.808,-70.266],[71.623,-70.355],[71.827,-70.625],[72.2,-70.607]]],[[[4.049,-70.303],[4.205,-70.469],[4.605,-70.421],[4.469,-70.245],[4.049,-70.303]]],[[[5.466,-70.255],[5.643,-70.329],[5.826,-70.304],[5.655,-70.226],[5.466,-70.255]]],[[[6.273,-70.123],[6.433,-70.214],[6.537,-70.165],[6.273,-70.123]]],[[[26.766,-70.224],[26.59,-70.075],[26.327,-70.067],[25.912,-70.285],[26.458,-70.45],[26.84,-70.412],[26.766,-70.224]]],[[[1.411,-70.04],[1.043,-70.046],[0.957,-70.192],[1.224,-70.379],[1.465,-70.15],[1.411,-70.04]]],[[[16.247,-69.706],[15.555,-69.873],[16.172,-70.073],[16.33,-69.829],[16.59,-69.777],[16.247,-69.706]]],[[[85.659,-66.744],[85.259,-66.766],[85.787,-66.969],[85.941,-66.89],[85.659,-66.744]]],[[[48.774,-66.72],[48.375,-66.699],[48.288,-66.736],[48.312,-66.809],[48.595,-66.777],[48.763,-66.783],[48.774,-66.72]]],[[[86.549,-66.703],[86.332,-66.678],[86.238,-66.745],[86.315,-66.786],[86.497,-66.785],[86.549,-66.703]]],[[[98.589,-66.388],[98.731,-66.482],[98.953,-66.418],[98.589,-66.388]]],[[[97.406,-66.403],[97.168,-66.326],[97.068,-66.405],[97.406,-66.403]]],[[[162.626,-66.462],[162.315,-66.251],[162.471,-66.507],[162.626,-66.462]]],[[[100.307,-66.13],[100.206,-66.115],[100.08,-66.184],[100.298,-66.202],[100.307,-66.13]]],[[[96.917,-66.054],[96.418,-66.067],[96.297,-66.183],[96.909,-66.211],[97.016,-66.106],[96.917,-66.054]]],[[[100.798,-65.777],[100.4,-65.855],[100.963,-65.865],[100.798,-65.777]]],[[[92.496,-65.703],[92.236,-65.751],[92.669,-65.785],[92.496,-65.703]]],[[[100.566,-65.403],[100.298,-65.659],[100.967,-65.683],[101.252,-65.494],[100.566,-65.403]]],[[[103.291,-65.392],[103.093,-65.174],[102.752,-65.178],[103.291,-65.392]]]]}},{"type":"Feature","properties":{"name":"Australia","iso_a2":"AU","iso_a3":"AUS","continent":"Oceania"},"geometry":{"type":"MultiPolygon","coordinates":[[[[131.536,-31.606],[132.234,-32.033],[132.587,-31.935],[133.148,-32.197],[133.682,-32.123],[133.95,-32.389],[133.854,-32.53],[134.148,-32.457],[134.298,-32.678],[134.074,-32.714],[134.06,-32.911],[134.334,-33.205],[134.446,-33.154],[134.814,-33.353],[134.85,-33.638],[135.26,-33.998],[135.406,-34.644],[135.19,-34.466],[135.11,-34.578],[135.231,-34.565],[135.633,-34.953],[135.742,-34.861],[136.013,-34.98],[136.016,-34.744],[135.905,-34.804],[135.862,-34.698],[135.937,-34.535],[136.607,-33.903],[137.225,-33.653],[137.452,-33.14],[137.808,-32.858],[137.76,-32.593],[137.844,-32.641],[138.044,-33.125],[137.81,-33.26],[137.931,-33.616],[137.454,-34.164],[137.446,-34.917],[137.031,-34.9],[136.836,-35.248],[137.747,-35.133],[138.078,-34.128],[138.536,-34.741],[138.427,-35.353],[138.107,-35.621],[138.531,-35.646],[139.301,-35.357],[139.376,-35.464],[139.219,-35.507],[139.338,-35.687],[139.135,-35.498],[139.041,-35.604],[139.565,-36.05],[139.001,-35.585],[139.567,-36.075],[139.854,-36.622],[139.842,-36.846],[139.672,-36.953],[139.795,-37.269],[140.36,-37.882],[141.134,-38.128],[141.434,-38.375],[141.762,-38.262],[142.398,-38.367],[143.537,-38.858],[144.725,-38.165],[144.395,-38.107],[144.983,-37.899],[145.119,-38.159],[144.804,-38.379],[144.886,-38.482],[145.477,-38.245],[145.557,-38.385],[145.448,-38.55],[145.571,-38.662],[145.809,-38.65],[145.916,-38.896],[146.092,-38.82],[146.434,-39.089],[146.402,-38.859],[146.286,-38.91],[146.182,-38.756],[146.879,-38.644],[147.758,-37.985],[148.306,-37.823],[149.479,-37.786],[149.985,-37.496],[150.02,-37.221],[149.876,-37.096],[150.218,-35.751],[150.554,-35.214],[150.705,-35.199],[150.882,-34.592],[150.801,-34.548],[151.249,-34.004],[151.454,-33.304],[151.834,-32.865],[152.19,-32.759],[152.522,-32.428],[152.546,-32.044],[153.06,-31.077],[152.988,-30.735],[153.34,-29.323],[153.631,-28.662],[153.446,-27.81],[153.038,-27.173],[153.206,-27.046],[153.078,-26.281],[153.2,-25.949],[152.894,-25.688],[152.914,-25.288],[152.677,-25.242],[152.492,-24.848],[152.059,-24.514],[151.78,-24.023],[151.581,-24.057],[150.857,-23.52],[150.826,-22.698],[150.636,-22.342],[150.513,-22.535],[150.216,-22.395],[150.054,-22.141],[149.924,-22.298],[150.023,-22.553],[149.831,-22.389],[149.694,-22.489],[149.231,-21.09],[148.655,-20.555],[148.923,-20.473],[148.792,-20.287],[148.567,-20.06],[148.454,-20.194],[148.254,-19.963],[147.95,-19.908],[147.751,-19.691],[147.785,-19.835],[147.684,-19.828],[147.45,-19.397],[147.134,-19.411],[147.048,-19.211],[146.905,-19.305],[146.333,-18.959],[146.339,-18.527],[146.024,-18.263],[146.148,-17.633],[145.882,-17.04],[145.942,-16.93],[145.4,-16.443],[145.462,-16.061],[145.236,-15.166],[145.346,-14.943],[144.678,-14.556],[144.515,-14.173],[144.185,-14.263],[143.952,-14.499],[143.783,-14.402],[143.534,-13.766],[143.595,-13.436],[143.497,-12.856],[143.365,-12.805],[143.434,-12.613],[143.077,-12.329],[143.204,-11.982],[142.873,-11.851],[142.79,-11.085],[142.55,-10.708],[142.145,-10.983],[141.976,-12.041],[141.871,-11.966],[141.801,-12.055],[141.595,-12.526],[141.666,-12.441],[141.947,-12.575],[141.586,-12.977],[141.691,-13.26],[141.474,-13.776],[141.666,-15.011],[141.44,-15.649],[141.425,-16.082],[140.833,-17.451],[140.508,-17.636],[140,-17.706],[139.274,-17.348],[139.037,-16.916],[138.184,-16.697],[137.746,-16.252],[136.992,-15.864],[136.768,-15.901],[135.47,-14.948],[135.391,-14.74],[135.903,-14.136],[136.054,-13.688],[135.937,-13.75],[135.845,-13.6],[135.883,-13.326],[136.31,-13.076],[136.451,-13.216],[136.567,-13.058],[136.497,-12.975],[136.637,-12.955],[136.474,-12.792],[136.949,-12.356],[136.876,-12.223],[136.761,-12.164],[136.691,-12.283],[136.451,-11.942],[136.18,-12.188],[136.364,-12.256],[136.305,-12.384],[136.023,-12.456],[135.88,-12.152],[135.765,-12.257],[135.65,-12.165],[135.868,-11.767],[135.535,-12.081],[135.07,-12.26],[134.769,-11.948],[134.522,-12.064],[134.19,-12.018],[134.132,-11.886],[133.844,-11.855],[133.902,-11.739],[133.622,-11.833],[133.185,-11.717],[132.911,-11.332],[132.674,-11.508],[132.35,-11.146],[132.188,-11.133],[132.188,-11.351],[132.014,-11.14],[131.856,-11.303],[132.085,-11.518],[132.37,-11.435],[132.696,-11.653],[132.627,-12.044],[132.423,-12.232],[132.269,-12.181],[132.046,-12.307],[131.905,-12.22],[131.493,-12.298],[131.318,-12.095],[131.217,-12.215],[131,-12.171],[131.025,-12.36],[130.825,-12.401],[130.843,-12.559],[130.606,-12.386],[130.319,-12.906],[130.13,-12.94],[130.119,-13.156],[130.273,-13.319],[129.838,-13.51],[129.718,-14.016],[129.496,-14.089],[129.373,-14.329],[129.77,-14.86],[129.646,-14.841],[129.659,-15.09],[129.221,-14.843],[129.213,-15.186],[129.051,-14.88],[128.532,-14.753],[128.403,-14.823],[128.418,-15.04],[128.314,-14.905],[128.196,-15.057],[128.225,-15.26],[128.067,-15.125],[128.175,-14.698],[127.419,-13.942],[127.107,-13.953],[126.953,-13.724],[126.747,-13.792],[126.818,-13.943],[126.705,-14.118],[126.569,-14.195],[126.501,-13.997],[126.39,-14.005],[126.248,-14.223],[126.092,-13.925],[126.041,-14.509],[125.684,-14.507],[125.618,-14.224],[125.584,-14.526],[125.144,-14.728],[125.374,-15.108],[125.008,-14.985],[125.028,-15.085],[124.842,-15.141],[124.929,-15.338],[125.09,-15.347],[125.05,-15.498],[124.698,-15.298],[124.63,-15.505],[124.403,-15.559],[124.404,-15.875],[124.515,-15.97],[124.679,-15.792],[124.59,-16.094],[124.378,-16.215],[124.593,-16.401],[124.223,-16.396],[124.126,-16.272],[123.835,-16.368],[123.771,-16.163],[123.595,-16.156],[123.566,-16.616],[123.768,-16.878],[123.903,-16.859],[123.837,-17.132],[123.591,-17],[123.554,-17.519],[122.96,-16.58],[123.007,-16.374],[122.759,-16.604],[122.774,-16.762],[122.571,-16.788],[122.582,-16.956],[122.276,-17.089],[122.143,-17.564],[122.196,-17.945],[122.369,-18.064],[121.824,-18.452],[121.312,-19.354],[120.954,-19.634],[119.567,-20.069],[119.069,-19.983],[118.832,-20.262],[118.136,-20.362],[117.675,-20.672],[117.354,-20.728],[117.063,-20.622],[116.88,-20.713],[116.743,-20.617],[116.219,-20.843],[115.455,-21.514],[114.647,-21.843],[114.367,-22.478],[114.111,-22.478],[114.159,-21.792],[113.898,-22.049],[113.647,-22.578],[113.807,-22.931],[113.769,-23.458],[113.46,-23.91],[113.391,-24.414],[113.713,-25.125],[114.259,-25.842],[114.234,-26.317],[114.104,-26.448],[113.948,-26.139],[113.704,-26.148],[113.761,-25.905],[113.515,-25.509],[113.421,-25.728],[113.887,-26.493],[113.695,-26.614],[113.45,-26.201],[113.321,-26.122],[113.245,-26.24],[114.013,-27.315],[114.166,-28.107],[114.531,-28.522],[114.896,-29.234],[115.101,-30.633],[115.722,-31.773],[115.769,-32.602],[115.601,-32.662],[115.667,-33.288],[115.434,-33.595],[114.99,-33.542],[114.971,-34.083],[115.108,-34.344],[115.612,-34.446],[116.02,-34.829],[116.465,-35.001],[117.81,-35.071],[118.385,-34.908],[118.48,-34.717],[118.932,-34.446],[119.261,-34.522],[119.572,-34.142],[120.002,-33.926],[121.334,-33.815],[122.016,-33.825],[122.187,-34.021],[123.023,-33.861],[123.147,-34.002],[123.527,-33.939],[123.953,-33.567],[124.201,-33.038],[124.902,-32.834],[126.008,-32.273],[127.289,-32.273],[129.201,-31.656],[130.834,-31.602],[131.178,-31.478],[131.536,-31.606]]],[[[147.999,-43.23],[148.005,-42.909],[147.889,-42.819],[147.983,-42.319],[148.147,-41.999],[148.242,-41.991],[148.322,-42.278],[148.364,-42.11],[148.261,-41.8],[148.331,-41.002],[148.209,-40.841],[147.984,-40.736],[147.445,-41.008],[147.018,-40.977],[146.424,-41.166],[144.689,-40.704],[144.606,-40.996],[144.926,-41.709],[145.277,-42.182],[145.555,-42.351],[145.52,-42.427],[145.202,-42.247],[145.264,-42.595],[145.757,-43.176],[146.23,-43.32],[145.986,-43.379],[146.031,-43.483],[146.927,-43.612],[147.1,-43.299],[147.258,-43.254],[147.36,-42.925],[147.586,-42.821],[147.84,-42.902],[147.887,-43.034],[147.717,-43.005],[147.7,-43.163],[147.999,-43.23]]],[[[147.337,-43.34],[147.168,-43.368],[147.149,-43.501],[147.316,-43.501],[147.337,-43.34]]],[[[148.142,-42.604],[148.025,-42.613],[148.105,-42.719],[148.142,-42.604]]],[[[148.114,-40.524],[148.194,-40.596],[148.251,-40.489],[148.114,-40.524]]],[[[148.43,-40.373],[148.003,-40.426],[148.409,-40.489],[148.43,-40.373]]],[[[148.015,-40.151],[148.075,-40.255],[148.334,-40.175],[148.299,-39.962],[147.953,-39.712],[147.854,-39.828],[148.015,-40.151]]],[[[144.106,-39.893],[143.986,-39.571],[143.862,-39.701],[143.887,-40.106],[144.113,-40.031],[144.106,-39.893]]],[[[145.335,-38.509],[145.286,-38.451],[145.188,-38.467],[145.198,-38.535],[145.335,-38.509]]],[[[145.442,-38.316],[145.27,-38.359],[145.353,-38.428],[145.442,-38.316]]],[[[138.13,-35.816],[137.909,-35.729],[137.813,-35.811],[137.581,-35.727],[137.623,-35.582],[137.352,-35.586],[136.621,-35.751],[136.533,-35.912],[136.716,-36.063],[137.212,-35.98],[137.459,-36.083],[137.613,-35.924],[138.048,-35.919],[138.13,-35.816]]],[[[153.487,-27.415],[153.398,-27.493],[153.456,-27.721],[153.487,-27.415]]],[[[153.412,-27.339],[153.466,-27.06],[153.361,-27.066],[153.412,-27.339]]],[[[113.217,-26.068],[113.008,-25.496],[112.919,-25.524],[112.965,-25.794],[113.217,-26.068]]],[[[153.37,-24.989],[153.281,-24.693],[152.948,-25.552],[153.055,-25.797],[153.37,-24.989]]],[[[151.27,-23.666],[151.191,-23.514],[150.98,-23.487],[151.214,-23.778],[151.27,-23.666]]],[[[149.917,-22.042],[149.869,-22.142],[149.928,-22.16],[149.917,-22.042]]],[[[115.465,-20.73],[115.311,-20.802],[115.365,-20.877],[115.465,-20.73]]],[[[149.067,-20.315],[148.97,-20.164],[148.933,-20.278],[149.067,-20.315]]],[[[146.319,-18.383],[146.093,-18.266],[146.223,-18.465],[146.319,-18.383]]],[[[139.562,-17.039],[139.509,-16.993],[139.446,-17.107],[139.569,-17.1],[139.562,-17.039]]],[[[139.734,-16.443],[139.288,-16.471],[139.137,-16.697],[139.445,-16.665],[139.734,-16.443]]],[[[136.67,-15.663],[136.622,-15.693],[136.664,-15.779],[136.712,-15.703],[136.67,-15.663]]],[[[137.078,-15.751],[137.083,-15.652],[136.943,-15.668],[137.078,-15.751]]],[[[136.616,-15.539],[136.525,-15.534],[136.52,-15.642],[136.588,-15.635],[136.616,-15.539]]],[[[125.195,-14.47],[125.123,-14.481],[125.09,-14.607],[125.193,-14.596],[125.195,-14.47]]],[[[136.287,-13.706],[136.211,-13.661],[136.154,-13.771],[136.211,-13.826],[136.261,-13.794],[136.287,-13.706]]],[[[136.952,-14.182],[136.723,-14.185],[136.924,-13.805],[136.719,-13.829],[136.58,-13.682],[136.411,-14.166],[136.903,-14.299],[136.952,-14.182]]],[[[136.29,-11.976],[136.26,-12.016],[136.191,-12.006],[136.184,-12.078],[136.303,-12.013],[136.29,-11.976]]],[[[132.62,-11.647],[132.545,-11.632],[132.559,-11.719],[132.627,-11.709],[132.62,-11.647]]],[[[130.537,-11.705],[130.27,-11.338],[130.054,-11.823],[130.573,-11.831],[130.537,-11.705]]],[[[131.537,-11.413],[131.274,-11.19],[130.692,-11.423],[130.4,-11.153],[130.366,-11.232],[130.497,-11.649],[130.98,-11.926],[131.537,-11.413]]],[[[136.764,-11.04],[136.711,-11.097],[136.586,-11.285],[136.59,-11.378],[136.72,-11.174],[136.764,-11.04]]],[[[132.489,-11.16],[132.565,-11.311],[132.551,-11.032],[132.489,-11.16]]],[[[142.255,-10.667],[142.118,-10.653],[142.153,-10.756],[142.255,-10.667]]],[[[142.294,-10.139],[142.201,-10.22],[142.29,-10.26],[142.294,-10.139]]],[[[142.19,-10.081],[142.142,-10.05],[142.097,-10.119],[142.139,-10.172],[142.19,-10.144],[142.19,-10.081]]],[[[142.755,-9.37],[142.638,-9.374],[142.642,-9.428],[142.732,-9.425],[142.755,-9.37]]]]}},{"type":"Feature","properties":{"name":"Greenland","iso_a2":"GL","iso_a3":"GRL","continent":"North America"},"geometry":{"type":"MultiPolygon","coordinates":[[[[-40.876,65.097],[-40.184,65.042],[-39.858,65.236],[-39.885,65.437],[-40.172,65.519],[-39.874,65.506],[-39.636,65.679],[-39.448,65.547],[-38.221,65.646],[-38.111,65.772],[-38.27,65.905],[-37.985,65.95],[-37.854,66.199],[-37.998,66.241],[-37.759,66.296],[-38.098,66.395],[-37.215,66.346],[-37.798,66.049],[-37.21,65.775],[-36.389,66.016],[-36.074,65.936],[-35.586,66.111],[-35.655,66.275],[-34.797,66.317],[-33.365,67.248],[-33.421,67.338],[-33.281,67.418],[-33.359,67.534],[-32.519,67.872],[-32.098,67.906],[-32.125,68.051],[-31.996,68.091],[-32.209,68.348],[-32.571,68.51],[-32.425,68.545],[-31.694,68.099],[-30.913,68.045],[-30.008,68.126],[-30.148,68.238],[-29.853,68.416],[-29.511,68.222],[-26.417,68.659],[-25.668,68.87],[-25.485,68.962],[-25.554,69.047],[-24.615,69.28],[-24.683,69.408],[-23.814,69.512],[-23.647,69.564],[-23.703,69.718],[-23.107,69.77],[-22.976,69.841],[-23.248,69.854],[-22.38,69.971],[-22.077,70.13],[-23.56,70.113],[-25.059,70.361],[-25.325,70.278],[-25.305,70.413],[-26.326,70.198],[-26.845,70.261],[-27.474,69.96],[-27.595,70.061],[-28.514,70.044],[-26.321,70.38],[-26.743,70.484],[-28.233,70.372],[-28.349,70.434],[-28.281,70.511],[-29.171,70.471],[-28.31,70.564],[-27.921,70.881],[-28.183,70.974],[-26.426,70.975],[-25.427,71.274],[-25.727,71.474],[-27.651,71.613],[-27.331,71.719],[-27.968,71.871],[-27.862,71.908],[-28.457,71.939],[-28.36,72.007],[-27.602,71.902],[-26.785,71.547],[-26.076,71.586],[-24.669,71.272],[-24.265,71.081],[-24.183,70.805],[-23.93,70.613],[-23.345,70.441],[-22.661,70.439],[-22.573,70.825],[-22.429,70.811],[-22.402,70.465],[-21.691,70.43],[-21.477,70.545],[-21.73,70.579],[-21.618,70.744],[-21.757,70.866],[-21.572,70.956],[-21.785,71.086],[-21.661,71.189],[-21.963,71.271],[-21.668,71.401],[-22.132,71.491],[-22.477,71.264],[-22.448,71.581],[-22.013,71.675],[-22.644,71.675],[-22.454,71.794],[-23.06,71.712],[-22.503,71.901],[-24.519,72.416],[-25.424,72.406],[-24.69,72.552],[-24.848,72.724],[-26.7,72.833],[-25.321,72.893],[-24.984,73.026],[-25.053,73.084],[-25.999,73.203],[-27.15,73.148],[-25.705,73.272],[-25.292,73.474],[-24.375,73.56],[-24.409,73.728],[-24.06,73.82],[-23.826,73.738],[-24.016,73.719],[-23.988,73.597],[-22.314,73.25],[-21.572,73.395],[-21.543,73.49],[-20.543,73.449],[-20.384,73.536],[-20.522,73.571],[-20.483,73.759],[-20.288,73.798],[-20.366,73.895],[-22.488,74.081],[-22.229,74.101],[-21.772,74.439],[-20.357,74.445],[-20.201,74.28],[-19.626,74.239],[-18.975,74.484],[-19.448,74.684],[-19.718,74.588],[-20.521,74.684],[-20.758,74.831],[-20.69,75.126],[-20.56,75.197],[-21.592,75.523],[-20.668,75.293],[-20.169,75.341],[-19.88,75.15],[-19.589,75.142],[-19.342,75.403],[-19.595,75.668],[-19.482,75.739],[-19.935,75.934],[-20.332,75.924],[-19.672,76.127],[-19.938,76.258],[-21.704,76.256],[-21.613,76.445],[-22.19,76.411],[-21.675,76.527],[-22.744,76.698],[-22.306,76.753],[-22.47,76.836],[-22.266,76.859],[-21.496,76.695],[-20.513,76.946],[-18.502,76.749],[-18.266,76.921],[-18.324,77.209],[-19.082,77.318],[-19.109,77.216],[-19.381,77.218],[-20.23,77.373],[-20.539,77.479],[-20.344,77.555],[-20.775,77.617],[-18.979,77.617],[-19.357,77.733],[-20.962,77.97],[-21.374,77.777],[-21.332,77.678],[-21.967,77.679],[-21.545,77.912],[-21.63,77.998],[-21.322,78.077],[-21.3,78.27],[-20.89,78.564],[-20.861,78.704],[-20.979,78.767],[-19.926,78.829],[-19.784,78.931],[-19.911,79.018],[-18.955,79.149],[-18.938,79.262],[-19.566,79.386],[-19.208,79.709],[-19.977,79.699],[-20.423,79.84],[-19.966,80.083],[-19.474,80.26],[-16.447,80.219],[-15.793,80.437],[-16.896,80.584],[-18.055,80.492],[-19.488,80.635],[-20.407,80.539],[-19.472,80.665],[-18.594,80.573],[-15.42,80.648],[-14.295,80.784],[-14.204,80.914],[-14.553,80.991],[-13.685,81.001],[-11.396,81.461],[-12.028,81.637],[-13.92,81.812],[-16.485,81.75],[-16.452,81.64],[-16.838,81.625],[-16.813,81.537],[-17.147,81.413],[-18.658,81.502],[-19.461,81.375],[-19.246,81.555],[-19.879,81.622],[-19.851,81.543],[-20.951,81.236],[-22.972,80.88],[-23.247,80.712],[-23.502,80.751],[-21.257,81.518],[-21.026,81.772],[-21.12,81.978],[-21.388,82.083],[-23.195,82.022],[-23.36,81.882],[-23.308,81.793],[-26.387,81.428],[-26.493,81.516],[-26.315,81.617],[-24.706,81.781],[-24.62,81.988],[-27.762,82.062],[-31.68,81.835],[-32.148,81.681],[-32.718,81.692],[-32.779,81.841],[-29.852,82.139],[-22.437,82.34],[-21.318,82.606],[-22.565,82.797],[-25.093,82.912],[-24.754,82.998],[-25.221,83.168],[-35.569,82.92],[-25.65,83.298],[-30.647,83.602],[-36.739,83.538],[-36.814,83.435],[-37.585,83.508],[-38.69,83.426],[-38.862,83.257],[-37.628,83.154],[-39.438,82.962],[-40.69,82.987],[-42.666,83.281],[-45.154,83.162],[-45.486,83.111],[-45.12,83.037],[-46.845,82.976],[-45.974,82.843],[-40.977,82.774],[-39.953,82.693],[-39.964,82.539],[-41.818,82.753],[-45.663,82.726],[-43.727,82.407],[-44.702,82.258],[-44.781,82.182],[-44.399,82.105],[-44.885,81.979],[-44.303,81.814],[-44.782,81.777],[-49.011,82.455],[-51.107,82.51],[-50.581,82.154],[-49.464,81.947],[-51.036,81.956],[-50.891,81.878],[-53.024,82.008],[-52.93,81.865],[-53.793,81.556],[-53.766,81.745],[-53.51,81.91],[-53.623,82.026],[-53.557,82.116],[-54.441,82.373],[-59.468,82.003],[-58.486,81.879],[-58.138,81.667],[-58.681,81.684],[-58.838,81.862],[-60.534,81.913],[-61.454,81.745],[-60.787,81.509],[-61.296,81.371],[-60.939,81.185],[-61.076,81.121],[-62.977,81.228],[-64.753,80.996],[-65.125,80.78],[-67.455,80.343],[-67.462,80.185],[-67.05,80.061],[-64.926,80.073],[-65.129,79.85],[-64.943,79.783],[-65.012,79.659],[-64.824,79.598],[-64.86,79.508],[-65.693,79.209],[-69.034,78.98],[-68.969,78.898],[-70.809,78.617],[-72.59,78.521],[-72.851,78.315],[-72.68,78.254],[-72.9,78.172],[-72.784,78.108],[-71.906,77.889],[-71.313,77.77],[-70.07,77.858],[-70.676,77.68],[-69.879,77.63],[-70.255,77.557],[-69.223,77.453],[-66.613,77.674],[-66.053,77.494],[-66.773,77.356],[-68.369,77.377],[-69.062,77.257],[-66.637,77.154],[-69.733,77.239],[-71.342,77.071],[-70.66,76.802],[-67.986,76.684],[-68.031,76.584],[-68.733,76.586],[-69.637,76.383],[-68.432,76.079],[-66.487,75.947],[-67.308,76.164],[-67.047,76.267],[-66.414,76.086],[-66.219,76.225],[-65.74,76.279],[-65.889,76.103],[-65.354,76.027],[-65.361,76.136],[-64.381,76.26],[-64.031,76.136],[-63.723,76.185],[-63.477,76.377],[-60.872,76.158],[-60.832,76.034],[-59.272,75.88],[-59.042,75.701],[-58.448,75.731],[-58.557,75.654],[-58.31,75.643],[-58.426,75.566],[-58.167,75.5],[-58.659,75.377],[-57.941,75.151],[-58.131,75.108],[-57.847,75.02],[-57.083,74.924],[-56.846,74.811],[-57.055,74.745],[-56.242,74.498],[-56.614,74.451],[-56.503,74.367],[-56.603,74.245],[-57.296,74.1],[-56.257,74.238],[-56.199,74.121],[-56.331,74.045],[-55.67,73.885],[-55.945,73.861],[-55.843,73.683],[-55.956,73.621],[-55.269,73.387],[-55.459,73.258],[-55.466,73.073],[-54.873,73.015],[-54.65,72.845],[-54.866,72.765],[-54.667,72.749],[-54.968,72.517],[-55.651,72.45],[-54.883,72.37],[-54.883,72.251],[-55.552,72.038],[-55.268,71.927],[-55.37,71.826],[-55.904,71.682],[-55.584,71.648],[-55.663,71.598],[-55.514,71.449],[-54.205,71.394],[-53.849,71.546],[-54.09,71.644],[-52.854,71.868],[-53.266,71.71],[-52.166,71.613],[-51.654,71.696],[-52.992,71.421],[-52.426,71.372],[-51.682,71.51],[-51.612,71.456],[-52.258,71.366],[-52.558,71.179],[-51.536,71.313],[-52.245,71.135],[-51.202,71.018],[-51.915,71.021],[-50.737,70.785],[-51.251,70.814],[-51.399,70.697],[-50.879,70.663],[-51.347,70.572],[-50.532,70.359],[-51.549,70.432],[-52.791,70.757],[-53.98,70.83],[-54.588,70.683],[-54.019,70.413],[-53.232,70.353],[-52.329,70.054],[-51.439,69.967],[-51.031,70.066],[-51.26,69.963],[-50.501,70.041],[-50.593,69.928],[-50.248,69.776],[-50.594,69.791],[-51.115,69.212],[-50.47,69.304],[-50.175,69.03],[-51.08,69.133],[-51.102,68.866],[-51.249,68.75],[-50.929,68.674],[-51.149,68.585],[-52.616,68.526],[-52.533,68.469],[-53.088,68.318],[-52.445,68.182],[-51.121,68.351],[-51.231,68.16],[-50.463,67.955],[-53.153,68.201],[-53.2,67.968],[-53.688,67.812],[-53.541,67.72],[-53.73,67.538],[-53.577,67.519],[-52.824,67.797],[-51.445,67.747],[-51.326,67.824],[-51.47,67.865],[-51.039,67.982],[-51.275,67.864],[-51.123,67.663],[-50.956,67.668],[-51.864,67.636],[-52.554,67.769],[-53.806,67.419],[-53.877,67.235],[-53.767,67.207],[-52.149,67.406],[-51.504,67.371],[-53.841,67.176],[-53.965,67.104],[-53.647,66.912],[-52.488,66.855],[-52.972,66.858],[-52.667,66.693],[-53.427,66.645],[-52.951,66.545],[-53.623,66.509],[-53.695,66.359],[-53.565,66.246],[-53.663,66.139],[-53.006,66.2],[-51.283,66.845],[-53.382,66.078],[-53.455,65.961],[-53.071,65.81],[-53.19,65.675],[-52.756,65.672],[-52.792,65.535],[-52.273,65.447],[-52.567,65.316],[-52.199,65.285],[-52.156,65.103],[-52.279,65.079],[-52.043,64.958],[-52.156,64.864],[-51.879,64.837],[-51.731,64.96],[-51.532,64.869],[-52.156,64.679],[-52.143,64.222],[-51.663,64.309],[-51.253,64.76],[-51.066,64.666],[-50.655,64.822],[-50.08,64.713],[-50.063,64.53],[-49.683,64.422],[-49.652,64.336],[-50.149,64.487],[-50.48,64.713],[-50.739,64.65],[-50.624,64.467],[-51.135,64.208],[-51.731,64.208],[-51.44,64.082],[-50.814,64.178],[-51.58,64.042],[-51.406,63.929],[-51.539,63.685],[-51.162,63.508],[-50.807,63.556],[-51.127,63.496],[-51.056,63.185],[-50.4,63.189],[-50.607,63.096],[-50.274,62.851],[-50.311,62.755],[-50.178,62.766],[-50.308,62.491],[-50.201,62.41],[-49.497,62.15],[-49.346,62.212],[-49.295,62.137],[-49.576,62.073],[-49.31,61.996],[-48.925,62.075],[-49.435,61.847],[-49.264,61.726],[-48.981,61.963],[-49.122,61.812],[-49.058,61.646],[-49.241,61.608],[-49.176,61.54],[-48.99,61.458],[-48.531,61.544],[-48.853,61.403],[-48.546,61.381],[-48.619,61.212],[-48.291,61.129],[-48.266,61.22],[-48.017,61.047],[-48.078,60.974],[-47.716,61.017],[-48.195,60.814],[-47.438,60.827],[-47.03,60.975],[-46.914,60.93],[-47.056,60.861],[-46.862,60.8],[-46.376,61.085],[-46.158,60.999],[-45.703,61.121],[-46.033,60.914],[-45.381,61.101],[-46.205,60.747],[-45.721,60.739],[-45.982,60.58],[-45.371,60.608],[-45.214,60.439],[-44.939,60.484],[-44.926,60.327],[-45.187,60.213],[-44.975,60.04],[-44.59,59.989],[-44.426,60.156],[-43.991,60.191],[-43.138,60.081],[-43.09,60.259],[-43.315,60.438],[-43.829,60.527],[-43.227,60.471],[-42.826,60.611],[-42.885,60.845],[-43.481,60.92],[-42.727,60.93],[-42.672,61.025],[-42.926,61.104],[-42.5,61.362],[-42.527,61.534],[-42.966,61.562],[-42.435,61.561],[-42.117,62.007],[-42.418,62.013],[-42.267,62.247],[-42.761,62.433],[-42.254,62.437],[-42.708,62.693],[-41.75,62.844],[-41.624,62.995],[-42.135,63.128],[-41.549,63.053],[-41.861,63.195],[-41.525,63.097],[-41.473,63.226],[-41.907,63.464],[-41.03,63.403],[-41.049,63.502],[-40.76,63.562],[-41.218,63.693],[-41.139,63.75],[-40.513,63.726],[-40.614,63.808],[-40.561,64.107],[-41.006,64.086],[-41.525,64.326],[-40.358,64.359],[-40.635,64.467],[-40.629,64.692],[-41.055,64.877],[-41.078,65.068],[-40.876,65.097]]],[[[-44.351,59.985],[-44.204,60.053],[-44.419,60.15],[-44.495,60.011],[-44.351,59.985]]],[[[-45.153,60.382],[-45.357,60.374],[-45.401,60.19],[-45.153,60.382]]],[[[-46.554,60.796],[-46.175,60.901],[-46.688,60.827],[-46.554,60.796]]],[[[-50.683,63.123],[-50.772,63.192],[-50.88,63.138],[-50.79,63.084],[-50.683,63.123]]],[[[-50.805,64.528],[-51.022,64.556],[-51.339,64.246],[-50.805,64.528]]],[[[-51.299,64.381],[-51.094,64.57],[-51.454,64.407],[-51.299,64.381]]],[[[-43.707,59.903],[-43.961,59.978],[-44.105,59.877],[-43.791,59.817],[-43.707,59.903]]],[[[-44.008,59.991],[-44.2,60.028],[-44.372,59.918],[-44.279,59.879],[-44.008,59.991]]],[[[-43.172,60.074],[-44.112,60.112],[-43.59,59.923],[-43.481,60.053],[-43.172,60.074]]],[[[-47.722,60.759],[-48.236,60.8],[-47.9,60.682],[-47.722,60.759]]],[[[-42.035,62.767],[-42.364,62.812],[-42.445,62.753],[-42.395,62.688],[-42.022,62.715],[-42.035,62.767]]],[[[-41.147,63.284],[-41.863,63.473],[-41.439,63.241],[-41.147,63.284]]],[[[-40.671,64.219],[-40.689,64.29],[-40.951,64.296],[-40.931,64.213],[-40.671,64.219]]],[[[-40.143,64.487],[-40.51,64.701],[-40.5,64.83],[-40.869,64.905],[-40.5,64.504],[-40.143,64.487]]],[[[-52.938,65.659],[-53.166,65.56],[-52.853,65.624],[-52.938,65.659]]],[[[-36.936,65.679],[-37.059,65.731],[-37.217,65.686],[-37.115,65.618],[-36.936,65.679]]],[[[-36.785,65.871],[-36.971,65.816],[-36.785,65.761],[-36.785,65.871]]],[[[-37.454,65.793],[-37.641,65.905],[-37.987,65.701],[-37.738,65.569],[-37.313,65.679],[-37.454,65.793]]],[[[-29.713,68.222],[-29.874,68.242],[-30.014,68.214],[-29.867,68.143],[-29.713,68.222]]],[[[-53.098,68.454],[-53.208,68.4],[-52.864,68.41],[-53.098,68.454]]],[[[-52.351,68.643],[-52.175,68.708],[-52.937,68.606],[-52.351,68.643]]],[[[-51.223,69.914],[-51.183,69.819],[-51.341,69.743],[-51.245,69.538],[-50.951,69.559],[-50.971,69.72],[-50.668,69.829],[-51.223,69.914]]],[[[-52.903,69.345],[-51.836,69.632],[-51.998,69.805],[-52.728,69.929],[-53.266,70.202],[-54.453,70.313],[-54.829,70.201],[-54.794,69.88],[-54.993,69.702],[-53.684,69.476],[-54.273,69.4],[-53.845,69.265],[-52.903,69.345]]],[[[-51.817,70.942],[-52.161,70.892],[-51.665,70.846],[-51.817,70.942]]],[[[-53.897,71.083],[-53.449,71.057],[-53.391,71.155],[-53.612,71.322],[-53.954,71.171],[-53.897,71.083]]],[[[-52.485,71.264],[-52.327,71.298],[-53.17,71.346],[-52.957,71.154],[-52.485,71.264]]],[[[-53.294,71.539],[-52.777,71.665],[-53.399,71.674],[-53.454,71.579],[-53.294,71.539]]],[[[-55.687,71.917],[-55.808,71.881],[-55.411,71.894],[-55.687,71.917]]],[[[-55.048,72.319],[-55.638,72.233],[-55.469,72.151],[-55.048,72.319]]],[[[-55.802,72.689],[-55.647,72.782],[-56.127,72.713],[-55.802,72.689]]],[[[-55.739,72.614],[-55.529,72.555],[-54.985,72.823],[-55.607,72.759],[-55.739,72.614]]],[[[-55.61,73.036],[-55.525,72.953],[-55.159,72.998],[-55.521,73.053],[-55.61,73.036]]],[[[-56.127,73.827],[-55.985,73.856],[-56.591,73.914],[-56.617,73.816],[-56.127,73.827]]],[[[-56.518,74.495],[-56.713,74.561],[-57.094,74.489],[-56.518,74.495]]],[[[-71.576,77.39],[-72.339,77.46],[-72.53,77.39],[-72.132,77.322],[-71.703,77.315],[-71.576,77.39]]],[[[-70.357,77.418],[-70.899,77.474],[-71.303,77.453],[-71.08,77.378],[-70.357,77.418]]],[[[-53.275,82.172],[-52.105,81.995],[-51.231,82.014],[-52.787,82.318],[-53.339,82.259],[-53.275,82.172]]],[[[-44.529,82.414],[-46.324,82.679],[-47.698,82.644],[-46.876,82.36],[-45.088,82.064],[-44.735,82.098],[-45.07,82.223],[-44.422,82.385],[-44.529,82.414]]],[[[-47.852,82.784],[-47.507,82.828],[-48.287,82.897],[-48.331,82.792],[-47.852,82.784]]],[[[-39.438,83.105],[-40.531,83.168],[-39.84,83.016],[-39.348,83.051],[-39.438,83.105]]],[[[-40.103,83.056],[-41.43,83.178],[-39.862,82.982],[-40.103,83.056]]],[[[-38.834,83.174],[-40.296,83.351],[-40.63,83.271],[-38.834,83.174]]],[[[-23.44,69.743],[-23.593,69.715],[-23.224,69.671],[-23.44,69.743]]],[[[-26.208,70.565],[-26.383,70.49],[-26.102,70.49],[-26.208,70.565]]],[[[-27.719,70.74],[-27.24,70.894],[-27.753,70.873],[-27.719,70.74]]],[[[-25.317,70.747],[-25.704,71.086],[-27.067,70.894],[-27.927,70.638],[-28.137,70.46],[-25.965,70.542],[-25.301,70.657],[-25.317,70.747]]],[[[-21.949,72.429],[-23.147,72.84],[-24.485,72.827],[-24.352,72.591],[-22.525,72.135],[-22.25,72.121],[-22.045,72.272],[-22.76,72.441],[-21.949,72.429]]],[[[-24.8,72.916],[-25.287,72.834],[-24.941,72.779],[-24.8,72.916]]],[[[-21.929,72.738],[-22.16,72.804],[-21.901,72.916],[-23.238,73.075],[-24.536,72.992],[-24.526,72.902],[-23.163,72.878],[-22.654,72.698],[-21.929,72.738]]],[[[-24.524,73.048],[-22.981,73.107],[-24.114,73.273],[-23.23,73.251],[-24.46,73.425],[-25.243,73.411],[-25.707,73.185],[-24.524,73.048]]],[[[-20.353,74.252],[-20.548,74.41],[-21.247,74.457],[-21.987,74.248],[-21.269,74.088],[-20.161,74.169],[-20.353,74.252]]],[[[-18.735,74.633],[-18.905,74.676],[-19.222,74.588],[-19.163,74.552],[-18.823,74.547],[-18.735,74.633]]],[[[-19.81,74.891],[-20.48,75.04],[-20.681,74.821],[-20.138,74.699],[-19.735,74.855],[-19.81,74.891]]],[[[-17.317,75.136],[-17.813,75.089],[-18.198,75.242],[-17.803,75.314],[-18.513,75.373],[-18.797,75.336],[-18.928,75.047],[-17.498,74.998],[-17.317,75.136]]],[[[-18.55,76.054],[-18.723,76.511],[-18.66,76.633],[-19.084,76.719],[-18.985,76.626],[-19.106,76.474],[-18.871,76.194],[-18.55,76.054]]],[[[-18.006,77.637],[-17.636,77.78],[-18.227,77.637],[-18.006,77.637]]],[[[-19.318,77.883],[-20.473,77.949],[-19.308,77.804],[-19.318,77.883]]],[[[-20.379,78.136],[-20.431,78.241],[-20.815,78.175],[-20.379,78.136]]],[[[-18.918,78.444],[-19.257,78.384],[-19.271,78.231],[-18.905,78.342],[-18.918,78.444]]],[[[-19.124,78.711],[-19.155,78.928],[-19.611,78.77],[-19.124,78.711]]],[[[-17.533,79.032],[-17.421,79.136],[-17.646,79.187],[-17.921,79.063],[-17.533,79.032]]],[[[-18.764,79.973],[-19.357,79.871],[-18.485,79.686],[-17.836,79.743],[-17.277,80.013],[-17.741,80.091],[-18.764,79.973]]],[[[-19.523,80.03],[-18.772,80.112],[-19.207,80.21],[-19.604,80.146],[-19.523,80.03]]],[[[-17.733,81.596],[-17.336,81.603],[-17.794,81.746],[-18.213,81.692],[-17.733,81.596]]],[[[-19.46,81.953],[-19.045,81.825],[-18.679,81.869],[-19.639,82.102],[-19.46,81.953]]]]}},{"type":"Feature","properties":{"name":"Fiji","iso_a2":"FJ","iso_a3":"FJI","continent":"Oceania"},"geometry":{"type":"MultiPolygon","coordinates":[[[[-180,-16.964],[-179.856,-16.693],[-180,-16.787],[-180,-16.964]]],[[[180,-16.785],[179.967,-16.858],[179.895,-16.939],[179.918,-16.999],[180,-16.963],[180,-16.785]]],[[[180,-16.149],[178.917,-16.471],[178.484,-16.76],[178.705,-16.999],[178.884,-16.858],[179.027,-16.923],[179.266,-16.69],[179.297,-16.807],[179.876,-16.769],[179.954,-16.5],[179.489,-16.708],[180,-16.149]]],[[[178.43,-18.955],[178.191,-18.977],[178.004,-19.157],[178.497,-19.013],[178.43,-18.955]]],[[[179.346,-17.999],[179.25,-17.951],[179.311,-18.09],[179.346,-17.999]]],[[[178.776,-17.629],[178.739,-17.673],[178.768,-17.747],[178.823,-17.729],[178.817,-17.629],[178.776,-17.629]]],[[[178.711,-17.992],[178.595,-17.926],[178.602,-17.65],[178.19,-17.301],[177.622,-17.455],[177.252,-17.952],[177.336,-18.106],[177.859,-18.266],[178.711,-17.992]]],[[[179.452,-17.29],[179.379,-17.249],[179.384,-17.391],[179.452,-17.29]]]]}},{"type":"Feature","properties":{"name":"New Zealand","iso_a2":"NZ","iso_a3":"NZL","continent":"Oceania"},"geometry":{"type":"MultiPolygon","coordinates":[[[[169.25,-52.52],[169.114,-52.546],[169.195,-52.6],[169.25,-52.52]]],[[[166.243,-50.601],[166.118,-50.552],[165.887,-50.795],[166.224,-50.86],[166.149,-50.697],[166.243,-50.601]]],[[[-176.382,-43.899],[-176.285,-43.77],[-176.602,-43.708],[-176.516,-43.922],[-176.664,-44.019],[-176.608,-44.111],[-176.3,-44.043],[-176.513,-43.75],[-176.372,-43.766],[-176.382,-43.899]]],[[[168.2,-47.048],[168.179,-46.864],[167.787,-46.697],[167.817,-46.897],[167.521,-47.273],[168.2,-47.048]]],[[[166.974,-45.163],[166.891,-45.236],[167.034,-45.3],[166.974,-45.163]]],[[[173.784,-40.907],[173.964,-40.794],[173.827,-40.766],[173.784,-40.907]]],[[[172.749,-43.28],[173.287,-42.954],[173.559,-42.491],[174.286,-41.755],[174.058,-41.517],[174.133,-41.32],[174.245,-41.322],[174.211,-41],[173.707,-40.994],[173.126,-41.312],[173.017,-40.797],[172.689,-40.734],[172.641,-40.51],[172.107,-40.887],[172.071,-41.414],[171.783,-41.696],[171.468,-41.766],[171.225,-42.451],[170.858,-42.843],[169.734,-43.566],[168.858,-43.973],[168.41,-44.028],[167.836,-44.505],[167.862,-44.602],[167.204,-44.95],[167.005,-45.15],[167.079,-45.306],[166.806,-45.346],[166.703,-45.542],[166.89,-45.776],[166.49,-45.807],[166.469,-45.983],[166.629,-45.965],[166.762,-46.22],[167.698,-46.189],[167.85,-46.397],[168.216,-46.354],[168.592,-46.614],[168.845,-46.56],[169.036,-46.682],[169.635,-46.578],[170.334,-45.981],[170.787,-45.863],[170.698,-45.679],[171.203,-44.905],[171.196,-44.567],[171.346,-44.279],[172.366,-43.868],[172.417,-43.737],[172.877,-43.902],[173.106,-43.829],[173.053,-43.653],[172.804,-43.611],[172.749,-43.28]]],[[[175.538,-36.282],[175.388,-36.118],[175.357,-36.244],[175.538,-36.282]]],[[[176.954,-39.607],[176.906,-39.447],[177.065,-39.199],[177.764,-39.081],[177.869,-39.29],[177.999,-39.13],[177.883,-39.085],[177.964,-38.761],[178.295,-38.54],[178.513,-37.652],[178.032,-37.55],[177.557,-37.914],[177.146,-38.023],[175.997,-37.632],[175.791,-36.708],[175.621,-36.735],[175.562,-36.552],[175.357,-36.53],[175.503,-36.654],[175.449,-36.874],[175.596,-37.213],[175.367,-37.207],[175.241,-36.942],[174.819,-36.824],[174.723,-36.594],[174.825,-36.277],[174.497,-35.988],[174.57,-35.594],[174.333,-35.288],[174.138,-35.319],[173.888,-35.006],[173.478,-34.99],[173.455,-34.816],[173.298,-34.909],[173.123,-34.81],[172.908,-34.541],[173.013,-34.421],[172.674,-34.48],[173.144,-34.928],[173.1,-35.22],[173.37,-35.516],[173.583,-35.377],[173.407,-35.571],[174.08,-36.399],[174.203,-36.348],[174.041,-36.165],[174.441,-36.406],[174.431,-36.666],[174.182,-36.453],[174.489,-37.015],[174.833,-36.943],[174.881,-37.076],[174.704,-37.176],[174.565,-37.09],[174.85,-37.765],[174.784,-37.967],[174.887,-37.986],[174.839,-38.125],[174.705,-38.12],[174.579,-38.839],[173.853,-39.134],[173.759,-39.301],[173.851,-39.464],[174.967,-39.916],[175.184,-40.134],[175.141,-40.674],[174.609,-41.292],[174.741,-41.347],[174.89,-41.224],[174.866,-41.419],[175.182,-41.418],[175.222,-41.614],[175.967,-41.247],[176.837,-40.178],[177.036,-39.754],[176.954,-39.607]]]]}},{"type":"Feature","properties":{"name":"New Caledonia","iso_a2":"NC","iso_a3":"NCL","continent":"Oceania"},"geometry":{"type":"MultiPolygon","coordinates":[[[[167.521,-22.57],[167.425,-22.562],[167.419,-22.645],[167.507,-22.671],[167.521,-22.57]]],[[[168.138,-21.432],[167.836,-21.374],[168.035,-21.658],[168.138,-21.432]]],[[[167.432,-21.028],[167.285,-20.902],[167.308,-20.731],[167.154,-20.713],[167.067,-20.996],[167.331,-21.164],[167.432,-21.028]]],[[[167.034,-22.237],[166.411,-21.705],[165.623,-21.268],[165.218,-20.764],[164.052,-20.109],[164.04,-20.301],[164.366,-20.758],[165.291,-21.577],[166.061,-21.903],[166.478,-22.287],[166.912,-22.385],[167.034,-22.237]]]]}},{"type":"Feature","properties":{"name":"Madagascar","iso_a2":"MG","iso_a3":"MDG","continent":"Africa"},"geometry":{"type":"MultiPolygon","coordinates":[[[[44.255,-20.376],[43.813,-21.224],[43.501,-21.334],[43.223,-22.255],[43.357,-22.83],[43.758,-23.454],[43.642,-23.639],[43.673,-24.335],[44.029,-24.999],[45.136,-25.584],[45.561,-25.56],[46.238,-25.198],[46.965,-25.066],[47.138,-24.909],[47.569,-23.853],[47.901,-22.481],[49.359,-18.424],[49.498,-17.797],[49.431,-17.284],[49.625,-16.886],[49.778,-16.856],[49.723,-16.708],[49.863,-16.444],[49.638,-15.545],[49.901,-15.422],[50.168,-15.985],[50.504,-15.316],[50.211,-14.615],[49.942,-13.034],[49.563,-12.617],[49.539,-12.378],[49.249,-12.18],[49.353,-12.146],[49.26,-11.944],[48.955,-12.469],[48.771,-12.455],[48.955,-12.812],[48.747,-13.412],[48.482,-13.415],[48.532,-13.512],[48.27,-13.805],[48.084,-13.529],[47.904,-13.603],[48.045,-14.152],[47.927,-14.111],[47.927,-14.246],[47.815,-14.216],[47.71,-14.37],[47.753,-14.6],[47.482,-15.08],[47.445,-14.672],[47.092,-15.135],[47.232,-15.433],[46.967,-15.492],[47.075,-15.324],[46.971,-15.198],[46.333,-15.63],[46.365,-15.964],[46.144,-15.704],[45.694,-15.783],[45.638,-15.943],[45.379,-15.974],[45.329,-16.11],[45.266,-15.924],[44.854,-16.225],[44.453,-16.187],[44.431,-16.7],[43.929,-17.602],[44.228,-19.055],[44.484,-19.523],[44.371,-19.774],[44.479,-19.913],[44.255,-20.376]]],[[[49.956,-16.78],[49.857,-16.92],[49.909,-16.967],[49.956,-16.78]]],[[[48.332,-13.36],[48.199,-13.251],[48.206,-13.383],[48.332,-13.36]]]]}},{"type":"Feature","properties":{"name":"Philippines","iso_a2":"PH","iso_a3":"PHL","continent":"Asia"},"geometry":{"type":"MultiPolygon","coordinates":[[[[125.791,6.948],[125.782,7.135],[125.707,7.192],[125.674,7.07],[125.718,7.052],[125.754,6.918],[125.791,6.948]]],[[[122.972,7.384],[122.794,7.384],[122.817,7.295],[122.972,7.384]]],[[[126.569,7.301],[126.583,7.719],[126.406,7.833],[126.463,8.23],[126.362,8.187],[126.357,8.534],[126.111,8.607],[126.346,8.853],[126.179,9.093],[126.22,9.306],[126.076,9.24],[125.934,9.492],[125.456,9.813],[125.527,9.026],[125.227,9.079],[125.116,8.831],[124.821,9.015],[124.753,8.5],[124.406,8.608],[124.232,8.213],[123.874,8.105],[123.759,8.608],[123.478,8.695],[123.055,8.505],[122.925,8.15],[122.24,7.966],[121.899,7.057],[122.155,6.928],[122.597,7.761],[122.815,7.743],[122.831,7.55],[122.996,7.467],[123.107,7.732],[123.141,7.513],[123.419,7.372],[123.445,7.801],[123.724,7.796],[124.247,7.404],[123.975,6.965],[124.098,6.365],[124.939,5.864],[125.251,6.093],[125.181,5.798],[125.388,5.574],[125.699,6.041],[125.574,6.517],[125.378,6.674],[125.657,7.237],[125.853,7.336],[126.176,6.363],[126.255,6.767],[126.168,6.883],[126.466,7.003],[126.569,7.301]]],[[[125.295,9.971],[125.239,10.104],[125.149,10.166],[125.146,10.071],[125.295,9.971]]],[[[124.38,10.691],[124.32,10.692],[124.301,10.59],[124.39,10.641],[124.38,10.691]]],[[[124.6,11.563],[124.369,11.679],[124.459,11.495],[124.6,11.563]]],[[[122.297,18.404],[122.153,18.519],[121.853,18.288],[121.107,18.643],[120.611,18.539],[120.334,17.556],[120.436,17.008],[120.276,16.612],[120.402,16.166],[120.185,16.033],[119.813,16.368],[119.756,15.945],[119.879,15.915],[119.888,15.429],[120.09,14.794],[120.268,14.83],[120.402,14.456],[120.598,14.506],[120.545,14.837],[120.937,14.667],[120.97,14.502],[120.587,14.2],[120.62,13.847],[120.895,13.906],[121.034,13.642],[121.279,13.595],[121.725,13.969],[122.319,13.592],[122.588,13.174],[122.691,13.229],[122.498,13.652],[122.516,13.934],[123.169,13.449],[123.31,13.012],[123.725,12.845],[124.025,12.955],[123.819,12.832],[123.879,12.645],[124.095,12.557],[124.185,13.057],[123.818,13.071],[123.795,13.308],[123.529,13.627],[123.938,13.784],[123.252,14.068],[123.315,13.821],[123.108,13.722],[123.012,14.106],[122.753,14.332],[122.471,14.346],[122.17,14.14],[122.291,14.023],[122.232,13.906],[121.936,13.995],[121.732,14.188],[121.611,14.613],[121.726,14.72],[121.379,15.308],[121.637,15.723],[121.578,15.932],[122.204,16.264],[122.529,17.091],[122.157,17.619],[122.297,18.404]]],[[[120.252,5.267],[120.199,5.35],[119.819,5.06],[120.252,5.267]]],[[[120.588,6.381],[120.522,6.277],[120.583,6.262],[120.588,6.381]]],[[[122.297,6.633],[122.067,6.741],[121.815,6.593],[121.962,6.405],[122.189,6.451],[122.297,6.633]]],[[[117.085,8.058],[116.962,8.062],[117.002,7.824],[117.085,8.058]]],[[[117.326,8.323],[117.27,8.268],[117.29,8.184],[117.343,8.197],[117.355,8.303],[117.326,8.323]]],[[[124.784,9.2],[124.647,9.219],[124.788,9.083],[124.784,9.2]]],[[[123.698,9.165],[123.655,9.289],[123.48,9.172],[123.698,9.165]]],[[[126.166,9.829],[126.081,10.056],[126.019,9.782],[126.166,9.829]]],[[[124.565,9.871],[124.589,10.024],[124.185,10.145],[123.808,9.74],[123.938,9.618],[124.294,9.607],[124.585,9.732],[124.565,9.871]]],[[[125.72,9.912],[125.685,10.4],[125.522,10.317],[125.497,10.104],[125.72,9.912]]],[[[119.95,10.604],[119.85,10.645],[119.807,10.446],[119.95,10.604]]],[[[122.711,10.735],[122.529,10.591],[122.531,10.423],[122.687,10.506],[122.711,10.735]]],[[[123.575,10.831],[123.214,10.996],[123.003,10.913],[122.824,10.533],[122.879,10.118],[122.395,9.837],[122.497,9.562],[122.869,9.323],[123.033,9.035],[123.299,9.215],[123.157,9.868],[123.575,10.831]]],[[[124.047,10.834],[124.075,11.269],[123.383,9.943],[123.321,9.429],[123.488,9.567],[123.72,10.157],[123.973,10.327],[124.047,10.834]]],[[[123.801,11.179],[123.761,11.279],[123.709,11.218],[123.75,11.141],[123.801,11.179]]],[[[119.672,10.553],[119.519,10.838],[119.513,11.398],[119.32,11.001],[119.44,10.796],[119.273,10.928],[119.223,10.851],[119.345,10.724],[119.278,10.508],[118.822,10.195],[118.127,9.338],[117.656,9.058],[117.292,8.641],[117.198,8.335],[118.498,9.314],[118.774,9.934],[119.196,10.056],[119.672,10.553]]],[[[125.274,10.323],[125.006,10.797],[124.984,11.381],[124.63,11.304],[124.329,11.557],[124.397,10.954],[124.507,10.874],[124.622,11.002],[124.779,10.821],[124.78,10.152],[125.015,10.026],[124.993,10.335],[125.089,10.229],[125.274,10.323]]],[[[123.17,11.481],[122.901,11.438],[122.855,11.591],[122.622,11.509],[122.388,11.727],[121.897,11.894],[121.865,11.763],[122.107,11.658],[121.93,10.467],[122.762,10.811],[122.839,11.018],[123.131,11.183],[123.17,11.481]]],[[[120.025,11.893],[119.868,11.907],[119.955,11.68],[120.067,11.742],[120.025,11.893]]],[[[120.348,12.03],[119.867,12.232],[119.984,12.026],[120.348,12.03]]],[[[122.688,12.403],[122.423,12.463],[122.612,12.277],[122.688,12.403]]],[[[125.713,11.149],[125.471,11.603],[125.501,12.249],[125.272,12.499],[124.276,12.533],[124.493,12.098],[125.034,11.728],[124.828,11.509],[125.003,11.42],[125.001,11.29],[125.214,11.132],[125.713,11.149]]],[[[124.055,11.8],[123.882,12.213],[123.232,12.581],[123.181,11.931],[123.54,12.194],[123.712,11.954],[124.055,11.8]]],[[[122.115,12.666],[121.934,12.38],[122,12.211],[122.115,12.666]]],[[[123.787,12.376],[123.726,12.602],[123.609,12.687],[123.583,12.624],[123.733,12.406],[123.787,12.376]]],[[[123.28,12.865],[123.16,12.938],[123.118,13.025],[123.04,13.128],[122.945,13.111],[122.951,13.044],[123.036,13.004],[123.185,12.859],[123.28,12.865]]],[[[121.526,12.705],[121.549,13.091],[121.218,13.404],[120.95,13.53],[120.307,13.444],[120.642,13.183],[121.132,12.242],[121.425,12.384],[121.526,12.705]]],[[[122.102,13.417],[121.873,13.569],[121.817,13.342],[121.993,13.202],[122.102,13.417]]],[[[120.261,13.712],[120.238,13.805],[120.104,13.866],[120.092,13.795],[120.261,13.712]]],[[[124.418,13.873],[124.201,14.092],[124.026,13.67],[124.17,13.53],[124.418,13.873]]],[[[122.105,14.103],[121.945,14.233],[122.136,14.019],[122.105,14.103]]],[[[122.005,15.011],[121.844,15.045],[121.909,14.671],[122.026,14.736],[122.005,15.011]]],[[[121.971,18.985],[121.902,19.005],[121.854,18.924],[121.895,18.868],[121.991,18.961],[121.971,18.985]]],[[[121.526,19.321],[121.526,19.382],[121.396,19.403],[121.35,19.37],[121.406,19.299],[121.498,19.259],[121.526,19.321]]],[[[121.382,6.006],[121.042,6.097],[120.872,5.961],[121.281,5.859],[121.382,6.006]]]]}},{"type":"Feature","properties":{"name":"Sri Lanka","iso_a2":"LK","iso_a3":"LKA","continent":"Asia"},"geometry":{"type":"Polygon","coordinates":[[[81.876,7.092],[81.856,7.412],[81.366,8.482],[81.213,8.472],[81.232,8.651],[80.835,9.24],[80.227,9.83],[79.91,9.768],[80.427,9.5],[80.287,9.453],[80.085,9.595],[80.197,9.474],[80.053,9.392],[80.116,9.234],[79.947,8.949],[79.834,8.003],[79.728,8.111],[79.779,8.26],[79.697,8.219],[79.863,6.807],[80.104,6.127],[80.591,5.924],[81.362,6.225],[81.776,6.61],[81.876,7.092]]]}},{"type":"Feature","properties":{"name":"Curaçao","iso_a2":"CW","iso_a3":"CUW","continent":"North America"},"geometry":{"type":"Polygon","coordinates":[[[-68.781,12.098],[-69.161,12.392],[-69.079,12.204],[-68.781,12.098]]]}},{"type":"Feature","properties":{"name":"Aruba","iso_a2":"AW","iso_a3":"ABW","continent":"North America"},"geometry":{"type":"Polygon","coordinates":[[[-69.997,12.578],[-70.058,12.537],[-69.888,12.418],[-69.88,12.454],[-69.997,12.578]]]}},{"type":"Feature","properties":{"name":"The Bahamas","iso_a2":"BS","iso_a3":"BHS","continent":"North America"},"geometry":{"type":"MultiPolygon","coordinates":[[[[-73,21.452],[-72.915,21.485],[-72.991,21.562],[-73.076,21.507],[-73,21.452]]],[[[-73.139,22.363],[-72.755,22.35],[-73.063,22.445],[-73.139,22.363]]],[[[-73.647,21.062],[-73.676,20.935],[-73.226,20.953],[-73.006,21.291],[-73.647,21.062]]],[[[-73.996,22.658],[-73.913,22.595],[-73.845,22.72],[-73.996,22.658]]],[[[-74.287,22.733],[-74.016,22.72],[-74.352,22.823],[-74.287,22.733]]],[[[-75.798,23.539],[-75.856,23.567],[-75.982,23.683],[-75.988,23.601],[-75.873,23.528],[-75.798,23.539]]],[[[-74.469,24.022],[-74.427,24.083],[-74.458,24.141],[-74.53,24.1],[-74.53,24.011],[-74.469,24.022]]],[[[-77.525,23.933],[-77.607,24.218],[-77.74,24.165],[-77.675,24.303],[-77.942,24.097],[-77.643,23.755],[-77.525,23.933]]],[[[-75.315,24.217],[-75.626,24.645],[-75.757,24.66],[-75.425,24.15],[-75.315,24.217]]],[[[-77.48,24.991],[-77.379,25.002],[-77.326,25.079],[-77.456,25.077],[-77.527,25.054],[-77.48,24.991]]],[[[-78.354,24.659],[-78.443,24.625],[-78.063,24.316],[-77.719,24.5],[-78.045,25.183],[-78.214,25.185],[-78.158,25],[-78.354,24.659]]],[[[-76.161,25.166],[-76.73,25.564],[-76.713,25.447],[-76.165,25.13],[-76.211,24.901],[-76.161,25.166]]],[[[-78.59,26.536],[-77.903,26.682],[-78.576,26.695],[-78.727,26.495],[-78.59,26.536]]],[[[-77.812,26.907],[-77.517,26.852],[-77.161,26.564],[-77.223,26.146],[-77.348,26.071],[-77.227,25.885],[-77.165,26.245],[-77.015,26.316],[-77.059,26.529],[-77.511,26.87],[-77.812,26.907]]]]}},{"type":"Feature","properties":{"name":"Turks and Caicos Islands","iso_a2":"TC","iso_a3":"TCA","continent":"North America"},"geometry":{"type":"MultiPolygon","coordinates":[[[[-71.803,21.788],[-71.741,21.795],[-71.631,21.774],[-71.679,21.842],[-71.809,21.84],[-71.803,21.788]]],[[[-72.022,21.905],[-71.903,21.867],[-71.911,21.948],[-72.008,21.959],[-72.022,21.905]]]]}},{"type":"Feature","properties":{"name":"Japan","iso_a2":"JP","iso_a3":"JPN","continent":"Asia"},"geometry":{"type":"MultiPolygon","coordinates":[[[[129.783,31.8],[129.659,31.642],[129.729,31.644],[129.783,31.8]]],[[[131.66,32.477],[131.982,32.889],[131.822,33.244],[131.51,33.273],[131.737,33.485],[131.667,33.667],[131.081,33.635],[130.993,33.898],[130.684,33.934],[130.454,33.808],[130.391,33.605],[130.16,33.63],[130.156,33.525],[129.855,33.533],[129.808,33.348],[129.58,33.371],[129.552,33.226],[129.946,33.016],[129.986,32.863],[129.794,32.875],[129.682,33.094],[129.632,32.979],[129.895,32.663],[130.094,32.795],[130.21,32.733],[130.182,32.592],[130.342,32.667],[130.339,32.857],[130.132,33.102],[130.219,33.16],[130.365,33.14],[130.593,32.816],[130.562,32.427],[130.18,32.094],[130.171,31.79],[130.336,31.626],[130.222,31.246],[130.64,31.187],[130.521,31.432],[130.686,31.726],[130.804,31.687],[130.638,31.623],[130.795,31.344],[130.725,31.047],[131.06,31.225],[131.072,31.45],[131.346,31.395],[131.66,32.477]]],[[[134.69,33.828],[134.594,34.232],[134.153,34.386],[133.673,34.223],[133.511,33.965],[133.127,33.933],[132.942,34.141],[132.381,33.466],[132.537,33.243],[132.472,32.934],[132.915,32.778],[133.269,33.347],[133.608,33.516],[133.925,33.494],[134.19,33.248],[134.273,33.508],[134.69,33.828]]],[[[133.422,34.445],[133.936,34.451],[134.248,34.718],[134.519,34.76],[135.046,34.625],[135.341,34.709],[135.414,34.558],[135.061,34.267],[135.187,34.136],[135.066,33.886],[135.392,33.714],[135.445,33.551],[135.766,33.482],[136.273,33.971],[136.299,34.154],[136.846,34.308],[136.916,34.434],[136.52,34.681],[136.726,35.027],[136.88,35.044],[136.916,34.776],[136.939,34.861],[137.298,34.797],[137.016,34.579],[137.428,34.668],[138.19,34.601],[138.554,35.096],[138.803,35.122],[138.908,35.031],[138.786,35.026],[138.835,34.596],[139.141,34.871],[139.146,35.235],[139.415,35.319],[139.728,35.207],[139.657,35.377],[139.95,35.673],[140.072,35.543],[139.824,35.328],[139.868,35.013],[139.779,34.954],[139.926,34.907],[140.135,35.123],[140.321,35.13],[140.484,35.566],[140.842,35.742],[140.564,36.283],[141.008,37.134],[140.967,38.171],[141.098,38.372],[141.525,38.36],[141.531,38.781],[141.638,38.985],[141.909,39.11],[141.905,39.331],[142.069,39.541],[141.744,40.384],[141.437,40.67],[141.458,41.378],[140.907,41.501],[140.837,41.418],[140.798,41.129],[141.206,41.265],[141.271,41.185],[141.111,40.873],[140.673,40.896],[140.643,41.171],[140.333,41.237],[140.271,40.812],[139.86,40.609],[140.024,40.355],[139.978,40.126],[139.698,39.989],[139.76,39.858],[140.028,39.825],[139.995,39.327],[139.432,38.169],[138.858,37.828],[138.551,37.378],[137.157,36.761],[136.988,36.871],[137.054,37.08],[136.875,37.07],[136.93,37.222],[137.351,37.446],[137.296,37.532],[136.842,37.4],[136.67,37.15],[136.768,36.981],[136.64,36.663],[136.135,36.225],[135.957,35.973],[136.1,35.776],[135.724,35.491],[135.262,35.558],[135.227,35.772],[133.417,35.457],[133.105,35.598],[132.635,35.441],[132.639,35.295],[131.858,34.715],[131.597,34.66],[131.414,34.424],[130.927,34.349],[130.862,34.113],[130.932,33.945],[131.036,34.048],[131.272,33.927],[131.742,34.056],[132.16,33.857],[132.223,34.239],[132.384,34.366],[132.656,34.199],[133.422,34.445]]],[[[145.767,43.387],[145.322,43.276],[145.075,43.754],[145.342,44.346],[144.741,43.915],[144.43,43.943],[144.215,44.112],[144.167,44.025],[144.119,44.129],[143.783,44.101],[142.982,44.587],[141.961,45.51],[141.584,45.251],[141.792,44.597],[141.641,43.938],[141.337,43.713],[141.371,43.251],[141.169,43.141],[140.36,43.325],[140.527,43.015],[140.261,42.761],[139.877,42.663],[139.768,42.311],[140.145,41.983],[139.984,41.561],[140.209,41.401],[140.642,41.815],[140.96,41.722],[141.183,41.818],[140.292,42.26],[140.526,42.581],[140.734,42.564],[141.017,42.316],[141.726,42.617],[143.253,41.942],[143.349,42.319],[143.886,42.844],[144.323,43.003],[145,42.986],[145.767,43.387]]],[[[123.815,24.392],[123.683,24.285],[123.873,24.258],[123.936,24.342],[123.815,24.392]]],[[[124.329,24.584],[124.143,24.385],[124.242,24.364],[124.329,24.584]]],[[[125.387,24.782],[125.275,24.856],[125.259,24.733],[125.387,24.782]]],[[[128.338,26.797],[128.254,26.864],[128.015,26.635],[127.885,26.696],[127.962,26.582],[127.731,26.44],[127.652,26.084],[127.797,26.14],[127.871,26.447],[128.338,26.797]]],[[[128.989,27.811],[128.895,27.891],[128.929,27.687],[128.989,27.811]]],[[[129.708,28.462],[129.331,28.366],[129.242,28.214],[129.371,28.167],[129.708,28.462]]],[[[130.675,30.375],[130.499,30.468],[130.386,30.34],[130.577,30.236],[130.675,30.375]]],[[[131.052,30.84],[130.939,30.672],[130.93,30.541],[130.851,30.47],[130.886,30.344],[130.978,30.4],[130.965,30.456],[131.036,30.557],[131.079,30.699],[131.052,30.84]]],[[[130.41,32.512],[130.363,32.527],[130.219,32.456],[130.242,32.396],[130.359,32.413],[130.41,32.512]]],[[[130.161,32.546],[130.033,32.522],[130.012,32.191],[130.203,32.339],[130.161,32.546]]],[[[128.878,32.674],[128.642,32.761],[128.663,32.602],[128.878,32.674]]],[[[129.098,32.988],[128.982,32.96],[129.048,32.91],[129.098,32.988]]],[[[129.556,33.411],[129.437,33.297],[129.343,33.18],[129.447,33.199],[129.562,33.366],[129.556,33.411]]],[[[129.776,33.773],[129.687,33.86],[129.657,33.743],[129.776,33.773]]],[[[132.555,34.071],[132.543,34.177],[132.455,34.088],[132.555,34.071]]],[[[129.313,34.28],[129.199,34.316],[129.17,34.147],[129.277,34.129],[129.313,34.28]]],[[[135.003,34.608],[134.657,34.288],[134.729,34.191],[134.958,34.27],[135.003,34.608]]],[[[129.453,34.62],[129.323,34.648],[129.272,34.376],[129.453,34.62]]],[[[139.418,34.781],[139.359,34.702],[139.454,34.679],[139.418,34.781]]],[[[133.367,36.274],[133.292,36.343],[133.188,36.216],[133.326,36.158],[133.367,36.274]]],[[[138.459,38.07],[138.519,38.307],[138.253,38.09],[138.343,37.967],[138.265,37.798],[138.487,37.892],[138.575,38.035],[138.459,38.07]]],[[[139.549,42.243],[139.414,42.173],[139.435,42.063],[139.509,42.101],[139.549,42.243]]],[[[146.882,43.859],[146.605,43.809],[146.651,43.713],[146.882,43.859]]],[[[146.469,44.429],[146.119,44.506],[145.41,43.829],[145.443,43.725],[146.469,44.429]]],[[[141.327,45.172],[141.132,45.21],[141.235,45.103],[141.327,45.172]]],[[[148.799,45.416],[148.799,45.518],[148.621,45.498],[148.07,45.251],[147.951,45.431],[147.886,45.219],[147.502,45.079],[146.873,44.49],[147.226,44.581],[147.701,45.008],[147.913,44.963],[148.799,45.416]]],[[[134.367,34.554],[134.204,34.512],[134.262,34.421],[134.367,34.554]]]]}},{"type":"Feature","properties":{"name":"Saint Pierre and Miquelon","iso_a2":"PM","iso_a3":"SPM","continent":"North America"},"geometry":{"type":"Polygon","coordinates":[[[-56.274,46.896],[-56.253,47.054],[-56.396,47.114],[-56.346,46.784],[-56.274,46.896]]]}},{"type":"Feature","properties":{"name":"Iceland","iso_a2":"IS","iso_a3":"ISL","continent":"Europe"},"geometry":{"type":"Polygon","coordinates":[[[-14.564,66.385],[-14.991,66.361],[-15.42,66.172],[-15.775,66.29],[-15.707,66.396],[-16.023,66.537],[-16.543,66.507],[-16.422,66.287],[-16.487,66.19],[-17.217,66.194],[-17.419,65.994],[-18.297,66.18],[-18.228,65.939],[-18.945,66.191],[-19.498,65.978],[-19.418,65.754],[-19.65,65.765],[-20.185,66.131],[-20.449,66.029],[-20.263,65.745],[-20.328,65.628],[-20.575,65.536],[-20.666,65.691],[-20.918,65.601],[-21.099,65.445],[-21.079,65.309],[-21.443,65.643],[-21.278,65.857],[-21.318,65.988],[-22.377,66.433],[-22.85,66.467],[-23.098,66.318],[-22.449,66.076],[-22.577,65.973],[-23.461,66.204],[-23.793,66.07],[-23.867,65.876],[-23.628,65.706],[-24.05,65.804],[-24.087,65.651],[-24.482,65.489],[-23.897,65.405],[-22.926,65.573],[-21.898,65.447],[-22.558,65.169],[-21.737,65.159],[-21.826,65.035],[-24.06,64.891],[-23.834,64.726],[-23.246,64.831],[-22.32,64.754],[-22.391,64.638],[-21.818,64.238],[-22.199,64.021],[-22.719,64.07],[-22.717,63.828],[-21.367,63.85],[-21.236,63.953],[-20.186,63.544],[-18.732,63.397],[-17.965,63.523],[-17.86,63.737],[-16.611,63.869],[-15.364,64.337],[-14.995,64.263],[-14.51,64.442],[-14.493,64.658],[-13.868,64.795],[-13.74,64.911],[-13.994,65.055],[-13.527,65.055],[-13.688,65.306],[-13.61,65.514],[-14.694,65.751],[-14.823,65.816],[-14.605,65.964],[-14.677,66.056],[-15.179,66.111],[-14.564,66.385]]]}},{"type":"Feature","properties":{"name":"Pitcairn Islands","iso_a2":"PN","iso_a3":"PCN","continent":"Oceania"},"geometry":{"type":"Polygon","coordinates":[[[-128.33,-24.324],[-128.35,-24.341],[-128.321,-24.401],[-128.29,-24.398],[-128.304,-24.335],[-128.33,-24.324]]]}},{"type":"Feature","properties":{"name":"French Polynesia","iso_a2":"PF","iso_a3":"PYF","continent":"Oceania"},"geometry":{"type":"MultiPolygon","coordinates":[[[[-140.679,-17.78],[-140.652,-17.684],[-140.823,-17.807],[-140.679,-17.78]]],[[[-149.183,-17.731],[-149.429,-17.502],[-149.642,-17.601],[-149.587,-17.731],[-149.343,-17.725],[-149.19,-17.869],[-149.183,-17.731]]],[[[-149.797,-17.464],[-149.886,-17.492],[-149.843,-17.568],[-149.797,-17.464]]],[[[-151.479,-16.738],[-151.458,-16.903],[-151.352,-16.859],[-151.479,-16.738]]],[[[-138.699,-10.426],[-138.686,-10.542],[-138.62,-10.511],[-138.637,-10.441],[-138.699,-10.426]]],[[[-138.837,-9.741],[-138.961,-9.734],[-139.051,-9.701],[-139.169,-9.761],[-139.157,-9.815],[-138.869,-9.792],[-138.837,-9.741]]],[[[-140.077,-9.323],[-140.159,-9.372],[-140.111,-9.438],[-140.063,-9.436],[-140.041,-9.351],[-140.077,-9.323]]],[[[-140.049,-8.823],[-140.217,-8.781],[-140.228,-8.927],[-140.049,-8.823]]]]}},{"type":"Feature","properties":{"name":"French Southern and Antarctic Lands","iso_a2":"TF","iso_a3":"ATF","continent":"Seven seas (open ocean)"},"geometry":{"type":"MultiPolygon","coordinates":[[[[69.192,-48.987],[69.311,-49.069],[69.411,-48.929],[69.192,-48.987]]],[[[70.549,-49.183],[70.408,-49.056],[69.712,-49.307],[69.496,-49.24],[69.658,-49.062],[69.215,-49.121],[69.084,-48.973],[69.117,-48.727],[68.957,-48.671],[68.792,-48.846],[68.902,-49.431],[68.765,-49.675],[69.281,-49.563],[70.244,-49.685],[70.296,-49.53],[69.815,-49.453],[69.946,-49.432],[69.895,-49.341],[70.464,-49.357],[70.549,-49.183]]],[[[51.834,-46.377],[51.736,-46.327],[51.668,-46.363],[51.706,-46.438],[51.824,-46.451],[51.834,-46.377]]]]}},{"type":"Feature","properties":{"name":"Seychelles","iso_a2":"SC","iso_a3":"SYC","continent":"Seven seas (open ocean)"},"geometry":{"type":"Polygon","coordinates":[[[55.402,-4.66],[55.449,-4.678],[55.517,-4.75],[55.529,-4.68],[55.459,-4.618],[55.402,-4.66]]]}},{"type":"Feature","properties":{"name":"Kiribati","iso_a2":"KI","iso_a3":"KIR","continent":"Oceania"},"geometry":{"type":"Polygon","coordinates":[[[-157.191,1.764],[-157.382,1.902],[-157.491,1.85],[-157.191,1.764]]]}},{"type":"Feature","properties":{"name":"Marshall Islands","iso_a2":"MH","iso_a3":"MHL","continent":"Oceania"},"geometry":{"type":"Polygon","coordinates":[[[171.394,7.11],[171.226,7.076],[171.263,7.068],[171.294,7.084],[171.367,7.095],[171.394,7.11]]]}},{"type":"Feature","properties":{"name":"Trinidad and Tobago","iso_a2":"TT","iso_a3":"TTO","continent":"North America"},"geometry":{"type":"MultiPolygon","coordinates":[[[[-61.002,10.699],[-60.907,10.837],[-61.602,10.748],[-61.458,10.302],[-61.817,10.081],[-60.996,10.138],[-61.002,10.699]]],[[[-60.53,11.351],[-60.669,11.303],[-60.794,11.217],[-60.803,11.143],[-60.585,11.256],[-60.533,11.267],[-60.53,11.351]]]]}},{"type":"Feature","properties":{"name":"Grenada","iso_a2":"GD","iso_a3":"GRD","continent":"North America"},"geometry":{"type":"Polygon","coordinates":[[[-61.613,12.214],[-61.73,12.167],[-61.695,12.003],[-61.613,12.214]]]}},{"type":"Feature","properties":{"name":"Saint Vincent and the Grenadines","iso_a2":"VC","iso_a3":"VCT","continent":"North America"},"geometry":{"type":"Polygon","coordinates":[[[-61.167,13.146],[-61.144,13.374],[-61.277,13.25],[-61.167,13.146]]]}},{"type":"Feature","properties":{"name":"Barbados","iso_a2":"BB","iso_a3":"BRB","continent":"North America"},"geometry":{"type":"Polygon","coordinates":[[[-59.427,13.16],[-59.654,13.295],[-59.608,13.085],[-59.427,13.16]]]}},{"type":"Feature","properties":{"name":"Saint Lucia","iso_a2":"LC","iso_a3":"LCA","continent":"North America"},"geometry":{"type":"Polygon","coordinates":[[[-60.887,14.01],[-60.933,14.112],[-61.076,13.89],[-60.941,13.722],[-60.887,14.01]]]}},{"type":"Feature","properties":{"name":"Dominica","iso_a2":"DM","iso_a3":"DMA","continent":"North America"},"geometry":{"type":"Polygon","coordinates":[[[-61.363,15.202],[-61.267,15.508],[-61.469,15.634],[-61.363,15.202]]]}},{"type":"Feature","properties":{"name":"United States Minor Outlying Islands","iso_a2":"UM","iso_a3":"UMI","continent":"North America"},"geometry":{"type":"Polygon","coordinates":[[[166.619,19.282],[166.644,19.276],[166.638,19.286],[166.619,19.282]]]}},{"type":"Feature","properties":{"name":"Montserrat","iso_a2":"MS","iso_a3":"MSR","continent":"North America"},"geometry":{"type":"Polygon","coordinates":[[[-62.147,16.744],[-62.202,16.819],[-62.23,16.728],[-62.147,16.744]]]}},{"type":"Feature","properties":{"name":"Antigua and Barbuda","iso_a2":"AG","iso_a3":"ATG","continent":"North America"},"geometry":{"type":"MultiPolygon","coordinates":[[[[-61.884,17.049],[-61.686,17.029],[-61.825,17.169],[-61.884,17.049]]],[[[-61.839,17.593],[-61.771,17.546],[-61.754,17.669],[-61.86,17.684],[-61.839,17.593]]]]}},{"type":"Feature","properties":{"name":"Saint Kitts and Nevis","iso_a2":"KN","iso_a3":"KNA","continent":"North America"},"geometry":{"type":"Polygon","coordinates":[[[-62.65,17.266],[-62.72,17.359],[-62.82,17.416],[-62.861,17.362],[-62.757,17.292],[-62.65,17.266]]]}},{"type":"Feature","properties":{"name":"United States Virgin Islands","iso_a2":"VI","iso_a3":"VIR","continent":"North America"},"geometry":{"type":"Polygon","coordinates":[[[-64.559,17.752],[-64.69,17.745],[-64.772,17.793],[-64.888,17.755],[-64.876,17.689],[-64.671,17.717],[-64.559,17.752]]]}},{"type":"Feature","properties":{"name":"Saint Barthelemy","iso_a2":"BL","iso_a3":"BLM","continent":"North America"},"geometry":{"type":"Polygon","coordinates":[[[-62.839,17.882],[-62.792,17.916],[-62.857,17.925],[-62.839,17.882]]]}},{"type":"Feature","properties":{"name":"Puerto Rico","iso_a2":"PR","iso_a3":"PRI","continent":"North America"},"geometry":{"type":"MultiPolygon","coordinates":[[[[-65.348,18.115],[-65.398,18.169],[-65.478,18.157],[-65.469,18.094],[-65.348,18.115]]],[[[-65.629,18.279],[-65.848,18.438],[-66.382,18.491],[-67.102,18.523],[-67.271,18.362],[-67.152,18.203],[-67.215,17.966],[-67.112,17.95],[-65.939,17.971],[-65.629,18.279]]]]}},{"type":"Feature","properties":{"name":"Anguilla","iso_a2":"AI","iso_a3":"AIA","continent":"North America"},"geometry":{"type":"Polygon","coordinates":[[[-63.007,18.273],[-63.038,18.268],[-63.086,18.218],[-63.011,18.22],[-63.007,18.273]]]}},{"type":"Feature","properties":{"name":"British Virgin Islands","iso_a2":"VG","iso_a3":"VGB","continent":"North America"},"geometry":{"type":"Polygon","coordinates":[[[-64.635,18.406],[-64.583,18.416],[-64.56,18.454],[-64.662,18.44],[-64.635,18.406]]]}},{"type":"Feature","properties":{"name":"Jamaica","iso_a2":"JM","iso_a3":"JAM","continent":"North America"},"geometry":{"type":"Polygon","coordinates":[[[-76.264,18.012],[-76.895,18.409],[-77.816,18.523],[-78.332,18.367],[-78.341,18.222],[-78.075,18.198],[-77.724,17.854],[-77.441,17.865],[-77.216,17.717],[-77.142,17.881],[-76.955,17.833],[-76.85,17.992],[-76.523,17.86],[-76.188,17.916],[-76.264,18.012]]]}},{"type":"Feature","properties":{"name":"Cayman Islands","iso_a2":"KY","iso_a3":"CYM","continent":"North America"},"geometry":{"type":"Polygon","coordinates":[[[-81.136,19.355],[-81.286,19.369],[-81.303,19.309],[-81.135,19.291],[-81.136,19.355]]]}},{"type":"Feature","properties":{"name":"Bermuda","iso_a2":"BM","iso_a3":"BMU","continent":"North America"},"geometry":{"type":"Polygon","coordinates":[[[-64.676,32.389],[-64.736,32.344],[-64.755,32.293],[-64.698,32.326],[-64.708,32.352],[-64.676,32.389]]]}},{"type":"Feature","properties":{"name":"Heard Island and McDonald Islands","iso_a2":"HM","iso_a3":"HMD","continent":"Seven seas (open ocean)"},"geometry":{"type":"Polygon","coordinates":[[[73.735,-53.112],[73.329,-53.025],[73.473,-53.189],[73.735,-53.112]]]}},{"type":"Feature","properties":{"name":"Saint Helena","iso_a2":"SH","iso_a3":"SHN","continent":"Seven seas (open ocean)"},"geometry":{"type":"MultiPolygon","coordinates":[[[[-5.722,-15.909],[-5.764,-16.016],[-5.663,-15.98],[-5.722,-15.909]]],[[[-14.356,-7.885],[-14.406,-7.974],[-14.295,-7.945],[-14.356,-7.885]]]]}},{"type":"Feature","properties":{"name":"Mauritius","iso_a2":"MU","iso_a3":"MUS","continent":"Seven seas (open ocean)"},"geometry":{"type":"Polygon","coordinates":[[[57.796,-20.223],[57.597,-19.983],[57.358,-20.427],[57.672,-20.48],[57.796,-20.223]]]}},{"type":"Feature","properties":{"name":"Comoros","iso_a2":"KM","iso_a3":"COM","continent":"Africa"},"geometry":{"type":"MultiPolygon","coordinates":[[[[43.789,-12.308],[43.63,-12.252],[43.681,-12.358],[43.789,-12.308]]],[[[44.529,-12.233],[44.484,-12.085],[44.331,-12.236],[44.529,-12.355],[44.529,-12.233]]],[[[43.467,-11.822],[43.399,-11.418],[43.277,-11.38],[43.213,-11.726],[43.438,-11.932],[43.467,-11.822]]]]}},{"type":"Feature","properties":{"name":"São Tomé and Principe","iso_a2":"ST","iso_a3":"STP","continent":"Africa"},"geometry":{"type":"MultiPolygon","coordinates":[[[[6.681,0.407],[6.462,0.222],[6.516,0.034],[6.74,0.219],[6.681,0.407]]],[[[7.463,1.675],[7.403,1.7],[7.333,1.565],[7.426,1.563],[7.463,1.675]]]]}},{"type":"Feature","properties":{"name":"Cabo Verde","iso_a2":"CV","iso_a3":"CPV","continent":"Africa"},"geometry":{"type":"MultiPolygon","coordinates":[[[[-24.296,14.918],[-24.403,15.038],[-24.526,14.925],[-24.376,14.816],[-24.296,14.918]]],[[[-23.457,15.024],[-23.697,15.266],[-23.786,15.175],[-23.676,14.936],[-23.494,14.919],[-23.457,15.024]]],[[[-23.128,15.312],[-23.246,15.271],[-23.183,15.119],[-23.128,15.312]]],[[[-22.682,16.114],[-22.924,16.213],[-22.945,16.02],[-22.682,16.114]]],[[[-24.067,16.614],[-24.423,16.662],[-24.333,16.495],[-24.067,16.614]]],[[[-22.929,16.593],[-22.895,16.829],[-22.991,16.816],[-22.929,16.593]]],[[[-24.92,16.895],[-25.09,16.848],[-24.995,16.786],[-24.92,16.895]]],[[[-25.047,17.035],[-24.971,17.107],[-25.103,17.197],[-25.355,17.039],[-25.299,16.917],[-25.047,17.035]]]]}},{"type":"Feature","properties":{"name":"Malta","iso_a2":"MT","iso_a3":"MLT","continent":"Europe"},"geometry":{"type":"Polygon","coordinates":[[[14.548,35.89],[14.322,35.973],[14.425,35.824],[14.548,35.89]]]}},{"type":"Feature","properties":{"name":"Jersey","iso_a2":"JE","iso_a3":"JEY","continent":"Europe"},"geometry":{"type":"Polygon","coordinates":[[[-2.083,49.26],[-2.242,49.248],[-2.025,49.171],[-2.083,49.26]]]}},{"type":"Feature","properties":{"name":"Guernsey","iso_a2":"GG","iso_a3":"GGY","continent":"Europe"},"geometry":{"type":"Polygon","coordinates":[[[-2.58,49.494],[-2.669,49.431],[-2.534,49.436],[-2.58,49.494]]]}},{"type":"Feature","properties":{"name":"Isle of Man","iso_a2":"IM","iso_a3":"IMN","continent":"Europe"},"geometry":{"type":"Polygon","coordinates":[[[-4.612,54.057],[-4.312,54.287],[-4.442,54.404],[-4.771,54.097],[-4.612,54.057]]]}},{"type":"Feature","properties":{"name":"Aland","iso_a2":"AX","iso_a3":"ALA","continent":"Europe"},"geometry":{"type":"Polygon","coordinates":[[[20.209,60.225],[20.278,60.279],[20.093,60.355],[19.683,60.264],[19.748,60.101],[20.209,60.225]]]}},{"type":"Feature","properties":{"name":"Faroe Islands","iso_a2":"FO","iso_a3":"FRO","continent":"Europe"},"geometry":{"type":"MultiPolygon","coordinates":[[[[-6.655,61.396],[-6.737,61.579],[-6.923,61.566],[-6.655,61.396]]],[[[-6.612,61.821],[-6.667,61.866],[-6.907,61.91],[-6.868,61.839],[-6.612,61.821]]],[[[-7.384,62.095],[-7.185,62.027],[-7.038,62.089],[-7.286,62.155],[-7.384,62.095]]],[[[-7.223,62.171],[-6.716,62.034],[-7.073,62.29],[-7.19,62.31],[-7.223,62.171]]],[[[-7.055,62.29],[-6.592,62.117],[-6.941,62.337],[-7.055,62.29]]],[[[-6.537,62.191],[-6.387,62.26],[-6.551,62.308],[-6.537,62.191]]]]}},{"type":"Feature","properties":{"name":"Indian Ocean Territories","iso_a2":"-99","iso_a3":"-99","continent":"Asia"},"geometry":{"type":"Polygon","coordinates":[[[105.704,-10.431],[105.628,-10.509],[105.698,-10.529],[105.704,-10.431]]]}},{"type":"Feature","properties":{"name":"British Indian Ocean Territory","iso_a2":"IO","iso_a3":"IOT","continent":"Seven seas (open ocean)"},"geometry":{"type":"Polygon","coordinates":[[[72.468,-7.384],[72.433,-7.425],[72.439,-7.34],[72.433,-7.316],[72.371,-7.27],[72.379,-7.297],[72.426,-7.323],[72.433,-7.347],[72.427,-7.404],[72.433,-7.432],[72.481,-7.391],[72.468,-7.384]]]}},{"type":"Feature","properties":{"name":"Singapore","iso_a2":"SG","iso_a3":"SGP","continent":"Asia"},"geometry":{"type":"Polygon","coordinates":[[[103.961,1.391],[103.805,1.449],[103.648,1.308],[103.844,1.269],[103.961,1.391]]]}},{"type":"Feature","properties":{"name":"Norfolk Island","iso_a2":"NF","iso_a3":"NFK","continent":"Oceania"},"geometry":{"type":"Polygon","coordinates":[[[167.984,-29.018],[167.927,-28.997],[167.926,-29.066],[167.985,-29.059],[167.984,-29.018]]]}},{"type":"Feature","properties":{"name":"Cook Islands","iso_a2":"CK","iso_a3":"COK","continent":"Oceania"},"geometry":{"type":"Polygon","coordinates":[[[-159.798,-21.186],[-159.833,-21.245],[-159.743,-21.254],[-159.743,-21.202],[-159.798,-21.186]]]}},{"type":"Feature","properties":{"name":"Tonga","iso_a2":"TO","iso_a3":"TON","continent":"Oceania"},"geometry":{"type":"MultiPolygon","coordinates":[[[[-173.956,-18.567],[-174.011,-18.578],[-174.059,-18.663],[-173.963,-18.663],[-173.956,-18.567]]],[[[-174.915,-21.292],[-174.984,-21.398],[-174.914,-21.444],[-174.915,-21.292]]],[[[-175.065,-21.124],[-175.365,-21.114],[-175.149,-21.268],[-175.065,-21.124]]]]}},{"type":"Feature","properties":{"name":"Wallis and Futuna","iso_a2":"WF","iso_a3":"WLF","continent":"Oceania"},"geometry":{"type":"Polygon","coordinates":[[[-178.142,-14.244],[-178.147,-14.31],[-178.047,-14.319],[-178.142,-14.244]]]}},{"type":"Feature","properties":{"name":"Samoa","iso_a2":"WS","iso_a3":"WSM","continent":"Oceania"},"geometry":{"type":"MultiPolygon","coordinates":[[[[-172.201,-13.592],[-172.366,-13.463],[-172.766,-13.51],[-172.523,-13.805],[-172.213,-13.801],[-172.201,-13.592]]],[[[-171.564,-13.949],[-171.88,-13.805],[-172.061,-13.906],[-171.466,-14.053],[-171.564,-13.949]]]]}},{"type":"Feature","properties":{"name":"Solomon Islands","iso_a2":"SB","iso_a3":"SLB","continent":"Oceania"},"geometry":{"type":"MultiPolygon","coordinates":[[[[160.504,-11.736],[159.963,-11.521],[160.483,-11.845],[160.504,-11.736]]],[[[162.375,-10.824],[162.114,-10.456],[161.292,-10.226],[161.792,-10.735],[162.375,-10.824]]],[[[161.395,-9.413],[161.395,-9.649],[161.573,-9.749],[161.395,-9.413]]],[[[160.826,-9.837],[160.366,-9.413],[159.94,-9.433],[159.709,-9.248],[159.616,-9.295],[159.599,-9.512],[159.836,-9.794],[160.645,-9.937],[160.826,-9.837]]],[[[160.254,-9.159],[160.366,-9.186],[160.359,-9.111],[160.254,-9.159]]],[[[160.097,-9.057],[160.258,-9.121],[160.301,-9.062],[160.258,-9.009],[160.148,-9.009],[160.097,-9.057]]],[[[159.167,-9.018],[159.116,-8.999],[159.039,-9.068],[159.1,-9.118],[159.162,-9.09],[159.167,-9.018]]],[[[157.616,-8.734],[157.55,-8.692],[157.477,-8.739],[157.622,-8.796],[157.616,-8.734]]],[[[158.057,-8.528],[157.886,-8.597],[157.948,-8.751],[158.106,-8.691],[158.057,-8.528]]],[[[157.359,-8.577],[157.348,-8.412],[157.201,-8.566],[157.359,-8.577]]],[[[159.689,-8.508],[159.647,-8.468],[159.644,-8.4],[159.558,-8.389],[159.539,-8.459],[159.636,-8.529],[159.689,-8.508]]],[[[161.361,-9.618],[161.151,-8.95],[160.947,-8.814],[160.997,-8.604],[160.747,-8.31],[160.601,-8.325],[160.868,-9.152],[161.361,-9.618]]],[[[157.797,-8.562],[157.903,-8.499],[157.838,-8.337],[157.579,-8.005],[157.383,-8.031],[157.228,-8.317],[157.567,-8.276],[157.578,-8.436],[157.797,-8.562]]],[[[156.611,-8.073],[156.536,-8.069],[156.578,-8.187],[156.619,-8.146],[156.611,-8.073]]],[[[157.105,-8.125],[157.202,-8.048],[157.091,-7.85],[156.947,-7.98],[157.105,-8.125]]],[[[156.807,-7.72],[156.611,-7.569],[156.504,-7.63],[156.66,-7.939],[156.807,-7.72]]],[[[155.817,-7.021],[155.675,-7.076],[155.858,-7.093],[155.817,-7.021]]],[[[166.924,-11.641],[166.767,-11.633],[166.984,-11.71],[166.924,-11.641]]],[[[166.148,-10.694],[165.878,-10.657],[165.757,-10.812],[165.862,-10.868],[166.148,-10.694]]],[[[158.486,-7.61],[158.379,-7.563],[158.362,-7.638],[158.486,-7.61]]],[[[159.859,-8.511],[159.842,-8.326],[159.403,-7.982],[158.452,-7.532],[158.846,-7.973],[159.859,-8.511]]],[[[157.776,-7.408],[157.722,-7.384],[157.679,-7.448],[157.797,-7.473],[157.776,-7.408]]],[[[157.53,-7.333],[157.303,-7.266],[157.043,-6.897],[156.548,-6.61],[156.447,-6.665],[157.104,-7.332],[157.442,-7.414],[157.53,-7.333]]]]}},{"type":"Feature","properties":{"name":"Tuvalu","iso_a2":"TV","iso_a3":"TUV","continent":"Oceania"},"geometry":{"type":"Polygon","coordinates":[[[179.191,-8.542],[179.218,-8.521],[179.204,-8.519],[179.191,-8.542]]]}},{"type":"Feature","properties":{"name":"Maldives","iso_a2":"MV","iso_a3":"MDV","continent":"Seven seas (open ocean)"},"geometry":{"type":"Polygon","coordinates":[[[73.546,4.243],[73.512,4.186],[73.538,4.183],[73.546,4.243]]]}},{"type":"Feature","properties":{"name":"Nauru","iso_a2":"NR","iso_a3":"NRU","continent":"Oceania"},"geometry":{"type":"Polygon","coordinates":[[[166.939,-0.49],[166.913,-0.5],[166.916,-0.547],[166.958,-0.518],[166.939,-0.49]]]}},{"type":"Feature","properties":{"name":"Federated States of Micronesia","iso_a2":"FM","iso_a3":"FSM","continent":"Oceania"},"geometry":{"type":"Polygon","coordinates":[[[158.291,6.938],[158.126,6.907],[158.194,6.793],[158.293,6.795],[158.291,6.938]]]}},{"type":"Feature","properties":{"name":"South Georgia and the Islands","iso_a2":"GS","iso_a3":"SGS","continent":"Seven seas (open ocean)"},"geometry":{"type":"MultiPolygon","coordinates":[[[[-26.26,-58.437],[-26.312,-58.382],[-26.431,-58.385],[-26.43,-58.452],[-26.26,-58.437]]],[[[-35.909,-54.687],[-36.261,-54.285],[-36.676,-54.249],[-36.622,-54.12],[-37.492,-54],[-37.724,-54.133],[-37.388,-54.148],[-37.368,-54.277],[-36.542,-54.496],[-36.102,-54.887],[-35.887,-54.784],[-35.909,-54.687]]]]}},{"type":"Feature","properties":{"name":"Falkland Islands","iso_a2":"FK","iso_a3":"FLK","continent":"South America"},"geometry":{"type":"MultiPolygon","coordinates":[[[[-60.948,-51.947],[-60.879,-51.859],[-60.982,-51.777],[-61.122,-51.826],[-60.948,-51.947]]],[[[-59.632,-51.741],[-59.256,-51.387],[-60.03,-51.392],[-60.153,-51.487],[-60.606,-51.344],[-60.249,-51.612],[-60.61,-51.743],[-60.18,-51.707],[-60.867,-52.115],[-60.537,-52.217],[-59.632,-51.741]]],[[[-60.17,-51.392],[-60.074,-51.3],[-60.206,-51.303],[-60.17,-51.392]]],[[[-57.816,-51.693],[-57.781,-51.619],[-58.145,-51.543],[-57.803,-51.549],[-57.906,-51.377],[-58.227,-51.392],[-58.29,-51.568],[-58.481,-51.301],[-58.901,-51.278],[-58.874,-51.372],[-59.125,-51.457],[-59.014,-51.492],[-59.073,-51.685],[-59.581,-51.911],[-59.628,-52.111],[-59.467,-52.296],[-59.386,-52.112],[-59.049,-52.212],[-59.2,-52.008],[-58.729,-52.051],[-58.604,-52.002],[-58.758,-51.891],[-57.816,-51.693]]]]}},{"type":"Feature","properties":{"name":"Vanuatu","iso_a2":"VU","iso_a3":"VUT","continent":"Oceania"},"geometry":{"type":"MultiPolygon","coordinates":[[[[169.84,-20.141],[169.738,-20.209],[169.83,-20.253],[169.84,-20.141]]],[[[169.433,-19.493],[169.243,-19.342],[169.219,-19.49],[169.436,-19.657],[169.433,-19.493]]],[[[169.337,-18.935],[169.038,-18.629],[168.987,-18.877],[169.337,-18.935]]],[[[168.55,-17.691],[168.323,-17.533],[168.179,-17.656],[168.396,-17.823],[168.55,-17.691]]],[[[168.192,-16.814],[168.464,-16.778],[168.154,-16.579],[168.192,-16.814]]],[[[168.182,-16.348],[168.321,-16.283],[168.172,-16.08],[167.926,-16.22],[168.182,-16.348]]],[[[167.813,-16.419],[167.336,-15.909],[167.185,-15.891],[167.148,-16.083],[167.322,-16.115],[167.459,-16.568],[167.813,-16.419]]],[[[167.206,-15.751],[167.234,-15.641],[167.127,-15.621],[167.206,-15.751]]],[[[168.186,-15.518],[168.12,-15.663],[168.255,-15.976],[168.186,-15.518]]],[[[167.94,-15.392],[167.977,-15.278],[167.682,-15.432],[167.94,-15.392]]],[[[168.096,-14.98],[168.13,-15.158],[168.131,-15.395],[168.179,-15.395],[168.192,-15.206],[168.172,-15.173],[168.141,-14.96],[168.096,-14.98]]],[[[167.141,-15.536],[167.233,-15.524],[167.065,-14.939],[166.802,-15.152],[166.737,-14.829],[166.556,-14.646],[166.616,-15.385],[166.793,-15.656],[167.141,-15.536]]],[[[167.515,-14.141],[167.431,-14.318],[167.596,-14.242],[167.515,-14.141]]],[[[167.453,-13.919],[167.489,-13.708],[167.389,-13.804],[167.453,-13.919]]]]}},{"type":"Feature","properties":{"name":"Niue","iso_a2":"NU","iso_a3":"NIU","continent":"Oceania"},"geometry":{"type":"Polygon","coordinates":[[[-169.851,-18.965],[-169.896,-18.965],[-169.95,-19.087],[-169.899,-19.143],[-169.824,-19.102],[-169.794,-19.047],[-169.851,-18.965]]]}},{"type":"Feature","properties":{"name":"American Samoa","iso_a2":"AS","iso_a3":"ASM","continent":"Oceania"},"geometry":{"type":"Polygon","coordinates":[[[-170.591,-14.265],[-170.661,-14.252],[-170.831,-14.319],[-170.755,-14.367],[-170.684,-14.303],[-170.591,-14.265]]]}},{"type":"Feature","properties":{"name":"Palau","iso_a2":"PW","iso_a3":"PLW","continent":"Oceania"},"geometry":{"type":"Polygon","coordinates":[[[134.648,7.719],[134.635,7.629],[134.569,7.614],[134.488,7.47],[134.524,7.361],[134.594,7.421],[134.658,7.591],[134.648,7.719]]]}},{"type":"Feature","properties":{"name":"Guam","iso_a2":"GU","iso_a3":"GUM","continent":"Oceania"},"geometry":{"type":"Polygon","coordinates":[[[144.886,13.64],[144.655,13.439],[144.681,13.247],[144.886,13.64]]]}},{"type":"Feature","properties":{"name":"Northern Mariana Islands","iso_a2":"MP","iso_a3":"MNP","continent":"Oceania"},"geometry":{"type":"MultiPolygon","coordinates":[[[[145.647,15.072],[145.579,15.018],[145.607,14.928],[145.668,14.983],[145.647,15.072]]],[[[145.788,15.267],[145.698,15.203],[145.739,15.137],[145.788,15.267]]]]}},{"type":"Feature","properties":{"name":"Bahrain","iso_a2":"BH","iso_a3":"BHR","continent":"Asia"},"geometry":{"type":"Polygon","coordinates":[[[50.552,26.194],[50.461,26.225],[50.461,25.985],[50.604,25.855],[50.552,26.194]]]}},{"type":"Feature","properties":{"name":"Coral Sea Islands","iso_a2":"-99","iso_a3":"-99","continent":"Oceania"},"geometry":{"type":"Polygon","coordinates":[[[154.391,-21.03],[154.391,-21.029],[154.389,-21.029],[154.391,-21.03]]]}},{"type":"Feature","properties":{"name":"Clipperton Island","iso_a2":"-99","iso_a3":"-99","continent":"Seven seas (open ocean)"},"geometry":{"type":"Polygon","coordinates":[[[-109.212,10.303],[-109.234,10.308],[-109.219,10.282],[-109.212,10.303]]]}},{"type":"Feature","properties":{"name":"Macao S.A.R","iso_a2":"MO","iso_a3":"MAC","continent":"Asia"},"geometry":{"type":"Polygon","coordinates":[[[113.559,22.163],[113.534,22.161],[113.547,22.105],[113.567,22.123],[113.559,22.163]]]}},{"type":"Feature","properties":{"name":"Ashmore and Cartier Islands","iso_a2":"-99","iso_a3":"-99","continent":"Oceania"},"geometry":{"type":"Polygon","coordinates":[[[123.597,-12.428],[123.575,-12.427],[123.576,-12.437],[123.598,-12.439],[123.597,-12.428]]]}},{"type":"Feature","properties":{"name":"Scarborough Reef","iso_a2":"-99","iso_a3":"-99","continent":"Asia"},"geometry":{"type":"Polygon","coordinates":[[[117.754,15.154],[117.752,15.152],[117.754,15.15],[117.756,15.152],[117.754,15.154]]]}}]}
